fecha,hora,tienda,nombre,enlace,precio_actual,precio_normal,hay_stock,cantidad
2026-09-21,09:25:15,airsoftdefence,Combo Green Gas Y spray de silicona,https://airsoftdefence.com/producto/combo-green-gas-y-spray-de-silicona/,14980,19980,si,N/A
2026-09-21,09:25:15,airsoftdefence,Combo Gas ASG + Balines 0.30 Alpha Series Premium Grade,https://airsoftdefence.com/producto/combo-gas-asg-balines-0-30-alpha-series-premium-grade/,20990,27980,si,N/A
2026-09-21,09:25:15,airsoftdefence,LEVIATHAN ARMS HI CAPA 5.1 CON RED DOT PACK,https://airsoftdefence.com/producto/leviathan-arms-hi-capa-5-1-con-red-dot-pack/,190492,253990,si,N/A
2026-09-21,09:25:15,airsoftdefence,LEVIATHAN ARMS HI CAPA 4.3 CON RED DOT PACK,https://airsoftdefence.com/producto/leviathan-arms-hi-capa-4-3-con-red-dot-pack/,190492,253990,si,N/A
2026-09-21,09:25:15,airsoftdefence,LEVIATHAN ARMS HI CAPA 3.8 2 TONOS PACK,https://airsoftdefence.com/producto/leviathan-arms-hi-capa-3-8-2-tonos-pack/,137992,183990,si,N/A
2026-09-21,09:25:15,airsoftdefence,LEVIATHAN ARMS HI CAPA 4.3 2 TONOS PACK,https://airsoftdefence.com/producto/leviathan-arms-hi-capa-4-3-2-tonos-pack/,137992,183990,si,N/A
2026-09-21,09:25:15,airsoftdefence,LEVIATHAN ARMS HI CAPA 4.3 BK PACK,https://airsoftdefence.com/producto/leviathan-arms-hi-capa-4-3-bk-pack/,137992,183990,si,N/A
2026-09-21,09:25:15,airsoftdefence,EMERSON MOCHILA COMMUTER COYOTE,https://airsoftdefence.com/producto/emerson-mochila-commuter-coyote/,35990,65990,si,4
2026-09-21,09:25:15,airsoftdefence,BIGDRAGON CAJA PORTA PISTOLA NEGRA,https://airsoftdefence.com/producto/bigdragon-caja-porta-pistola-negra/,24990,24990,si,3
2026-09-21,09:25:15,airsoftdefence,Rifle Sniper S03 CORE™ Kit,https://airsoftdefence.com/producto/rifle-sniper-s03-core-kit/,199990,239990,si,N/A
2026-09-21,09:25:15,airsoftdefence,ACM Flash Hider Saint Black 14mm CCV,https://airsoftdefence.com/producto/acm-flash-hider-saint-black-14mm-ccv/,19990,19990,si,9
2026-09-21,09:25:15,airsoftdefence,ACM Flash Hider SLR Black,https://airsoftdefence.com/producto/acm-flash-hider-slr-black/,16990,16990,si,10
2026-09-21,09:25:15,airsoftdefence,ACM Flash Hider Ghost Black,https://airsoftdefence.com/producto/acm-flash-hider-ghost-black/,12990,12990,si,8
2026-09-21,09:25:15,airsoftdefence,BIGDRAGON Bateria FireFox 7.4v 1200mah 20C 2,https://airsoftdefence.com/producto/yzh-bateria-firefox-7-4v-1200mah-20c-2/,15990,21990,si,4
2026-09-21,09:25:15,airsoftdefence,BIGDRAGON Bateria FireFox 7.4v 1200mah 20C,https://airsoftdefence.com/producto/yzh-bateria-firefox-7-4v-1200mah-20c/,15990,21990,si,10
2026-09-21,09:25:15,airsoftdefence,ADDPRO Bateria Lipo 7.4V 1200mAh 15C LiPO Bipanel (1+1) 130x10x20mm T-Dean,https://airsoftdefence.com/producto/addpro-bateria-lipo-7-4v-1200mah-15c-lipo-bipanel-11-130x10x20mm-t-dean/,16990,19990,si,22
2026-09-21,09:25:15,airsoftdefence,ICS MK-90 IK Magazine,https://airsoftdefence.com/producto/ics-mk-90-ik-magazine/,29990,29990,si,4
2026-09-21,09:25:15,airsoftdefence,DEVGRU Low-Cap Naranjo Magazine AK74 Series (77 Rd),https://airsoftdefence.com/producto/devgru-low-cap-naranjo-magazine-ak74-series-77-rd/,8500,16990,si,9
2026-09-21,09:25:15,airsoftdefence,SPECNA ARMS Magazine Highcap 300rds Metal TAN,https://airsoftdefence.com/producto/specna-arms-magazine-highcap-300rds-metal-tan/,12990,12990,si,3
2026-09-21,09:25:15,airsoftdefence,SPECNA ARMS-H03 ONE? Kestrel? ETU,https://airsoftdefence.com/producto/airsoft-rifle-specna-arms-sa-h03-one-kestrel-etu/,349990,429990,si,1
2026-09-21,09:25:15,airsoftdefence,SPECNA ARMS M4 -F14 FLEX GATE -ASR HT,https://airsoftdefence.com/producto/sa-m4-f14-flex-gate-asr-ht/,139990,139990,si,1
2026-09-21,09:25:15,airsoftdefence,SPECNA ARMS Flex01 M4 Gen2 Gate X-ASR,https://airsoftdefence.com/producto/sa-flex01-m4-gen2-gate-x-asr/,154990,154990,si,1
2026-09-21,09:25:15,airsoftdefence,SPECNA ARMS AK J02 Prime Aster V3 ETU Bluetooth,https://airsoftdefence.com/producto/sa-ak-j02-prime-aster-v3-etu-bluetooth/,499990,499990,si,1
2026-09-21,09:25:15,airsoftdefence,POSEIDON Orion 2 performance black,https://airsoftdefence.com/producto/orion-2-performance-black/,189990,220490,si,1
2026-09-21,09:25:15,airsoftdefence,POSEIDON MIX Series P2-BB,https://airsoftdefence.com/producto/mix-series-p2-bb-poseidon/,159990,184990,si,1
2026-09-21,09:25:15,airsoftdefence,SPECNA ARMS M4-C10 CORE HAL ETU,https://airsoftdefence.com/producto/sa-m4-c10-core-hal-etu/,144990,194960,si,1
2026-09-21,09:25:15,airsoftdefence,SPECNA ARMS M4 -K04 ONE? Kestrel? ETU,https://airsoftdefence.com/producto/sa-m4-k04-one-kestrel-etu/,299990,379990,si,1
2026-09-21,09:25:15,airsoftdefence,SPECNA ARMS M4 FX01 FLEX ETU Gen2,https://airsoftdefence.com/producto/sa-m4-fx01-flex-etu-gen2/,159990,169990,si,1
2026-09-21,09:25:15,airsoftdefence,SPECNA ARMS Flex08 Gen2 ETU,https://airsoftdefence.com/producto/sa-flex08-gen2-etu/,169990,169990,si,1
2026-09-21,09:25:15,airsoftdefence,SPECNA ARMS M4 C24 Core ETU Gen2,https://airsoftdefence.com/producto/sa-m4-c24-core-etu-gen2/,229990,229990,si,1
2026-09-21,09:25:15,airsoftdefence,SPECNA ARMS M4-F03 FLEX GATE X-ASR,https://airsoftdefence.com/producto/sa-m4-f03-flex-gate-x-asr/,139990,139990,si,1
2026-09-21,09:25:15,airsoftdefence,SPECNA ARMS M4-C12 CORE? HAL ETU?,https://airsoftdefence.com/producto/sa-m4-c12-core-hal-etu/,149990,174990,si,1
2026-09-21,09:25:15,airsoftdefence,SPECNA ARMS M4 E21 2.0 CHAOS BRONZE,https://airsoftdefence.com/producto/sa-m4-e21-2-0-chaos-bronze/,319990,319990,si,1
2026-09-21,09:25:15,airsoftdefence,SPECNA ARMS M4-F01 FLEX GATE X-ASR Negro,https://airsoftdefence.com/producto/sa-m4-f01-flex-gate-x-asr-negro/,119990,229990,si,1
2026-09-21,09:25:15,airsoftdefence,SPECNA ARMS H23 EDGE 2.0? – negro,https://airsoftdefence.com/producto/sa-h23-edge-2-0-negro/,299990,299990,si,1
2026-09-21,09:25:15,airsoftdefence,SPECNA ARMS M4-E03 EDGE 2.0? – negro,https://airsoftdefence.com/producto/sa-m4-e03-edge-2-0-negro/,284990,284990,si,1
2026-09-21,09:25:15,airsoftdefence,EMERSON Mochila LXB para chaleco 420/ MC,https://airsoftdefence.com/producto/yzh-mochila-lxb-para-chaleco-420-mc/,32990,32990,si,16
2026-09-21,09:25:15,airsoftdefence,EMERSON GEAR Mochila 18L Lightweight 1 Day Hiking Backpack KH,https://airsoftdefence.com/producto/emerson-gear-mochila-18l-lightweight-1-day-hiking-backpack-kh/,35990,65990,si,3
2026-09-21,09:25:15,airsoftdefence,EARMOR PROTECTOR AUDITIVO M-06A – Coyote,https://airsoftdefence.com/producto/earmor-protector-auditivo-m-06a-coyote/,8990,19990,si,5
2026-09-21,09:25:15,airsoftdefence,EARMOR PROTECTOR AUDITIVO M-06A – Negro,https://airsoftdefence.com/producto/earmor-protector-auditivo-m-06a-negro/,8990,19990,si,12
2026-09-21,09:25:15,airsoftdefence,EMERSON CINTURON EMERSON CQB [MC]L,https://airsoftdefence.com/producto/yzh-cinturon-emerson-cqb-mcl/,19990,19990,si,15
2026-09-21,09:25:15,airsoftdefence,EMERSON Polera Entrenamiento OD/ S,https://airsoftdefence.com/producto/yzh-polera-entrenamiento-od-s/,27990,27990,si,1
2026-09-21,09:25:15,airsoftdefence,EMERSON POLERA G3 HLD/ XL,https://airsoftdefence.com/producto/yzh-polera-g3-hld-xl/,23990,23990,si,2
2026-09-21,09:25:15,airsoftdefence,EMERSON POLERA GEN3 TYP/ XL,https://airsoftdefence.com/producto/yzh-polera-gen3-typ-xl/,23990,23990,si,2
2026-09-21,09:25:15,airsoftdefence,EMERSON GORRA DE ASALTO TACTICO MULTICAM BLACK,https://airsoftdefence.com/producto/emerson-gorra-de-asalto-tactico-multicam-black/,16990,16990,si,21
2026-09-21,09:25:15,airsoftdefence,EMERSON POLERA D/COMBATE EMERSON G3-HLD[L],https://airsoftdefence.com/producto/yzh-polera-d-combate-emerson-g3-hldl/,23990,23990,si,1
2026-09-21,09:25:15,airsoftdefence,EMERSON POLERA G3 HLD/ M,https://airsoftdefence.com/producto/yzh-polera-g3-hld-m/,23990,23990,si,1
2026-09-21,09:25:15,airsoftdefence,EMERSON POLERA DE COMBATE V1 CB/ TALLA S,https://airsoftdefence.com/producto/yzh-polera-de-combate-v1-cb-talla-s/,19990,19990,si,6
2026-09-21,09:25:15,airsoftdefence,EMERSONGEARS Camisa BlueLabel Ventilation Tactical Shirt NAVY-M,https://airsoftdefence.com/producto/emersongears-camisa-bluelabel-ventilation-tactical-shirt-navy-m/,69990,69990,si,4
2026-09-21,09:25:15,airsoftdefence,EMERSONGEARS Camisa BlueLabel Ventilation Tactical Shirt NAVY-L,https://airsoftdefence.com/producto/emersongears-camisa-bluelabel-ventilation-tactical-shirt-navy-l/,69990,69990,si,1
2026-09-21,09:25:15,airsoftdefence,EMERSON Polera Upgraded version G3 Combat Shirt MCBK-XL NYCO 50/50,https://airsoftdefence.com/producto/emerson-polera-upgraded-version-g3-combat-shirt-mcbk-xl/,65990,65990,si,3
2026-09-21,09:25:15,airsoftdefence,EMERSON Polera  Upgraded version G3 Combat Shirt MCBK-L NYCO 50/50,https://airsoftdefence.com/producto/emerson-polera-upgraded-version-g3-combat-shirt-mcbk-l/,65990,65990,si,5
2026-09-21,09:25:15,airsoftdefence,EMERSONGEARS Camisa BlueLabel Ventilation Tactical Shirt SM-S,https://airsoftdefence.com/producto/emersongears-camisa-bluelabel-ventilation-tactical-shirt-sm-s/,69990,69990,si,4
2026-09-21,09:25:15,airsoftdefence,EMERSONGEARS Camisa BlueLabel Ventilation Tactical Shirt SM-M,https://airsoftdefence.com/producto/emersongears-camisa-bluelabel-ventilation-tactical-shirt-sm-m/,69990,69990,si,2
2026-09-21,09:25:15,airsoftdefence,EMERSONGEARS Camisa BlueLabel Ventilation Tactical Shirt SM-L,https://airsoftdefence.com/producto/emersongears-camisa-bluelabel-ventilation-tactical-shirt-sm-l/,69990,69990,si,3
2026-09-21,09:25:15,airsoftdefence,EMERSONGEARS Camisa BlueLabel Ventilation Tactical Shirt RG-L,https://airsoftdefence.com/producto/emersongears-camisa-bluelabel-ventilation-tactical-shirt-rg-l/,69990,69990,si,4
2026-09-21,09:25:15,airsoftdefence,EMERSONGEARS Camisa BlueLabel Ventilation Tactical Shirt NAVY-S,https://airsoftdefence.com/producto/emersongears-camisa-bluelabel-ventilation-tactical-shirt-navy-s/,69990,69990,si,5
2026-09-21,09:25:15,airsoftdefence,EMERSONGEARS Camisa GEN3 Leisure Shirt Blue-S,https://airsoftdefence.com/producto/emersongears-camisa-gen3-leisure-shirt-blue-s/,19990,65990,si,5
2026-09-21,09:25:15,airsoftdefence,EMERSONGEARS Camisa GEN3 Leisure Shirt Gray-M,https://airsoftdefence.com/producto/emersongears-camisa-gen3-leisure-shirt-gray-m/,19990,65990,si,1
2026-09-21,09:25:15,airsoftdefence,EMERSONGEARS Camisa GEN3 Leisure Shirt Blue-M,https://airsoftdefence.com/producto/emersongears-camisa-gen3-leisure-shirt-blue-m/,19990,65990,si,3
2026-09-21,09:25:15,airsoftdefence,EMERSONGEARS Camisa GEN3 Leisure Shirt Gray-XS,https://airsoftdefence.com/producto/emersongears-camisa-gen3-leisure-shirt-gray-xs/,19990,65990,si,5
2026-09-21,09:25:15,airsoftdefence,EMERSON Polera  Upgraded version G3 Combat Shirt RG-S NYCO 50/50,https://airsoftdefence.com/producto/emerson-polera-upgraded-version-g3-combat-shirt-rg-s/,29990,65990,si,4
2026-09-21,09:25:15,airsoftdefence,EMERSONGEARS Camisa GEN3 Leisure Shirt Blue-XS,https://airsoftdefence.com/producto/emersongears-camisa-gen3-leisure-shirt-blue-xs/,19990,65990,si,5
2026-09-21,09:25:15,airsoftdefence,EMERSON Polera Upgraded version G3 Combat Shirt RG-2XL NYCO 50/50,https://airsoftdefence.com/producto/emerson-polera-upgraded-version-g3-combat-shirt-rg-2xl/,29990,65990,si,2
2026-09-21,09:25:15,airsoftdefence,EMERSONGEARS Camisa GEN3 Leisure Shirt Gray-S,https://airsoftdefence.com/producto/emersongears-camisa-gen3-leisure-shirt-gray-s/,19990,65990,si,2
2026-09-21,09:25:15,airsoftdefence,EMERSON Polera  Upgraded version G3 Combat Shirt MCBK-S NYCO 50/50,https://airsoftdefence.com/producto/emerson-polera-upgraded-version-g3-combat-shirt-mcbk-s/,29990,65990,si,8
2026-09-21,09:25:15,airsoftdefence,EMERSON POUCH MULTIPROPOSITO COYOTE,https://airsoftdefence.com/producto/emerson-pouch-multiproposito-coyote/,21990,21990,si,1
2026-09-21,09:25:15,airsoftdefence,EMERSON POUCH CORTE LASER 5.56 COYOTE,https://airsoftdefence.com/producto/emerson-pouch-corte-laser-5-56-coyote/,17990,17990,si,12
2026-09-21,09:25:15,airsoftdefence,EMERSON Pouch LBT Style 40mm Double Pouch 500D CB500D,https://airsoftdefence.com/producto/emerson-pouch-lbt-style-40mm-double-pouch-500d-cb500d/,17990,17990,si,20
2026-09-21,09:25:15,airsoftdefence,EMERSON Pouch Detective Equipment Waist bag-CB500D,https://airsoftdefence.com/producto/emerson-pouch-detective-equipment-waist-bag-cb500d/,16990,16990,si,3
2026-09-21,09:25:15,airsoftdefence,EMERSON Pouch 5.56 Pistol Single Open Top Magazine CB500D,https://airsoftdefence.com/producto/emerson-pouch-5-56-pistol-single-open-top-magazine-cb500d/,12990,12990,si,20
2026-09-21,09:25:15,airsoftdefence,EMERSON GORRA MULTICAM,https://airsoftdefence.com/producto/emerson-gorra-multicam/,11990,11990,si,17
2026-09-21,09:25:15,airsoftdefence,EMERSON Bolsillo para guantes CB,https://airsoftdefence.com/producto/yzh-bolsillo-para-guantes-cb/,16990,16990,si,18
2026-09-21,09:25:15,airsoftdefence,EMERSON PANEL TRASERO UTILITARIO / BK 500D,https://airsoftdefence.com/producto/yzh-panel-trasero-utilitario-bk-500d/,25990,25990,si,5
2026-09-21,09:25:15,airsoftdefence,EMERSON Bolsillo utilitario tipo gunner MCBK  500D,https://airsoftdefence.com/producto/yzh-bolsillo-utilitario-tipo-gunner-mcbk-500d/,13990,13990,si,6
2026-09-21,09:25:15,airsoftdefence,EMERSON Zip panel para chalecos / MC500D,https://airsoftdefence.com/producto/yzh-zip-panel-para-chalecos-mc500d/,29990,69990,si,8
2026-09-21,09:25:15,airsoftdefence,EMERSON BOLSILLO DOBLE OPEN TOP / CB,https://airsoftdefence.com/producto/yzh-bolsillo-doble-open-top-cb/,19990,19990,si,2
2026-09-21,09:25:15,airsoftdefence,EMERSON Bolsillo Doble para MP7 Multicam CB,https://airsoftdefence.com/producto/yzh-bolsillo-doble-para-mp7-multicam-cb/,21990,21990,si,3
2026-09-21,09:25:15,airsoftdefence,EMERSON Bolsillo TACO p/Mag Pistola y Fusil Negro,https://airsoftdefence.com/producto/yzh-bolsillo-taco-p-mag-pistola-y-fusil/,15990,15990,si,9
2026-09-21,09:25:15,airsoftdefence,EMERSON PACK DE HIDRATACION 270Z/ BK,https://airsoftdefence.com/producto/yzh-pack-de-hidratacion-270z-bk/,9990,9990,si,4
2026-09-21,09:25:15,airsoftdefence,EMERSON Bolsillo Doble para MP7 Multicam,https://airsoftdefence.com/producto/yzh-bolsillo-doble-para-mp7-multicam/,15000,29990,si,2
2026-09-21,09:25:15,airsoftdefence,EMERSON Bolsillo para cargador Simple Negro,https://airsoftdefence.com/producto/emerson-bolsillo-para-cargador-simple-negro/,12990,12990,si,2
2026-09-21,09:25:15,airsoftdefence,EMERSON  Vest single point quick release Mesh Cummerbund MultiCam,https://airsoftdefence.com/producto/emerson-vest-single-point-quick-release-mesh-cummerbund-multicam/,45990,45990,si,7
2026-09-21,09:25:15,airsoftdefence,EMERSON  Vest single point quick release Mesh Cummerbund  CB,https://airsoftdefence.com/producto/emerson-vest-single-point-quick-release-mesh-cummerbund-cb/,45990,45990,si,3
2026-09-21,09:25:15,airsoftdefence,DRAGONPRO DP-PO021 MP5 Mag Pouch Multicam,https://airsoftdefence.com/producto/dragonpro-dp-po021-mp5-mag-pouch-multicam/,9990,9990,si,19
2026-09-21,09:25:15,airsoftdefence,DRAGONPRO DP-PO021 MP5 Mag Pouch Khaki,https://airsoftdefence.com/producto/dragonpro-dp-po021-mp5-mag-pouch-khaki/,9990,9990,si,3
2026-09-21,09:25:15,airsoftdefence,Puch utilitario Marpat,https://airsoftdefence.com/producto/vl-puch-utilitario-marpat/,5990,5990,si,2
2026-09-21,09:25:15,airsoftdefence,EMERSON Cinturon Molle para nino / MC,https://airsoftdefence.com/producto/yzh-cinturon-molle-para-nio-mc/,20990,20990,si,3
2026-09-21,09:25:15,airsoftdefence,ESDY GORRO ABRIGO ESDY,https://airsoftdefence.com/producto/esdy-gorro-abrigo-esdy/,7990,7990,si,35
2026-09-21,09:25:15,airsoftdefence,EMERSON Bolsillo simple para cargador KH,https://airsoftdefence.com/producto/yzh-bolsillo-simple-para-cargador-kh/,8990,8990,si,1
2026-09-21,09:25:15,airsoftdefence,EMERSON Bolsillo taco doble  / CB,https://airsoftdefence.com/producto/yzh-bolsillo-taco-doble-cb/,15990,15990,si,24
2026-09-21,09:25:15,airsoftdefence,ACM Pouch Pistola + Fusil CB,https://airsoftdefence.com/producto/acm-pouch-pistola-fusil-cb/,7490,9990,si,11
2026-09-21,09:25:15,airsoftdefence,EMERSON Bolsillo utilitario vertical CB,https://airsoftdefence.com/producto/yzh-bolsillo-utilitario-vertical-cb/,21990,21990,si,24
2026-09-21,09:25:15,airsoftdefence,EMERSON Pouch LBT Style 40mm Double Pouch MC500D,https://airsoftdefence.com/producto/emerson-pouch-lbt-style-40mm-double-pouch-mc500d/,19990,19990,si,6
2026-09-21,09:25:15,airsoftdefence,EMERSON POUCH 5.56 TRIPLE ESPECIAL COYOTE,https://airsoftdefence.com/producto/emerson-pouch-5-56-triple-especial-coyote/,27990,37990,si,4
2026-09-21,09:25:15,airsoftdefence,EMERSON PIERNERA ACCESORIOS COYOTE,https://airsoftdefence.com/producto/emerson-piernera-accesorios-coyote/,17990,17990,si,3
2026-09-21,09:25:15,airsoftdefence,TWINFALCONS Panel triple M4 RG Velcro/Molle,https://airsoftdefence.com/producto/twinfalcons-panel-triple-m4-rg-velcro-molle/,29990,29990,si,1
2026-09-21,09:25:15,airsoftdefence,EMERSON CITURON TACTICO AVS / CB 500D,https://airsoftdefence.com/producto/yzh-cituron-tactico-avs-cb-500d/,45990,45990,si,12
2026-09-21,09:25:15,airsoftdefence,EMERSON Cinturon CP Style MRB Tactical Battle Belt MC-L,https://airsoftdefence.com/producto/emerson-cinturon-cp-style-mrb-tactical-battle-belt-mc-l/,59990,59990,si,2
2026-09-21,09:25:15,airsoftdefence,TMC Arnes de nylon 1961 GRIS,https://airsoftdefence.com/producto/tmc-arnes-de-nylon-1961-gris/,44990,44990,si,1
2026-09-21,09:25:15,airsoftdefence,EMERSON Bolsillo Doble/ MC500D,https://airsoftdefence.com/producto/yzh-bolsillo-doble-mc500d/,23990,23990,si,7
2026-09-21,09:25:15,airsoftdefence,EMERSON POUCH MULTIFUNCIONAL 32X18CMS COYOTE,https://airsoftdefence.com/producto/emerson-pouch-multifuncional-32x18cms-coyote/,34990,34990,si,4
2026-09-21,09:25:15,airsoftdefence,EMERSON Cinturon CP Style MRB Tactical Battle Belt CB-L,https://airsoftdefence.com/producto/emerson-cinturon-cp-style-mrb-tactical-battle-belt-cb-l/,20990,45990,si,7
2026-09-21,09:25:15,airsoftdefence,EMERSON FUNDA DE PISTOLA TORNADO ALL PISTOL,https://airsoftdefence.com/producto/emerson-funda-de-pistola-tornado-all-pistol/,29990,29990,si,17
2026-09-21,09:25:15,airsoftdefence,EMERSON POUCH CORTE LASER 5.56 MULTICAM,https://airsoftdefence.com/producto/emerson-pouch-corte-laser-5-56-multicam/,23990,23990,si,4
2026-09-21,09:25:15,airsoftdefence,EMERSON BOLSILLO TACO DOBLE / BK,https://airsoftdefence.com/producto/emerson-bolsillo-taco-doble-bk/,19990,19990,si,6
2026-09-21,09:25:15,airsoftdefence,EMERSON Bolsillo triple para cargadores MC,https://airsoftdefence.com/producto/yzh-bolsillo-triple-para-cargadores-mc-2/,39990,39990,si,9
2026-09-21,09:25:15,airsoftdefence,EMERSON Bolsillo Triple para MP7 Multicam,https://airsoftdefence.com/producto/yzh-bolsillo-triple-para-mp7-multicam/,17000,35990,si,9
2026-09-21,09:25:15,airsoftdefence,EMERSON Asegurarador para antiparra – OD,https://airsoftdefence.com/producto/yzh-asegurarador-para-antiparra-od/,3990,3990,si,4
2026-09-21,09:25:15,airsoftdefence,EMERSON Bolsillo multiple utilitario MC 500D,https://airsoftdefence.com/producto/yzh-bolsillo-multiple-utilitario-mc-500d/,15990,29990,si,6
2026-09-21,09:25:15,airsoftdefence,DRAGONPRO Bolsa Hidratante 2.5L Color OD,https://airsoftdefence.com/producto/dragonpro-bolsa-hidratante-2-5l-color-od/,9990,9990,si,7
2026-09-21,09:25:15,airsoftdefence,APS M-Lok Plate with QD Sling Swivel Black,https://airsoftdefence.com/producto/aps-m-lok-plate-with-qd-sling-swivel-black/,27990,27990,si,2
2026-09-21,09:25:15,airsoftdefence,EMERSON FUNDA TACTICA MODELO FAST MCAD,https://airsoftdefence.com/producto/emerson-funda-tactica-modelo-fast-mcad/,13990,13990,si,13
2026-09-21,09:25:15,airsoftdefence,EMERSON Cinturon Molle Patrol Coyote Talla L,https://airsoftdefence.com/producto/yzh-cinturon-molle-patrol-coyote-talla-cbl/,10990,26990,si,2
2026-09-21,09:25:15,airsoftdefence,EMERSON Cinturon CQB rappel Tactical Belt MC XL,https://airsoftdefence.com/producto/emerson-cinturon-cqb-rappel-tactical-belt-mc-xl/,19990,19990,si,5
2026-09-21,09:25:15,airsoftdefence,DRAGONPRO Kit Sistema Ajuste Casco FAST Tan,https://airsoftdefence.com/producto/dragonpro-kit-sistema-ajuste-casco-fast-tan/,29990,29990,si,2
2026-09-21,09:25:15,airsoftdefence,DRAGONPRO Kit Sistema Ajuste Casco FAST Negro,https://airsoftdefence.com/producto/dragonpro-kit-sistema-ajuste-casco-fast-negro/,29990,29990,si,6
2026-09-21,09:25:15,airsoftdefence,ELEMENT Gancho Porta R?plica Trasero Met?lico DUAL QD SLING M4 BLACK,https://airsoftdefence.com/producto/element-gancho-porta-replica-trasero-metalico-dual-qd-sling-m4-black/,20990,20990,si,7
2026-09-21,09:25:15,airsoftdefence,EyL Set Gears Normal Acero para V2 y V3,https://airsoftdefence.com/producto/el-set-gears-normal-acero-para-v2-y-v3/,20990,20990,si,2
2026-09-21,09:25:15,airsoftdefence,EMERSON Tenida tact EMERSON Rodill y codo PA ACU Talla XL,https://airsoftdefence.com/producto/yzh-tenida-tact-emerson-rodill-y-codo-pa-c/,64990,64990,si,1
2026-09-21,09:25:15,airsoftdefence,EMERSON Tenida tact EMERSON Rodill y codo PA ACU Talla L,https://airsoftdefence.com/producto/yzh-tenida-tact-emerson-rodill-y-codo-pa-b/,64990,64990,si,1
2026-09-21,09:25:15,airsoftdefence,EMERSON Bolsillo repido para  M4 CB,https://airsoftdefence.com/producto/yzh-bolsillo-repido-para-m4-cb/,13990,13990,si,14
2026-09-21,09:25:15,airsoftdefence,EMERSON Bolsillo elastico doble para M4 CB,https://airsoftdefence.com/producto/yzh-bolsillo-elastico-doble-para-m4-cb/,11990,11990,si,22
2026-09-21,09:25:15,airsoftdefence,EMERSON Bolsillo para cargadores Gen3 pastico,https://airsoftdefence.com/producto/yzh-bolsillo-para-cargadores-gen3-pastico/,19990,19990,si,4
2026-09-21,09:25:15,airsoftdefence,DRAGONPRO Cargador USB Balance 3S 11.1V (LiPO & Li-ion),https://airsoftdefence.com/producto/dragonpro-cargador-usb-balance-3s-11-1v-lipo-li-ion/,9990,9990,si,6
2026-09-21,09:25:15,airsoftdefence,DRAGONPRO Bateria 7.4V 3000mAh 20C LiPO (1+1) 128x21x17.5mm,https://airsoftdefence.com/producto/dragonpro-bateria-7-4v-3000mah-20c-lipo-11-128x21x17-5mm/,33990,33990,si,12
2026-09-21,09:25:15,airsoftdefence,DRAGONPRO DP-PCA Portable CO2 Adaptador,https://airsoftdefence.com/producto/dragonpro-dp-pca-portable-co2-adaptador/,15990,39990,si,5
2026-09-21,09:25:15,airsoftdefence,DRAGONPRO Tactical Balaclava Tan Nomex,https://airsoftdefence.com/producto/dragonpro-tactical-balaclava-tan-nomex/,19990,19990,si,5
2026-09-21,09:25:15,airsoftdefence,DRAGONPRO DP-RH005 MP5/G3 Red Dot Sight,https://airsoftdefence.com/producto/dragonpro-dp-rh005-mp5-g3-red-dot-sight/,49990,49990,si,4
2026-09-21,09:25:15,airsoftdefence,EMERSON Cubre casco para MICH 2.001 [TAN],https://airsoftdefence.com/producto/yzh-cubre-casco-para-mich-2-001-tan/,9990,9990,si,5
2026-09-21,09:25:15,airsoftdefence,DRAGONPRO Bateria 7.4V 2400mAh 20C LiPO (1+1) 128x21x13mm,https://airsoftdefence.com/producto/dragonpro-batera-7-4v-2400mah-20c-lipo-11-128x21x13mm/,25990,25990,si,19
2026-09-21,09:25:15,airsoftdefence,CYTAC HOLSTER MEGA FIT ZURDO Negro,https://airsoftdefence.com/producto/cytac-holster-mega-fit-zurdo-negro/,31990,31990,si,1
2026-09-21,09:25:15,airsoftdefence,CYTAC T- ThumbSmart Series with Paddle Beretta 92,https://airsoftdefence.com/producto/cytac-t-thumbsmart-series-with-paddle-beretta-92/,33000,33000,si,2
2026-09-21,09:25:15,airsoftdefence,CYTAC Holster R-Defender G3 Series Beretta PX4 BK,https://airsoftdefence.com/producto/cytac-holster-r-defender-g3-series-beretta-px4-bk/,24000,24000,si,1
2026-09-21,09:25:15,airsoftdefence,DRAGONPRO Placa para carga en parelelo Lipo T Plug,https://airsoftdefence.com/producto/dragonpro-placa-para-carga-en-parelelo-lipo-t-plug/,15990,15990,si,1
2026-09-21,09:25:15,airsoftdefence,CYTAC Holster R-Defender G3 Series Glock 17 Zurdo BK,https://airsoftdefence.com/producto/cytac-holster-r-defender-g3-series-glock-17-zurdo-bk/,24000,24000,si,1
2026-09-21,09:25:15,airsoftdefence,BIGDRAGON Peq DBAL-A2 LED Red Laser IR Laser DE,https://airsoftdefence.com/producto/bigdragon-peq-dbal-a2-led-red-laser-ir-laser-de/,159990,159990,si,3
2026-09-21,09:25:15,airsoftdefence,BIGDRAGON Linterna APL Flicker LED Pistol Light DE,https://airsoftdefence.com/producto/bigdragon-linterna-apl-flicker-led-pistol-light-de/,39990,39990,si,1
2026-09-21,09:25:15,airsoftdefence,CYTAC Plataforma piernera compacta 2 anclajes FDE,https://airsoftdefence.com/producto/cytac-plataforma-piernera-compacta-2-anclajes-fde/,27990,27990,si,2
2026-09-21,09:25:15,airsoftdefence,BIGDRAGON Audifonos AMP Tactical Communication Headset BK,https://airsoftdefence.com/producto/bigdragon-audifonos-amp-tactical-communication-headset-bk/,235990,235990,si,1
2026-09-21,09:25:15,airsoftdefence,BIGDRAGON Grip epf Largo/ DE,https://airsoftdefence.com/producto/bigdragon-grip-epf-largo-de/,10990,10990,si,1
2026-09-21,09:25:15,airsoftdefence,CYTAC Cinturon Rigido DUTY FDE Talla XL,https://airsoftdefence.com/producto/cytac-cinturon-rigido-duty-fde-talla-xl/,19990,19990,si,3
2026-09-21,09:25:15,airsoftdefence,BIGDRAGON LINTERNA T6 500 LUMENES / BK,https://airsoftdefence.com/producto/yzh-linterna-t6-500-lumenes-bk/,17990,17990,si,2
2026-09-21,09:25:15,airsoftdefence,BIGDRAGON Porta Torniquete  Case Molle Negro,https://airsoftdefence.com/producto/bigdragon-porta-torniquete-case-molle-negro/,6990,6990,si,1
2026-09-21,09:25:15,airsoftdefence,BIGDRAGON NE Linterna MPLS Negra,https://airsoftdefence.com/producto/bigdragon-ne-linterna-mpls-negra/,49990,49990,si,2
2026-09-21,09:25:15,airsoftdefence,BIGDRAGON Correa MS4 Khaki,https://airsoftdefence.com/producto/bigdragon-correa-ms4-khaki/,14990,14990,si,2
2026-09-21,09:25:15,airsoftdefence,BIGDRAGON Audifonos FCS RAC Style Tactical Headset (Voice) Negro,https://airsoftdefence.com/producto/bigdragon-audifonos-fcs-rac-style-tactical-headset-voice-negro/,179990,179990,si,5
2026-09-21,09:25:15,airsoftdefence,BIGDRAGON Guantes d/Asalto S.O.L.A.G.OD (L),https://airsoftdefence.com/producto/yzh-guantes-d-asalto-s-o-l-a-g-od-l/,16990,16990,si,1
2026-09-21,09:25:15,airsoftdefence,BIGDRAGON Pantalon EMERSON G2/HLD 34W,https://airsoftdefence.com/producto/yzh-pantalon-emerson-g2-hld-34w/,39990,39990,si,2
2026-09-21,09:25:15,airsoftdefence,BIGDRAGON Pantalon EMERSON G2/HLD 32W,https://airsoftdefence.com/producto/yzh-pantalon-emerson-g2-hld-32w/,39990,39990,si,1
2026-09-21,09:25:15,airsoftdefence,BIGDRAGON Plataforma SAFARILAND para molle A/ DE,https://airsoftdefence.com/producto/yzh-plataforma-safariland-para-molle-a-de/,14990,14990,si,9
2026-09-21,09:25:15,airsoftdefence,BIGDRAGON Funda Safariland 6320 1911,https://airsoftdefence.com/producto/yzh-funda-safriland-6320-c-linterna-1911/,17990,17990,si,1
2026-09-21,09:25:15,airsoftdefence,BIGDRAGON Funda para Pistola rigida Modelo P226 -TAN,https://airsoftdefence.com/producto/yzh-funda-para-pistola-rigida-modelo-p226/,24990,24990,si,1
2026-09-21,09:25:15,airsoftdefence,BIGDRAGON FUNDA SERPA LV3 PARA 1911/ DE,https://airsoftdefence.com/producto/yzh-funda-serpa-lv3-para-1911-de/,25990,25990,si,3
2026-09-21,09:25:15,airsoftdefence,AMOMAX Holster Glock Zurdo FDE,https://airsoftdefence.com/producto/amomax-holster-glock-zurdo-fde/,16990,16990,si,3
2026-09-21,09:25:15,airsoftdefence,AMOMAX Holster Beretta 92 y M9 Marui WE KJW KWA GyG,https://airsoftdefence.com/producto/amomax-holster-beretta-92-y-m9-marui-we-kjw-kwa-gyg/,16990,16990,si,3
2026-09-21,09:25:15,airsoftdefence,BIGDRAGON BD MOE Illumination Kit,https://airsoftdefence.com/producto/yzh-bd-moe-illumination-kit/,9990,9990,si,11
2026-09-21,09:25:15,airsoftdefence,BIGDRAGON Riel marca daniel defense modelo MK18 / BK,https://airsoftdefence.com/producto/yzh-riel-marca-daniel-defense-modelo-mk18-bk/,68990,68990,si,1
2026-09-21,09:25:15,airsoftdefence,BIGDRAGON Mango antideslizante para revolver Tan,https://airsoftdefence.com/producto/yzh-mango-antideslizante-para-revolver-tan/,2990,2990,si,1
2026-09-21,09:25:15,airsoftdefence,BIGDRAGON Grip antideslizante para Glock / BK,https://airsoftdefence.com/producto/yzh-grip-antideslizante-para-glock-bk/,9990,9990,si,10
2026-09-21,09:25:15,airsoftdefence,AMOMAX Holster P220/P225/P226/P228/P229/NP22,https://airsoftdefence.com/producto/amomax-holster-p220-p225-p226-p228-p229-np22/,16990,16990,si,2
2026-09-21,09:25:15,airsoftdefence,BIGDRAGON GOMA PARA CULATA DE AK / BK,https://airsoftdefence.com/producto/yzh-goma-para-culata-de-ak-bk/,13990,13990,si,11
2026-09-21,09:25:15,airsoftdefence,BIGDRAGON ASISTENTE PARA CARGADOR MP5,https://airsoftdefence.com/producto/yzh-asistente-para-cargador-mp5/,5990,5990,si,5
2026-09-21,09:25:15,airsoftdefence,SHS Cilindro Metalico V2 85% Volumen Aire,https://airsoftdefence.com/producto/shs-cilindro-metalico-v2-85-volumen-aire/,15990,15990,si,16
2026-09-21,09:25:15,airsoftdefence,JGW Selector Plate para MP5,https://airsoftdefence.com/producto/jgw-selector-plate-para-mp5/,9990,9990,si,3
2026-09-21,09:25:15,airsoftdefence,BIGDRAGON Grip Vertical Tan,https://airsoftdefence.com/producto/bigdragon-grip-vertical-tan/,9990,9990,si,1
2026-09-21,09:25:15,airsoftdefence,BIGDRAGON Cargador para M4 / 70rds,https://airsoftdefence.com/producto/yzh-cargador-para-m4-70rds/,11990,11990,si,2
2026-09-21,09:25:15,airsoftdefence,BIGDRAGON Grip Vertical STUBBY Dark Earth,https://airsoftdefence.com/producto/bigdragon-grip-vertical-stubby-dark-earth/,9990,9990,si,1
2026-09-21,09:25:15,airsoftdefence,BIGDRAGON GOMA PARA CULATA DE AK / TAN,https://airsoftdefence.com/producto/yzh-goma-para-culata-de-ak-tan/,13990,13990,si,2
2026-09-21,09:25:15,airsoftdefence,BIGDRAGON Funda rapida IPCS/ NEGRO,https://airsoftdefence.com/producto/yzh-funda-rapida-ipcs-negro/,30990,30990,si,7
2026-09-21,09:25:15,airsoftdefence,BIGDRAGON Cubre casco para Mich WL,https://airsoftdefence.com/producto/yzh-cubre-casco-para-mich-wl/,2990,2990,si,1
2026-09-21,09:25:15,airsoftdefence,BIGDRAGON Grip antideslizante para Glock / DE,https://airsoftdefence.com/producto/yzh-grip-antideslizante-para-glock-de/,9990,9990,si,3
2026-09-21,09:25:15,airsoftdefence,BIGDRAGON Empu?adura basica mod BIGDRAGON TROY Tan,https://airsoftdefence.com/producto/bigdragon-empunadura-basica-mod-bigdragon-troy-tan/,9990,9990,si,1
2026-09-21,09:25:15,airsoftdefence,DEFENCE Parche Cruz Negra Corte Laser OD,https://airsoftdefence.com/producto/defence-parche-cruz-negra-corte-laser-od/,5000,5000,si,2
2026-09-21,09:25:15,airsoftdefence,ASG Montura universal para pistola,https://airsoftdefence.com/producto/asg-montura-universal-para-pistola/,10990,10990,si,4
2026-09-21,09:25:15,airsoftdefence,EMERSON GUANTES AOR1,https://airsoftdefence.com/producto/emerson-guantes-aor1/,19990,19990,si,3
2026-09-21,09:25:15,airsoftdefence,BIGDRAGON Guantes d/ Asalto S.O.L.A.G.OD (XL),https://airsoftdefence.com/producto/yzh-guantes-d-asalto-s-o-l-a-g-od-xl/,16990,16990,si,6
2026-09-21,09:25:15,airsoftdefence,MODIFY Cabeza de Cilindro y Pistón de 10 Dientes,https://airsoftdefence.com/producto/modify-cabeza-de-cilindro-y-piston-de-10-dientes/,49990,49990,si,N/A
2026-09-21,09:25:15,airsoftdefence,EMERSON Billetera tactica plegable,https://airsoftdefence.com/producto/emerson-billetera-tactica-plegable/,17990,17990,si,6
2026-09-21,09:25:15,airsoftdefence,EMERSON POUCH MULTIFUNCIONAL 32X18CMS MULTICAM,https://airsoftdefence.com/producto/emerson-pouch-multifuncional-32x18cms-multicam/,42990,42990,si,7
2026-09-21,09:25:15,airsoftdefence,EMERSON POUCH UTILITARIO CASCO MULTICAM,https://airsoftdefence.com/producto/emerson-pouch-utilitario-casco-multicam/,15990,15990,si,1
2026-09-21,09:25:15,airsoftdefence,EARMOR POUCH DE TRANSPORTE PARA EARMOR,https://airsoftdefence.com/producto/earmor-pouch-de-transporte-para-earmor/,9990,13990,si,3
2026-09-21,09:25:15,airsoftdefence,EARMOR Pouch porta auriculares Coyote,https://airsoftdefence.com/producto/earmor-pouch-porta-auriculares-coyote/,15990,25990,si,25
2026-09-21,09:25:15,airsoftdefence,EMERSON GEAR Mochila 18L Lightweight 1 Day Hiking Backpack FG,https://airsoftdefence.com/producto/emerson-gear-mochila-18l-lightweight-1-day-hiking-backpack-fg/,35990,65990,si,2
2026-09-21,09:25:15,airsoftdefence,EARMOR MICROFONO DE GARGANTA S-20,https://airsoftdefence.com/producto/earmor-microfono-de-garganta-s-20/,5990,34990,si,16
2026-09-21,09:25:15,airsoftdefence,BLAZE STORM BOLAS DE ESPUMA PARA 23.5MM (PACK DE 20),https://airsoftdefence.com/producto/blaze-storm-bolas-de-espuma-para-23-5mm-pack-de-20/,9990,9990,si,1
2026-09-21,09:25:15,airsoftdefence,DENIX Soporte para replicas FLOR DE LIS,https://airsoftdefence.com/producto/denix-soporte-para-replicas-flor-de-lis/,9990,9990,si,5
2026-09-21,09:25:15,airsoftdefence,TACOPS GORRA KIREGSMARINE,https://airsoftdefence.com/producto/tacops-gorra-kiregsmarine/,45990,45990,si,1
2026-09-21,09:25:15,airsoftdefence,DENIX Granada Decorativa MK 2 o piña USA (2ª Guerra Mundial),https://airsoftdefence.com/producto/denix-granada-decorativa-mk-2-o-pina-usa-2a-guerra-mundial/,29990,29990,si,3
2026-09-21,09:25:15,airsoftdefence,TACOPS PIOCHA US AIR,https://airsoftdefence.com/producto/tacops-piocha-us-air/,19990,19990,si,3
2026-09-21,09:25:15,airsoftdefence,DELTA Botín Negro Talla 39,https://airsoftdefence.com/producto/delta-botin-negro-talla-39/,39990,39990,si,4
2026-09-21,09:25:15,airsoftdefence,DELTA Botas 8″ Negro Talla 46,https://airsoftdefence.com/producto/delta-botas-8-negro-talla-46/,39990,39990,si,1
2026-09-21,09:25:15,airsoftdefence,EMERSON Polera  GEN3 MCBK XL,https://airsoftdefence.com/producto/yzh-polera-gen3-mcbk-xl/,41990,41990,si,2
2026-09-21,09:25:15,airsoftdefence,EMERSON BLUE LABEL Polera para entrenamiento Blue Label KH/ L,https://airsoftdefence.com/producto/yzh-polera-para-entrenamiento-blue-label-kh-l/,35990,35990,si,1
2026-09-21,09:25:15,airsoftdefence,AIRSOFT INNOVATIONS Oil Pump Kit,https://airsoftdefence.com/producto/airsoft-innovations-oil-pump-kit/,10000,29990,si,7
2026-09-21,09:25:15,airsoftdefence,EMERSON GRIP CON LINTERNA,https://airsoftdefence.com/producto/emerson-grip-con-linterna/,24990,59990,si,1
2026-09-21,09:25:15,airsoftdefence,YAKEDA FUNDA TACTICA MODELO FAST JUNGLA DIGITAL,https://airsoftdefence.com/producto/yakeda-funda-tactica-modelo-fast-jungla-digital/,4000,13990,si,31
2026-09-21,09:25:15,airsoftdefence,EMERSON PANTALON PRIMERA CAPA / BK/ L,https://airsoftdefence.com/producto/yzh-pantalon-primera-capa-bk-l/,19990,19990,si,3
2026-09-21,09:25:15,airsoftdefence,ACM Holster Universal Coyote,https://airsoftdefence.com/producto/acm-holster-universal-coyote/,10990,16990,si,1
2026-09-21,09:25:15,airsoftdefence,EMERSON PANEL DE ASALTO TRASERO Mo.420 COYOTE,https://airsoftdefence.com/producto/emerson-panel-de-asalto-trasero-mo-420-coyote/,39990,39990,si,7
2026-09-21,09:25:15,airsoftdefence,EMERSON PANEL BUNGEE PARA Mo.420 COYOTE,https://airsoftdefence.com/producto/emerson-panel-bungee-para-mo-420-coyote/,29990,29990,si,3
2026-09-21,09:25:15,airsoftdefence,EMERSON Pantalon de Asalto WG/ 36W NYCO 50/50,https://airsoftdefence.com/producto/yzh-pantalon-de-asalto-wg-36w/,75990,75990,si,1
2026-09-21,09:25:15,airsoftdefence,EMERSON Pantalon G3 Tactical Pants Muticam Tropic 38N/28W NYCO 50/50,https://airsoftdefence.com/producto/emerson-pantalon-g3-tactical-pants-muticam-tropic-28w/,95990,95990,si,2
2026-09-21,09:25:15,airsoftdefence,EMERSON PANTALON PRIMERA CAPA / CB/ L,https://airsoftdefence.com/producto/yzh-pantalon-primera-capa-cb-l/,19990,19990,si,4
2026-09-21,09:25:15,airsoftdefence,EMERSON PANTALON PRIMERA CAPA / BK/ M,https://airsoftdefence.com/producto/yzh-pantalon-primera-capa-bk-m/,19990,19990,si,3
2026-09-21,09:25:15,airsoftdefence,EMERSON POUCH 5.56 TRIPLE COYOTE,https://airsoftdefence.com/producto/emerson-pouch-5-56-triple-coyote/,21990,21990,si,1
2026-09-21,09:25:15,airsoftdefence,ACM Grip Horns Tan,https://airsoftdefence.com/producto/acm-grip-horns-tan/,16990,16990,si,6
2026-09-21,09:25:15,airsoftdefence,EARMOR Proteccion de silicona para auriculares,https://airsoftdefence.com/producto/earmor-proteccion-de-silicona-para-auriculares/,9990,19990,si,13
2026-09-21,09:25:15,airsoftdefence,CYTAC Magazine Pouch M4/M16/AR15 Style Quick Draw Ambidiestro FDE,https://airsoftdefence.com/producto/cytac-magazine-pouch-m4-m16-ar15-style-quick-draw-ambidiestro-fde/,21990,21990,si,4
2026-09-21,09:25:15,airsoftdefence,ACM  MOJO magazine grip Tan,https://airsoftdefence.com/producto/acm-mojo-magazine-grip-tan/,9990,19990,si,8
2026-09-21,09:25:15,airsoftdefence,ACM  MOJO magazine grip Black,https://airsoftdefence.com/producto/acm-mojo-magazine-grip-black/,9990,19990,si,10
2026-09-21,09:25:15,airsoftdefence,CYTAC Duty Holster with Paddle Glock 17 Zurdo BK,https://airsoftdefence.com/producto/cytac-duty-holster-with-paddle-glock-17-zurdo-bk/,15000,49990,si,3
2026-09-21,09:25:15,airsoftdefence,DELTA BOTAS MILIT NEGRAS – 40,https://airsoftdefence.com/producto/delta-botas-milit-negras-40/,39990,39990,si,2
2026-09-21,09:25:15,airsoftdefence,SECUTOR ARMS Magazine Pistola G17 CO2 23rds,https://airsoftdefence.com/producto/secutor-arms-magazine-pistola-gladius-co2-23rds/,23500,49990,si,6
2026-09-21,09:25:15,airsoftdefence,COOPUSA Riel Picatinny 16cm,https://airsoftdefence.com/producto/coopusa-riel-picatinny-16cm/,4500,19990,si,6
2026-09-21,09:25:15,airsoftdefence,ACM Argolla QD TROY INDUSTRIES ring Black,https://airsoftdefence.com/producto/acm-argolla-qd-troy-industries-ring-black/,6500,15990,si,6
2026-09-21,09:25:15,airsoftdefence,ACM Argolla Pin QD Black,https://airsoftdefence.com/producto/acm-argolla-pin-qd-black/,3500,9990,si,155
2026-09-21,09:25:15,airsoftdefence,TOKYO MARUI  Magazine MyP 9 25 rondas,https://airsoftdefence.com/producto/tokyo-marui-magazine-myp-9-25-rondas/,15990,39990,si,3
2026-09-21,09:25:15,airsoftdefence,EMERSON Luz tipo V-Lite p/casco Naranja,https://airsoftdefence.com/producto/yzh-luz-tipo-v-lite-p-casco-emers-naran/,8990,10990,si,10
2026-09-21,09:25:15,airsoftdefence,ELEMENT Control Remoto Doble,https://airsoftdefence.com/producto/element-control-remoto-doble/,4990,19990,si,1
2026-09-21,09:25:15,airsoftdefence,ESDY SOFTSHELL AOR2 – M,https://airsoftdefence.com/producto/esdy-softshell-aor2-m/,15990,29990,si,1
2026-09-21,09:25:15,airsoftdefence,DELTA Botas 8″ Coyote Talla 46,https://airsoftdefence.com/producto/delta-botas-8-coyote-talla-46/,29990,39990,si,2
2026-09-21,09:25:15,airsoftdefence,ESDY BOTAS TAN – 40,https://airsoftdefence.com/producto/esdy-botas-tan-40/,20990,42990,si,1
2026-09-21,09:25:15,airsoftdefence,EMERSONGEARS Bermuda Blue Label G2 Ergonomic Fit Short RG-30,https://airsoftdefence.com/producto/emersongears-bermuda-blue-label-g2-ergonomic-fit-short-rg-30/,59990,59990,si,3
2026-09-21,09:25:15,airsoftdefence,EMERSONGEARS Chaqueta Vintage Style BDU Jacket   S,https://airsoftdefence.com/producto/emersongears-chaqueta-vintage-style-bdu-jacket-s/,19990,65990,si,2
2026-09-21,09:25:15,airsoftdefence,DELTA Botas 8″ Coyote Talla 43,https://airsoftdefence.com/producto/delta-botas-8-coyote-talla-43/,31990,39990,si,1
2026-09-21,09:25:15,airsoftdefence,LEVIATHAN Magazine M9,https://airsoftdefence.com/producto/leviathan-magazine-m9/,34990,34990,si,1
2026-09-21,09:25:15,airsoftdefence,RETRO ARMS Cut Off Lever V3 CNC,https://airsoftdefence.com/producto/retro-arms-cut-off-lever-v3-cnc/,21990,21990,si,14
2026-09-21,09:25:15,airsoftdefence,RETRO ARMS Cut Off Lever V2 CNC,https://airsoftdefence.com/producto/retro-arms-cut-off-lever-v2-cnc/,21990,21990,si,10
2026-09-21,09:25:15,airsoftdefence,RETRO ARMS Chamber V3 CNC,https://airsoftdefence.com/producto/retro-arms-chamber-v3-cnc/,59990,59990,si,2
2026-09-21,09:25:15,airsoftdefence,ACM Rieles MGP guide Black Corto,https://airsoftdefence.com/producto/acm-set-rieles-mgp-guide-black/,17990,17990,si,6
2026-09-21,09:25:15,airsoftdefence,ACM Riel Raised rails Black,https://airsoftdefence.com/producto/acm-riel-raised-rails-black/,13990,13990,si,30
2026-09-21,09:25:15,airsoftdefence,ACM Riel 7-slot elevation adjustable guide rail Black,https://airsoftdefence.com/producto/acm-riel-7-slot-elevation-adjustable-guide-rail-black/,19990,19990,si,31
2026-09-21,09:25:15,airsoftdefence,ACM Quick pull 5.56 Negro,https://airsoftdefence.com/producto/acm-quick-pull-5-56-negro/,8990,8990,si,4
2026-09-21,09:25:15,airsoftdefence,ACM Grip Striker Thumb Tan,https://airsoftdefence.com/producto/acm-grip-striker-thumb-tan/,16990,16990,si,8
2026-09-21,09:25:15,airsoftdefence,ACM Grip Striker Thumb Black,https://airsoftdefence.com/producto/acm-grip-striker-thumb-black/,16990,16990,si,4
2026-09-21,09:25:15,airsoftdefence,ACM Grip Short TD Tan,https://airsoftdefence.com/producto/acm-grip-short-td-tan/,13990,13990,si,11
2026-09-21,09:25:15,airsoftdefence,ACM Grip Short TD Black,https://airsoftdefence.com/producto/acm-grip-short-td-black/,13990,13990,si,15
2026-09-21,09:25:15,airsoftdefence,ACM Grip Round Tan,https://airsoftdefence.com/producto/acm-grip-round-tan/,16990,16990,si,13
2026-09-21,09:25:15,airsoftdefence,ACM Grip Round Black,https://airsoftdefence.com/producto/acm-grip-round-black/,16990,16990,si,24
2026-09-21,09:25:15,airsoftdefence,ACM Grip Python Tan,https://airsoftdefence.com/producto/acm-grip-python-tan/,13990,13990,si,10
2026-09-21,09:25:15,airsoftdefence,ACM Grip Python Black,https://airsoftdefence.com/producto/acm-grip-python-black/,13990,13990,si,7
2026-09-21,09:25:15,airsoftdefence,ACM Grip Long quick release TD Tan,https://airsoftdefence.com/producto/acm-grip-long-quick-release-td-tan/,16990,16990,si,10
2026-09-21,09:25:15,airsoftdefence,ACM Grip Long TD Tan,https://airsoftdefence.com/producto/acm-grip-long-td-tan/,16990,16990,si,16
2026-09-21,09:25:15,airsoftdefence,ACM Grip Long TD Black,https://airsoftdefence.com/producto/acm-grip-long-td-black/,16990,16990,si,12
2026-09-21,09:25:15,airsoftdefence,ACM Grip L Tan,https://airsoftdefence.com/producto/acm-grip-l-tan/,16990,16990,si,10
2026-09-21,09:25:15,airsoftdefence,ACM Grip L Black,https://airsoftdefence.com/producto/acm-grip-l-black/,16990,16990,si,6
2026-09-21,09:25:15,airsoftdefence,ACM Grip Knight Tan,https://airsoftdefence.com/producto/acm-grip-knight-tan/,16990,16990,si,8
2026-09-21,09:25:15,airsoftdefence,ACM Grip Knight Black,https://airsoftdefence.com/producto/acm-grip-knight-black/,16990,16990,si,18
2026-09-21,09:25:15,airsoftdefence,ACM Grip GG rail grip Black,https://airsoftdefence.com/producto/acm-grip-gg-rail-grip-black/,19990,19990,si,18
2026-09-21,09:25:15,airsoftdefence,ACM Grip Egg Grip Black,https://airsoftdefence.com/producto/acm-grip-egg-grip-black/,16990,16990,si,1
2026-09-21,09:25:15,airsoftdefence,ACM Grip Duck bill Tan,https://airsoftdefence.com/producto/acm-grip-duck-bill-tan/,13990,13990,si,12
2026-09-21,09:25:15,airsoftdefence,ACM Grip Duck bill Black,https://airsoftdefence.com/producto/acm-grip-duck-bill-black/,13990,13990,si,14
2026-09-21,09:25:15,airsoftdefence,ACM Grip Daniel Defence fore grip Tan,https://airsoftdefence.com/producto/acm-grip-daniel-defence-fore-grip-tan/,19990,19990,si,14
2026-09-21,09:25:15,airsoftdefence,ACM Grip Daniel Defence fore grip Black,https://airsoftdefence.com/producto/acm-grip-daniel-defence-fore-grip-black/,19990,19990,si,18
2026-09-21,09:25:15,airsoftdefence,ACM Grip Cobra Tan,https://airsoftdefence.com/producto/acm-grip-cobra-tan/,13990,13990,si,12
2026-09-21,09:25:15,airsoftdefence,ACM Grip Cobra Black,https://airsoftdefence.com/producto/acm-grip-cobra-black/,13990,13990,si,8
2026-09-21,09:25:15,airsoftdefence,ACM Flash Hider Tuning fork Black,https://airsoftdefence.com/producto/acm-flash-hider-tuning-fork-black/,16990,16990,si,7
2026-09-21,09:25:15,airsoftdefence,ACM Flash Hider Shark Black,https://airsoftdefence.com/producto/acm-flash-hider-shark-black/,16990,16990,si,7
2026-09-21,09:25:15,airsoftdefence,ACM Flash Hider Hexagon Black,https://airsoftdefence.com/producto/acm-flash-hider-hexagon-black/,16990,16990,si,7
2026-09-21,09:25:15,airsoftdefence,ACM Flash Hider Four-point flasher Black,https://airsoftdefence.com/producto/acm-flash-hider-four-point-flasher-black/,16990,16990,si,10
2026-09-21,09:25:15,airsoftdefence,ACM Flash Hider Birdcage Black,https://airsoftdefence.com/producto/acm-flash-hider-birdcage-black/,12990,12990,si,17
2026-09-21,09:25:15,airsoftdefence,ACM Flash Hider BCF Black,https://airsoftdefence.com/producto/acm-flash-hider-bcf-black/,19990,19990,si,12
2026-09-21,09:25:15,airsoftdefence,ACM Flash Hider 14 Dome,https://airsoftdefence.com/producto/acm-flash-hider-14-dome/,19990,19990,si,2
2026-09-21,09:25:15,airsoftdefence,ACM Cubre riel handguard Sand,https://airsoftdefence.com/producto/acm-cubre-riel-handguard-sand/,8990,8990,si,2
2026-09-21,09:25:15,airsoftdefence,ACM Cubre riel handguard Black,https://airsoftdefence.com/producto/acm-cubre-riel-handguard-black/,8990,8990,si,15
2026-09-21,09:25:15,airsoftdefence,ACM Correa Tactical single point harness Tan,https://airsoftdefence.com/producto/acm-correa-tactical-single-point-harness-tan/,10990,10990,si,2
2026-09-21,09:25:15,airsoftdefence,ACM Correa Tactical single point harness Green,https://airsoftdefence.com/producto/acm-correa-tactical-single-point-harness-green/,10990,10990,si,3
2026-09-21,09:25:15,airsoftdefence,ACM Correa Single buckle strap Tan,https://airsoftdefence.com/producto/acm-correa-single-buckle-strap-tan/,10990,10990,si,14
2026-09-21,09:25:15,airsoftdefence,ACM Correa Single buckle strap Green,https://airsoftdefence.com/producto/acm-correa-single-buckle-strap-green/,10990,10990,si,17
2026-09-21,09:25:15,airsoftdefence,ACM Correa Single buckle strap Black,https://airsoftdefence.com/producto/acm-correa-single-buckle-strap-black/,10990,10990,si,2
2026-09-21,09:25:15,airsoftdefence,ACM Correa Double buckle strap Tan,https://airsoftdefence.com/producto/acm-correa-double-buckle-strap-tan/,10990,10990,si,10
2026-09-21,09:25:15,airsoftdefence,ACM Correa Double buckle strap Green,https://airsoftdefence.com/producto/acm-correa-double-buckle-strap-green/,10990,10990,si,12
2026-09-21,09:25:15,airsoftdefence,ACM Correa Double buckle strap Black,https://airsoftdefence.com/producto/acm-correa-double-buckle-strap-black/,10990,10990,si,13
2026-09-21,09:25:15,airsoftdefence,ACM Argolla QD Raised Rails Black,https://airsoftdefence.com/producto/acm-argolla-qd-raised-rails-black/,13990,13990,si,5
2026-09-21,09:25:15,airsoftdefence,ACM Argolla DL ring Black,https://airsoftdefence.com/producto/acm-argolla-dl-ring-black/,9990,9990,si,11
2026-09-21,09:25:15,airsoftdefence,ACM Argolla Correa Black,https://airsoftdefence.com/producto/acm-argolla-correa-black/,9990,9990,si,80
2026-09-21,09:25:15,airsoftdefence,ACM  Skull Grip Tan,https://airsoftdefence.com/producto/acm-skull-grip-tan/,14990,14990,si,11
2026-09-21,09:25:15,airsoftdefence,ACM  Skull Grip Black,https://airsoftdefence.com/producto/acm-skull-grip-black/,14990,14990,si,9
2026-09-21,09:25:15,airsoftdefence,ACM  MWG Grip Tan,https://airsoftdefence.com/producto/acm-mwg-grip-tan/,12990,12990,si,11
2026-09-21,09:25:15,airsoftdefence,ACM  MWG Grip Black,https://airsoftdefence.com/producto/acm-mwg-grip-black/,12990,12990,si,2
2026-09-21,09:25:15,airsoftdefence,ACM  GLOCK-Grip cover Tan,https://airsoftdefence.com/producto/acm-glock-grip-cover-tan/,10990,10990,si,18
2026-09-21,09:25:15,airsoftdefence,ACM  GLOCK-Grip cover Black,https://airsoftdefence.com/producto/acm-glock-grip-cover-black/,10990,10990,si,26
2026-09-21,09:25:15,airsoftdefence,APS XTP Aggrandize Nozzle,https://airsoftdefence.com/producto/aps-xtp-aggrandize-nozzle/,15990,15990,si,2
2026-09-21,09:25:15,airsoftdefence,APS V3 Hop Up Chamber,https://airsoftdefence.com/producto/aps-v3-hop-up-chamber/,17990,17990,si,1
2026-09-21,09:25:15,airsoftdefence,APS V3 Cut Off Lever,https://airsoftdefence.com/producto/aps-v3-cut-off-lever/,10990,10990,si,2
2026-09-21,09:25:15,airsoftdefence,APS Tool for magazine,https://airsoftdefence.com/producto/aps-tool-for-magazine/,6990,6990,si,2
2026-09-21,09:25:15,airsoftdefence,APS Striker Pin,https://airsoftdefence.com/producto/aps-striker-pin/,9990,9990,si,1
2026-09-21,09:25:15,airsoftdefence,APS Spoon Type Main Core,https://airsoftdefence.com/producto/aps-spoon-type-main-core/,29990,29990,si,13
2026-09-21,09:25:15,airsoftdefence,APS Safety Pin Pack of 12pcs,https://airsoftdefence.com/producto/aps-safety-pin-pack-of-12pcs/,12990,12990,si,7
2026-09-21,09:25:15,airsoftdefence,APS One Step Magazine Base,https://airsoftdefence.com/producto/aps-one-step-magazine-base/,19990,19990,si,1
2026-09-21,09:25:15,airsoftdefence,APS Micro FET for V2 / V3,https://airsoftdefence.com/producto/aps-micro-fet-for-v2-v3/,45990,45990,si,3
2026-09-21,09:25:15,airsoftdefence,APS High Cap Up Mags 190rds Tan,https://airsoftdefence.com/producto/aps-high-cap-up-mags-190rds-tan/,18990,18990,si,2
2026-09-21,09:25:15,airsoftdefence,APS High Cap U Mags Black,https://airsoftdefence.com/producto/aps-high-cap-u-mags-black/,19990,19990,si,8
2026-09-21,09:25:15,airsoftdefence,APS Heat Sink,https://airsoftdefence.com/producto/aps-heat-sink/,9990,9990,si,1
2026-09-21,09:25:15,airsoftdefence,APS Flash Light mount Black,https://airsoftdefence.com/producto/aps-flash-light-mount-black/,14990,14990,si,2
2026-09-21,09:25:15,airsoftdefence,APS Fire Lever,https://airsoftdefence.com/producto/aps-fire-lever/,9990,9990,si,1
2026-09-21,09:25:15,airsoftdefence,APS EBB Recoil Spring,https://airsoftdefence.com/producto/aps-ebb-recoil-spring/,7990,7990,si,2
2026-09-21,09:25:15,airsoftdefence,APS Double O-ring Cylinder Head,https://airsoftdefence.com/producto/aps-double-o-ring-cylinder-head/,19990,19990,si,1
2026-09-21,09:25:15,airsoftdefence,APS Athena Back up Sight,https://airsoftdefence.com/producto/aps-athena-back-up-sight/,53990,53990,si,1
2026-09-21,09:25:15,airsoftdefence,Correa MS2 1  y 2 puntas Color TAN,https://airsoftdefence.com/producto/correa-ms2-1-y-2-puntas-color-tan/,9990,12990,si,6
2026-09-21,09:25:15,airsoftdefence,LEVIATHAN Magazine P17/18 23rds,https://airsoftdefence.com/producto/leviathan-magazine-p17-18-23rds/,34990,44990,si,5
2026-09-21,09:25:15,airsoftdefence,ASG ULTRAIR Spray de aceite de silicona 60ml,https://airsoftdefence.com/producto/asg-ultrair-spray-de-aceite-de-silicona-60ml/,7990,7990,si,52
2026-09-21,09:25:15,airsoftdefence,VALKEN Gancho Porta Replica Trasero Plastico,https://airsoftdefence.com/producto/valken-gancho-porta-replica-trasero-plastico/,7990,7990,si,4
2026-09-21,09:25:15,airsoftdefence,SPECNA ARMS Set Gears Normal Acero para V2,https://airsoftdefence.com/producto/specna-arms-set-gears-normal-acero-para-v2/,35990,35990,si,2
2026-09-21,09:25:15,airsoftdefence,SPECNA ARMS Cilindro M4 Tipo 0,https://airsoftdefence.com/producto/specna-arms-cilindro-m4-tipo-0/,12990,12990,si,1
2026-09-21,09:25:15,airsoftdefence,SPECNA ARMS Air Seal Nozzle para G36,https://airsoftdefence.com/producto/specna-arms-air-seal-nozzle-para-g36/,9990,9990,si,3
2026-09-21,09:25:15,airsoftdefence,SHS Tappet Plate para AK Series V3,https://airsoftdefence.com/producto/shs-tappet-plate-para-ak-series-v3/,9990,9990,si,1
2026-09-21,09:25:15,airsoftdefence,SHS Selector Plate para AK,https://airsoftdefence.com/producto/shs-selector-plate-para-ak/,6990,6990,si,1
2026-09-21,09:25:15,airsoftdefence,BOLT Handstop Tan,https://airsoftdefence.com/producto/bolt-handstop-tan/,8990,8990,si,1
2026-09-21,09:25:15,airsoftdefence,BOLT Handstop BK,https://airsoftdefence.com/producto/bolt-handstop-bk/,8990,8990,si,1
2026-09-21,09:25:15,airsoftdefence,APS Gancho Porta Réplica Trasero Metálico,https://airsoftdefence.com/producto/aps-gancho-porta-replica-trasero-metalico/,10990,10990,si,3
2026-09-21,09:25:15,airsoftdefence,KJW Cargador de Gas para modelos KP-13,https://airsoftdefence.com/producto/kjw-cargador-de-gas-para-modelos-kp-13/,35990,35990,si,1
2026-09-21,09:25:15,airsoftdefence,SPECNA ARMS Sector Gear Delayer para V2,https://airsoftdefence.com/producto/specna-arms-sector-gear-delayer-para-v2/,990,990,si,5
2026-09-21,09:25:15,airsoftdefence,SPECNA ARMS Goma Hop Up 60º con Spacer,https://airsoftdefence.com/producto/specna-arms-goma-hop-up-60o-con-spacer/,7990,7990,si,11
2026-09-21,09:25:15,airsoftdefence,SPECNA ARMS Bearing (rodamientos) de 8mm,https://airsoftdefence.com/producto/specna-arms-bearing-rodamientos-de-8mm/,8990,8990,si,9
2026-09-21,09:25:15,airsoftdefence,HENGSHENG Resorte AEG M100,https://airsoftdefence.com/producto/hengsheng-resorte-aeg-m100/,9990,9990,si,3
2026-09-21,09:25:15,airsoftdefence,BEEMAN Blancos PROF N°6 10 unidades,https://airsoftdefence.com/producto/beeman-blancos-prof-n6-10-unidades/,1990,1990,si,3
2026-09-21,09:25:15,airsoftdefence,EVIKE CAJA DE MUNICION EVIKE.COM “MADE IN USA” con Bolsa Balines 0.20,https://airsoftdefence.com/producto/evike-caja-de-municion-evike-com-made-in-usa-m4-pack/,59990,79990,si,2
2026-09-21,09:25:15,airsoftdefence,EMERSON POUCH RADIO NEGRO,https://airsoftdefence.com/producto/emerson-pouch-radio-negro/,25990,25990,si,3
2026-09-21,09:25:15,airsoftdefence,EMERSON POUCH DOBLE 5.56 COYOTE,https://airsoftdefence.com/producto/emerson-pouch-doble-5-56-coyote/,15990,15990,si,6
2026-09-21,09:25:15,airsoftdefence,EARMOR TAPONES AUDITIVOS M04,https://airsoftdefence.com/producto/earmor-tapones-auditivos-m04/,990,990,si,79
2026-09-21,09:25:15,airsoftdefence,EARMOR PTT M52 MIL-PRC 5 PINs,https://airsoftdefence.com/producto/earmor-ptt-m52-mil-prc-5-pins/,69990,69990,si,8
2026-09-21,09:25:15,airsoftdefence,EARMOR CONTENEDOR PARA TAPONES EARMOR,https://airsoftdefence.com/producto/earmor-contenedor-para-tapones-earmor/,1990,1990,si,3
2026-09-21,09:25:15,airsoftdefence,CYTAC PORTA LINTERNA UNIVERSAL – Coyote,https://airsoftdefence.com/producto/cytac-porta-linterna-universal-coyote/,16990,16990,si,1
2026-09-21,09:25:15,airsoftdefence,CYTAC PORTA BASTON UNIVERSAL – Coyote,https://airsoftdefence.com/producto/cytac-porta-baston-universal-coyote/,20990,20990,si,1
2026-09-21,09:25:15,airsoftdefence,AW CUSTOM CQB RUSO ADAPTADOR DE VALVULA PARA TOKYO MARUI QD HPA Y CARGADORES GREEN GAS,https://airsoftdefence.com/producto/aw-custom-cqb-ruso-adaptador-de-valvula-para-tokyo-marui-qd-hpa-y-cargadores-green-gas/,32990,32990,si,3
2026-09-21,09:25:15,airsoftdefence,AW CUSTOM ADAPTADOR DE VALVULA AW QD HPA Y CARGADORES GREEN GAS,https://airsoftdefence.com/producto/aw-custom-adaptador-de-valvula-aw-qd-hpa-y-cargadores-green-gas/,17990,17990,si,2
2026-09-21,09:25:15,airsoftdefence,LEVIATHAN ARMS Balines 0.30gr Botella (5600rds),https://airsoftdefence.com/producto/leviathan-arms-balines-0-30gr-botella-5600rds/,29990,32990,si,10
2026-09-21,09:25:15,airsoftdefence,MAPLE LEAF Goma Hop Up 75°,https://airsoftdefence.com/producto/maple-leaf-goma-hop-up-75/,13990,13990,si,2
2026-09-21,09:25:15,airsoftdefence,EMERSON BLUE LABEL Porta Casquillos de escopeta para IPCS.,https://airsoftdefence.com/producto/yzh-porta-casquillos-de-escopeta-para-ipcs/,43990,43990,si,3
2026-09-21,09:25:15,airsoftdefence,TMC Arnes de nylon 1961,https://airsoftdefence.com/producto/tmc-arnes-de-nylon-1961/,44990,44990,si,1
2026-09-21,09:25:15,airsoftdefence,EMERSON Pouch 5.56 Pistol Single Open Top Magazine Negro,https://airsoftdefence.com/producto/emerson-pouch-5-56-pistol-single-open-top-magazine-negro/,15990,15990,si,5
2026-09-21,09:25:15,airsoftdefence,EMERSON Cinturon COBRA 1.75 INCH Coyore Talla L,https://airsoftdefence.com/producto/emerson-cinturon-cobra-1-75-inch-coyore-talla-l/,59990,59990,si,1
2026-09-21,09:25:15,airsoftdefence,EMERSON Bolsillo triple para cargadores Negro,https://airsoftdefence.com/producto/emerson-bolsillo-triple-para-cargadores-negro/,31990,31990,si,1
2026-09-21,09:25:15,airsoftdefence,EMERSON BOLSILLO PARA GUANTES / BK,https://airsoftdefence.com/producto/yzh-bolsillo-para-guantes-bk/,15990,15990,si,1
2026-09-21,09:25:15,airsoftdefence,EMERSON Bolsillo para tiros de escopeta MC 50,https://airsoftdefence.com/producto/yzh-bolsillo-para-tiros-de-escopeta-mc-50/,23990,23990,si,3
2026-09-21,09:25:15,airsoftdefence,ALPHA SERIES Balines Premium Grade 0.30gr (1kg),https://airsoftdefence.com/producto/balines-alpha-premium-grade-0-30-gr/,13990,16990,si,137
2026-09-21,09:25:15,airsoftdefence,ACM Pouch Scorpion 5.56 Negro,https://airsoftdefence.com/producto/acm-pouch-scorpion-5-56-negro/,9500,9990,si,3
2026-09-21,09:25:15,airsoftdefence,BIGDRAGON Firefox NI-MH 3000 mAh 9.6 V,https://airsoftdefence.com/producto/yzh-firefox-ni-mh-3000-mah-9-6-v/,42990,42990,si,3
2026-09-21,09:25:15,airsoftdefence,DEFENCE Parche Cruz de la Vida Negro,https://airsoftdefence.com/producto/defence-parche-cruz-de-la-vida-negro/,3500,3990,si,2
2026-09-21,09:25:15,airsoftdefence,ACERO Botas Titan Desert Talla 45,https://airsoftdefence.com/producto/acero-botas-titan-desert-talla-45/,39990,79990,si,1
2026-09-21,09:25:15,airsoftdefence,EMERSON LBT1961A-R Chest Rig MCBK,https://airsoftdefence.com/producto/emerson-lbt1961a-r-chest-rig-mcbk/,169990,169990,si,2
2026-09-21,09:25:15,airsoftdefence,EMERSON Cinturon de Rappel CQB CB/ XL,https://airsoftdefence.com/producto/yzh-cinturon-de-rappel-cqb-cb-xl/,16990,16990,si,5
2026-09-21,09:25:15,airsoftdefence,UVX Crema Protección Solar 120 Grs. Premium – U,https://airsoftdefence.com/producto/uvx-crema-proteccion-solar-120-grs-premium-u/,4990,4990,si,8
2026-09-21,09:25:15,airsoftdefence,WOSPORT PTT U94 – MOTOROLA 1 Pin,https://airsoftdefence.com/producto/wosport-ptt-u94-motorola-1-pin/,10990,10990,si,9
2026-09-21,09:25:15,airsoftdefence,WOSPORT M?scara IRON WARRIOR TAN,https://airsoftdefence.com/producto/wosport-mascara-iron-warrior-tan/,25990,25990,si,4
2026-09-21,09:25:15,airsoftdefence,WOSPORT M?scara IRON WARRIOR MC,https://airsoftdefence.com/producto/wosport-mascara-iron-warrior-mc/,25990,25990,si,5
2026-09-21,09:25:15,airsoftdefence,WOSPORT Mascara IRON WARRIOR FULL FACE para Casco FAST Negro,https://airsoftdefence.com/producto/wosport-mascara-iron-warrior-full-face-para-casco-fast-negro/,25990,25990,si,4
2026-09-21,09:25:15,airsoftdefence,WOSPORT Mascara IRON WARRIOR FULL FACE para Casco FAST MC,https://airsoftdefence.com/producto/wosport-mascara-iron-warrior-full-face-para-casco-fast-mc/,25990,25990,si,3
2026-09-21,09:25:15,airsoftdefence,"WOSPORT Adaptador USB-C a 3,5mm JACK AUDIO",https://airsoftdefence.com/producto/wosport-adaptador-usb-c-a-35mm-jack-audio/,9990,9990,si,5
2026-09-21,09:25:15,airsoftdefence,WELL Kit Completo Resorte y Gu?a para Sniper MB04,https://airsoftdefence.com/producto/well-kit-completo-resorte-y-guia-para-sniper-mb04/,29990,29990,si,1
2026-09-21,09:25:15,airsoftdefence,ROYAL Tappet Plate para AK Series,https://airsoftdefence.com/producto/royal-tappet-plate-para-ak-series/,9990,9990,si,9
2026-09-21,09:25:15,airsoftdefence,ROYAL Cut Off para AK SERIES,https://airsoftdefence.com/producto/royal-cut-off-para-ak-series/,9990,9990,si,3
2026-09-21,09:25:15,airsoftdefence,ROYAL Bolsa para Carga de Balines Woddland,https://airsoftdefence.com/producto/royal-bolsa-para-carga-de-balines-woddland/,4990,4990,si,5
2026-09-21,09:25:15,airsoftdefence,POINT Cabeza de Cilindro Silenciada de Aluminio para Gearbox V2,https://airsoftdefence.com/producto/point-cabeza-de-cilindro-silenciada-de-aluminio-para-gearbox-v2/,15990,15990,si,3
2026-09-21,09:25:15,airsoftdefence,GyG Tappet Plate para M4/M16 SERIES,https://airsoftdefence.com/producto/gg-tappet-plate-para-m4-m16-series/,14990,14990,si,5
2026-09-21,09:25:15,airsoftdefence,GyG Tappet Plate 2ND GENERATION para M4/M16,https://airsoftdefence.com/producto/gg-tappet-plate-2nd-generation-para-m4-m16/,14990,14990,si,4
2026-09-21,09:25:15,airsoftdefence,GyG Selector Plate para M4/M16,https://airsoftdefence.com/producto/gg-selector-plate-para-m4-m16/,9990,9990,si,3
2026-09-21,09:25:15,airsoftdefence,GyG Kit Cut Off Seguro y Resorte Tappet Plate para V2,https://airsoftdefence.com/producto/gg-kit-cut-off-seguro-y-resorte-tappet-plate-para-v2/,19990,19990,si,9
2026-09-21,09:25:15,airsoftdefence,GyG Cut Off V3,https://airsoftdefence.com/producto/gg-cut-off-v3/,15990,15990,si,6
2026-09-21,09:25:15,airsoftdefence,ARES Magazine HI-CAP 380rds para SCAR H SERIES,https://airsoftdefence.com/producto/ares-magazine-hi-cap-380rds-para-scar-h-series/,29990,29990,si,1
2026-09-21,09:25:15,airsoftdefence,ARES Kit Cabeza de Piston y Piston FULL-TEETH,https://airsoftdefence.com/producto/ares-kit-cabeza-de-piston-y-piston-full-teeth/,39990,39990,si,4
2026-09-21,09:25:15,airsoftdefence,ASG Maleta para Pistola Strike Systems 7x18x29cm Negro,https://airsoftdefence.com/producto/asg-maleta-para-pistola-strike-systems-7x18x29cm-negro/,35990,35990,si,7
2026-09-21,09:25:15,airsoftdefence,DELTA Botas 8″ Negro Talla 41,https://airsoftdefence.com/producto/delta-botas-8-negro-talla-41/,29990,39990,si,1
2026-09-21,09:25:15,airsoftdefence,COMBO Leviathan KJW Defence Keymod,https://airsoftdefence.com/producto/combo-leviathan-kjw-defence-keymod-2/,179990,204960,si,N/A
2026-09-21,09:25:15,airsoftdefence,DEFENCE Parche Grupo Sanguineo Multicam AB+,https://airsoftdefence.com/producto/defence-parche-grupo-sanguineo-multicam-ab/,2500,3500,si,2
2026-09-21,09:25:15,airsoftdefence,DEFENCE Parche Grupo Sanguineo B+,https://airsoftdefence.com/producto/defence-parche-grupo-sanguineo-b/,2500,3500,si,1
2026-09-21,09:25:15,airsoftdefence,DEFENCE Parche Grupo Sanguineo AB+,https://airsoftdefence.com/producto/defence-parche-grupo-sanguineo-ab/,2500,3500,si,2
2026-09-21,09:25:15,airsoftdefence,WOSPORT Amplificador y Atenuador de Sonido IPSC HD-12 Coyote,https://airsoftdefence.com/producto/wosport-amplificador-y-atenuador-de-sonido-ipsc-hd-12-coyote/,69990,85990,si,1
2026-09-21,09:25:15,airsoftdefence,ACM Holster Universal Negro,https://airsoftdefence.com/producto/acm-holster-universal-negro/,10990,16990,si,2
2026-09-21,09:25:15,airsoftdefence,ACM Guante de Polar Negro,https://airsoftdefence.com/producto/acm-guante-de-polar-negro/,4990,6990,si,10
2026-09-21,09:25:15,airsoftdefence,ACTION ARMY A11-002 KJ Works/WE Adaptador HPA (EU),https://airsoftdefence.com/producto/action-army-a11-002-kj-works-we-adaptador-hpa-eu/,25990,25990,si,8
2026-09-21,09:25:15,airsoftdefence,ACM Pouch Scorpion 9mm OD,https://airsoftdefence.com/producto/acm-pouch-scorpion-9mm-od/,8990,9990,si,3
2026-09-21,09:25:15,airsoftdefence,WILEY X ARC Rail Attachment Clip y Bar Set for RAS Tan,https://airsoftdefence.com/producto/wiley-x-arc-rail-attachment-clip-bar-set-for-ras-tan/,9990,9990,si,2
2026-09-21,09:25:15,airsoftdefence,PROMETHEUS Flat Hop Tensioner (Bridge Type),https://airsoftdefence.com/producto/prometheus-flat-hop-tensioner-bridge-type/,24990,24990,si,7
2026-09-21,09:25:15,airsoftdefence,MODIFY Rodaminetos Ball Bearing 7mm (6 pcs),https://airsoftdefence.com/producto/modify-rodaminetos-ball-bearing-7mm-6-pcs/,25990,25990,si,4
2026-09-21,09:25:15,airsoftdefence,MODIFY Pouch para culata Tan,https://airsoftdefence.com/producto/modify-pouch-para-culata-tan/,25990,25990,si,2
2026-09-21,09:25:15,airsoftdefence,MODIFY Improved Hop Up Bucking,https://airsoftdefence.com/producto/modify-improved-hop-up-bucking/,9990,9990,si,12
2026-09-21,09:25:15,airsoftdefence,MODIFY Anti Reversal Latch para Marui Series Ver.2/Ver.3,https://airsoftdefence.com/producto/modify-anti-reversal-latch-para-marui-series-ver-2-ver-3/,14990,14990,si,15
2026-09-21,09:25:15,airsoftdefence,MODIFY Aluminum Cabeza de Cilindro for Ver.3,https://airsoftdefence.com/producto/modify-aluminum-cabeza-de-cilindro-for-ver-3/,25990,25990,si,2
2026-09-21,09:25:15,airsoftdefence,MEC M-Valvula Modelo: TM MWS/Hi-Capa,https://airsoftdefence.com/producto/mec-m-valvula-modelo-tm-mws-hi-capa/,24990,24990,si,3
2026-09-21,09:25:15,airsoftdefence,MEC M-Valvula Modelo: TM G17,https://airsoftdefence.com/producto/mec-m-valvula-modelo-tm-g17/,24990,24990,si,7
2026-09-21,09:25:15,airsoftdefence,MADBULL Canon Precision 6.03mm Black Python Tight Bore Barrel 229mm Ver. 2,https://airsoftdefence.com/producto/madbull-canon-precision-6-03mm-black-python-tight-bore-barrel-229mm-ver-2/,29990,29990,si,2
2026-09-21,09:25:15,airsoftdefence,KJ WORKS PRMII KP-05/KP-06/KP-07/KP-8 Montura para Pistola Negro,https://airsoftdefence.com/producto/kj-works-prmii-kp-05-kp-06-kp-07-kp-8-montura-para-pistola-negro/,59990,59990,si,4
2026-09-21,09:25:15,airsoftdefence,GyG Reinforced Cabeza de Piston for Ver.II .III (Blue) G-10-070-1,https://airsoftdefence.com/producto/gg-reinforced-cabeza-de-piston-for-ver-ii-iii-blue-g-10-070-1/,23990,23990,si,2
2026-09-21,09:25:15,airsoftdefence,GyG Cabeza de Cilindro Ver. II / G-10-006,https://airsoftdefence.com/producto/gg-cabeza-de-cilindro-ver-ii-g-10-006/,14990,14990,si,15
2026-09-21,09:25:15,airsoftdefence,GyG Air Nozzle for CM16 / G-17-010,https://airsoftdefence.com/producto/gg-air-nozzle-for-cm16-g-17-010/,9990,9990,si,5
2026-09-21,09:25:15,airsoftdefence,EMERSON GEAR EM8620 FAST Clip para Antiparras Color: Tan,https://airsoftdefence.com/producto/emerson-gear-em8620-fast-clip-para-antiparras-color-tan/,9990,9990,si,4
2026-09-21,09:25:15,airsoftdefence,EMERSON GEAR EM8620 FAST Clip para Antiparras Color: Negro,https://airsoftdefence.com/producto/emerson-gear-em8620-fast-clip-para-antiparras-color-negro/,9990,9990,si,2
2026-09-21,09:25:15,airsoftdefence,DCI GUNS RMR Dot Sight Montura V2.0 Modelo: TM M1911A1,https://airsoftdefence.com/producto/dci-guns-rmr-dot-sight-montura-v2-0-modelo-tm-m1911a1/,41990,41990,si,1
2026-09-21,09:25:15,airsoftdefence,DCI GUNS MRS Dot Sight Montura V2.0 Modelo: TM G18C AEP,https://airsoftdefence.com/producto/dci-guns-mrs-dot-sight-montura-v2-0-modelo-tm-g18c-aep/,41990,41990,si,1
2026-09-21,09:25:15,airsoftdefence,DCI GUNS RMR Dot Sight Montura V2.0 Modelo: TM G18C,https://airsoftdefence.com/producto/dci-guns-rmr-dot-sight-montura-v2-0-modelo-tm-g18c/,41990,41990,si,3
2026-09-21,09:25:15,airsoftdefence,DCI GUNS RMR Dot Sight Montura V2.0 Modelo: TM Desert Eagle.50AE,https://airsoftdefence.com/producto/dci-guns-rmr-dot-sight-montura-v2-0-modelo-tm-desert-eagle-50ae/,41990,41990,si,2
2026-09-21,09:25:15,airsoftdefence,DCI GUNS RMR Dot Sight Montura V2.0 Modelo: GyG GTP9,https://airsoftdefence.com/producto/dci-guns-rmr-dot-sight-montura-v2-0-modelo-gg-gtp9/,41990,41990,si,2
2026-09-21,09:25:15,airsoftdefence,DCI GUNS MRS Dot Sight Montura V2.0 Modelo: TM MEU/Night Warrior,https://airsoftdefence.com/producto/dci-guns-mrs-dot-sight-montura-v2-0-modelo-tm-meu-night-warrior/,41990,41990,si,1
2026-09-21,09:25:15,airsoftdefence,DCI GUNS MRS Dot Sight Montura V2.0 Modelo: TM M1911A1,https://airsoftdefence.com/producto/dci-guns-mrs-dot-sight-montura-v2-0-modelo-tm-m1911a1/,41990,41990,si,1
2026-09-21,09:25:15,airsoftdefence,DCI GUNS MRS Dot Sight Montura V2.0 Modelo: TM MyP9,https://airsoftdefence.com/producto/dci-guns-mrs-dot-sight-montura-v2-0-modelo-tm-mp9/,41990,41990,si,2
2026-09-21,09:25:15,airsoftdefence,DCI GUNS MRS Dot Sight Montura V2.0 Modelo: TM G18C,https://airsoftdefence.com/producto/dci-guns-mrs-dot-sight-montura-v2-0-modelo-tm-g18c/,41990,41990,si,3
2026-09-21,09:25:15,airsoftdefence,DCI GUNS MRS Dot Sight Montura V2.0 Modelo: TM Desert Eagle.50AE,https://airsoftdefence.com/producto/dci-guns-mrs-dot-sight-montura-v2-0-modelo-tm-desert-eagle-50ae/,41990,41990,si,1
2026-09-21,09:25:15,airsoftdefence,DCI GUNS 20mm Riel Montura V2.0 Modelo: TM G18C AEP,https://airsoftdefence.com/producto/dci-guns-20mm-riel-montura-v2-0-modelo-tm-g18c-aep/,41990,41990,si,1
2026-09-21,09:25:15,airsoftdefence,AIRTECH STUDIOS Krytac Kriss Vector IBS Inner Barrel Stabilizador,https://airsoftdefence.com/producto/airtech-studios-krytac-kriss-vector-ibs-inner-barrel-stabilizador/,10990,10990,si,3
2026-09-21,09:25:15,airsoftdefence,AIRTECH STUDIOS GIK V2-V9 Gearbox Installation Kit,https://airsoftdefence.com/producto/airtech-studios-gik-v2-v9-gearbox-installation-kit/,19990,19990,si,2
2026-09-21,09:25:15,airsoftdefence,DEFENCE Parche Estrella Medica Rojo Corte Laser OD,https://airsoftdefence.com/producto/defence-parche-estrella-medica-rojo-corte-laser-od/,5000,5000,si,1
2026-09-21,09:25:15,airsoftdefence,TOKYO MARUI 7.2V Micro Battery Charger 100V (175786),https://airsoftdefence.com/producto/tokyo-marui-7-2v-micro-battery-charger-100v-175786/,29990,29990,si,2
2026-09-21,09:25:15,airsoftdefence,PTS Montura Enhanced Sling Plate QD (ESP-QD) GBB,https://airsoftdefence.com/producto/pts-montura-enhanced-sling-plate-qd-esp-qd-gbb/,29990,29990,si,3
2026-09-21,09:25:15,airsoftdefence,PTS Montura Enhanced Sling Plate QD (ESP-QD) AEG,https://airsoftdefence.com/producto/pts-montura-enhanced-sling-plate-qd-esp-qd-aeg/,29990,29990,si,4
2026-09-21,09:25:15,airsoftdefence,NINE BALL External Battery Conversion Adapter MP7A1,https://airsoftdefence.com/producto/nine-ball-external-battery-conversion-adapter-mp7a1/,25990,25990,si,1
2026-09-21,09:25:15,airsoftdefence,MiC DESIGN Mascara FAST Helmet Mask MC,https://airsoftdefence.com/producto/mic-design-mascara-fast-helmet-mask-mc/,26990,26990,si,1
2026-09-21,09:25:15,airsoftdefence,LCT M-066 M4 60rds Metal Magazine (Tan),https://airsoftdefence.com/producto/lct-m-066-m4-60rds-metal-magazine-tan/,19990,19990,si,1
2026-09-21,09:25:15,airsoftdefence,ICS MG-39 IK/ICAR Hi-Cap Magazine (Galil),https://airsoftdefence.com/producto/ics-mg-39-ik-icar-hi-cap-magazine-galil/,29990,29990,si,8
2026-09-21,09:25:15,airsoftdefence,ICS MA-328 T4 Tactical Magazine Hi-Cap Tan,https://airsoftdefence.com/producto/ics-ma-328-t4-tactical-magazine-hi-cap-tan/,21990,21990,si,4
2026-09-21,09:25:15,airsoftdefence,ICS MA-150 T4 Tactical Magazine Hi-Cap,https://airsoftdefence.com/producto/ics-ma-150-t4-tactical-magazine-hi-cap/,24990,24990,si,8
2026-09-21,09:25:15,airsoftdefence,GyG Bottom Grip Set for SG (SG-550-27),https://airsoftdefence.com/producto/gyg-bottom-grip-set-for-sg-sg-550-27/,6990,6990,si,1
2026-09-21,09:25:15,airsoftdefence,GRIZZLY Plataforma Molle OD,https://airsoftdefence.com/producto/grizzly-plataforma-molle-od/,25990,25990,si,5
2026-09-21,09:25:15,airsoftdefence,GRIZZLY Cinturon Cobra Coyote Tallas XL 105 a 115cm,https://airsoftdefence.com/producto/grizzly-cinturon-cobra-coyote-tallas-xl-105-a-115cm/,18990,18990,si,1
2026-09-21,09:25:15,airsoftdefence,FMA CLIP WEAPONLINK SMR FMA PARA MOLLE FDE,https://airsoftdefence.com/producto/fma-clip-weaponlink-smr-fma-para-molle-fde/,29990,29990,si,1
2026-09-21,09:25:15,airsoftdefence,EMERSON GEAR Mochila Civilian Casual Backpack AOR1,https://airsoftdefence.com/producto/emerson-gear-mochila-civilian-casual-backpack-aor1/,39990,39990,si,1
2026-09-21,09:25:15,airsoftdefence,EMERSON GEAR Fight Multi-Purpose Pouch MC Black,https://airsoftdefence.com/producto/emerson-gear-fight-multi-purpose-pouch-mc-black/,21990,21990,si,2
2026-09-21,09:25:15,airsoftdefence,EMERSON GEAR 5.56mm Tactical MAGPouch MC Black,https://airsoftdefence.com/producto/emerson-gear-5-56mm-tactical-magpouch-mc-black/,15990,15990,si,1
2026-09-21,09:25:15,airsoftdefence,DRAGONPRO Bateria Lipo 11.1V 3000mAh 20C (1+1+1) 128x21x17.5mm,https://airsoftdefence.com/producto/dragonpro-bateria-lipo-11-1v-3000mah-20c-111-128x21x17-5mm/,41990,41990,si,5
2026-09-21,09:25:15,airsoftdefence,DRAGONPRO Bateria 7.4V 2000mAh 20C LiPO (1+1) 128x21x12.5mm,https://airsoftdefence.com/producto/dragonpro-bateria-7-4v-2000mah-20c-lipo-11-128x21x12-5mm/,29990,29990,si,9
2026-09-21,09:25:15,airsoftdefence,CYTAC Holster R-Defender G3 Series CZ75 BK,https://airsoftdefence.com/producto/cytac-holster-r-defender-g3-series-cz75-bk/,24000,24000,si,3
2026-09-21,09:25:15,airsoftdefence,CYTAC Holster R-Defender G3 Series Beretta 92 Zurdo BK,https://airsoftdefence.com/producto/cytac-holster-r-defender-g3-series-beretta-92-zurdo-bk/,24000,24000,si,3
2026-09-21,09:25:15,airsoftdefence,ABBEY Multi Coated Lens Cleaner 100ml,https://airsoftdefence.com/producto/abbey-multi-coated-lens-cleaner-100ml/,10990,10990,si,4
2026-09-21,09:25:15,airsoftdefence,ABBEY Blu Gel 75gm,https://airsoftdefence.com/producto/abbey-blu-gel-75gm/,12990,12990,si,1
2026-09-21,09:25:15,airsoftdefence,EMERSONGEARS Camisa BlueLabel Ventilation Tactical Shirt SM-XL,https://airsoftdefence.com/producto/emersongears-camisa-bluelabel-ventilation-tactical-shirt-sm-xl/,69990,69990,si,1
2026-09-21,09:25:15,airsoftdefence,EMERSON Pouch LBT Style Single Frag Grenade Pouch CB500D,https://airsoftdefence.com/producto/emerson-pouch-lbt-style-single-frag-grenade-pouch-cb500d/,14990,14990,si,1
2026-09-21,09:25:15,airsoftdefence,EMERSON Parche Reapers patch RED,https://airsoftdefence.com/producto/emerson-parche-reapers-patch-red/,3990,3990,si,1
2026-09-21,09:25:15,airsoftdefence,EMERSON Parche Reapers patch BLUE,https://airsoftdefence.com/producto/emerson-parche-reapers-patch-blue/,3990,3990,si,6
2026-09-21,09:25:15,airsoftdefence,EMERSON Parche Medic Square 1inch PVC Patchs-1,https://airsoftdefence.com/producto/emerson-parche-medic-square-1inch-pvc-patchs-1/,3990,3990,si,1
2026-09-21,09:25:15,airsoftdefence,WADSN ModButton Lite SF/2.5,https://airsoftdefence.com/producto/wadsn-modbutton-lite-sf-2-5/,19990,19990,si,1
2026-09-21,09:25:15,airsoftdefence,FKB Cargador de Bateria Ni-Mh / Ni-Cd (Small Plug) 250mAh,https://airsoftdefence.com/producto/fkb-cargador-de-bateria-ni-mh-ni-cd-small-plug-250mah/,12990,12990,si,2
2026-09-21,09:25:15,airsoftdefence,Gift Card Virtual,https://airsoftdefence.com/producto/gift-card-virtual/,0,0,si,91
2026-09-21,09:25:15,airsoftdefence,Gift Card Virtual 10 Mil,https://airsoftdefence.com/producto/gift-card-virtual-10-mil/,0,0,si,100
2026-09-21,09:25:15,airsoftdefence,WELL Magazine Sniper Serie 44 50rds,https://airsoftdefence.com/producto/well-magazine-sniper-serie-44-50rds/,19990,19990,si,6
2026-09-21,09:25:15,airsoftdefence,SECUTOR ARMS Tanque Gas Velites G-XI,https://airsoftdefence.com/producto/secutor-arms-tanque-gas-velites-g-xi/,45990,45990,si,4
2026-09-21,09:25:15,airsoftdefence,SECUTOR ARMS Magazine Pistola MAGNA CO2 23rds,https://airsoftdefence.com/producto/secutor-arms-magazine-pistola-magna-co2-23rds/,49990,49990,si,8
2026-09-21,09:25:15,airsoftdefence,SAIGO DEFENSE Magazine Pistola Gas MK4,https://airsoftdefence.com/producto/saigo-defense-magazine-pistola-gas-mk4/,35990,35990,si,9
2026-09-21,09:25:15,airsoftdefence,LONEX Piston Reforzado 14 dientes,https://airsoftdefence.com/producto/lonex-piston-reforzado-14-dientes/,35990,35990,si,4
2026-09-21,09:25:15,airsoftdefence,LONEX Piston 10 dientes metalicos,https://airsoftdefence.com/producto/lonex-piston-10-dientes-metalicos/,29990,29990,si,4
2026-09-21,09:25:15,airsoftdefence,BIGDRAGON Fastmag doble para M4 Tan,https://airsoftdefence.com/producto/bigdragon-fastmag-doble-para-m4-tan/,19990,19990,si,2
2026-09-21,09:25:15,airsoftdefence,NEW ENERGY Pila CR2450,https://airsoftdefence.com/producto/new-energy-pila-cr2450/,2490,2490,si,2
2026-09-21,09:25:15,airsoftdefence,NEW ENERGY Pila CR2430,https://airsoftdefence.com/producto/new-energy-pila-cr2430/,2490,2490,si,4
2026-09-21,09:25:15,airsoftdefence,MAXELL Pila SR920sw Oxido de Plata 1.5v,https://airsoftdefence.com/producto/maxell-pila-sr920sw-oxido-de-plata-1-5v/,1490,1490,si,13
2026-09-21,09:25:15,airsoftdefence,MAXELL Pila SR626sw Oxido de Plata 1.5v,https://airsoftdefence.com/producto/maxell-pila-sr626sw-oxido-de-plata-1-5v/,790,790,si,1
2026-09-21,09:25:15,airsoftdefence,MAXELL Pila SR621sw Oxido de Plata 1.5v,https://airsoftdefence.com/producto/maxell-pila-sr621sw-oxido-de-plata-1-5v/,790,790,si,23
2026-09-21,09:25:15,airsoftdefence,MAXELL Pila SR512sw Oxido de Plata 1.5v,https://airsoftdefence.com/producto/maxell-pila-sr512sw-oxido-de-plata-1-5v/,1790,1790,si,13
2026-09-21,09:25:15,airsoftdefence,MAXELL Pila LR41 1.5v,https://airsoftdefence.com/producto/maxell-pila-lr41-1-5v/,690,690,si,25
2026-09-21,09:25:15,airsoftdefence,MAXELL Pila LR1130 1.5v,https://airsoftdefence.com/producto/maxell-pila-lr1130-1-5v/,590,590,si,31
2026-09-21,09:25:15,airsoftdefence,MAXELL Pila CR2016 Litio 3v,https://airsoftdefence.com/producto/maxell-pila-cr2016-litio-3v/,990,990,si,73
2026-09-21,09:25:15,airsoftdefence,MAXELL Pila CR1616 3V,https://airsoftdefence.com/producto/maxell-pila-cr1616-3v/,990,990,si,15
2026-09-21,09:25:15,airsoftdefence,MAXELL Pila CR1220 3v,https://airsoftdefence.com/producto/maxell-pila-cr1220-3v/,990,990,si,18
2026-09-21,09:25:15,airsoftdefence,KONNOC Pila AAA Recargable 900mah,https://airsoftdefence.com/producto/konnoc-pila-aaa-recargable-900mah/,2000,2000,si,10
2026-09-21,09:25:15,airsoftdefence,ENERGIZER Pila AAA,https://airsoftdefence.com/producto/energizer-pila-aaa/,690,690,si,43
2026-09-21,09:25:15,airsoftdefence,DURACELL Pila CR2016 3v,https://airsoftdefence.com/producto/duracell-pila-cr2016-3v/,1500,1500,si,5
2026-09-21,09:25:15,airsoftdefence,DURACELL Pila AAA,https://airsoftdefence.com/producto/duracell-pila-aaa/,890,890,si,21
2026-09-21,09:25:15,airsoftdefence,DURACELL Pila AA,https://airsoftdefence.com/producto/duracell-pila-aa/,890,890,si,85
2026-09-21,09:25:15,airsoftdefence,BIGDRAGON Montura 30mm diametro / 47mm alto,https://airsoftdefence.com/producto/bigdragon-montura-30mm-diametro-47mm-alto/,6990,6990,si,1
2026-09-21,09:25:15,airsoftdefence,GRIZZLY Plataforma Molle Negro,https://airsoftdefence.com/producto/grizzly-plataforma-molle-negro/,25990,25990,si,3
2026-09-21,09:25:15,airsoftdefence,GRIZZLY Plataforma Molle Multicam,https://airsoftdefence.com/producto/grizzly-plataforma-molle-multicam/,25990,25990,si,1
2026-09-21,09:25:15,airsoftdefence,GRIZZLY Plataforma Molle Coyote,https://airsoftdefence.com/producto/grizzly-plataforma-molle-coyote/,25990,25990,si,6
2026-09-21,09:25:15,airsoftdefence,GRIZZLY Cinturon Cobra Multicam Talla XXL,https://airsoftdefence.com/producto/grizzly-cinturon-cobra-multicam-talla-xxl/,18990,18990,si,5
2026-09-21,09:25:15,airsoftdefence,GRIZZLY Cinturon Cobra Coyote Talla S,https://airsoftdefence.com/producto/grizzly-cinturon-cobra-coyote-talla-s/,18990,18990,si,3
2026-09-21,09:25:15,airsoftdefence,FMA Weaponlink SMR para Molle,https://airsoftdefence.com/producto/fma-weaponlink-smr-para-molle/,29990,29990,si,5
2026-09-21,09:25:15,airsoftdefence,BIGDRAGON Adaptador riel picatinny para escopeta doble,https://airsoftdefence.com/producto/bigdragon-adaptador-riel-picatinny-para-escopeta-doble/,6990,6990,si,4
2026-09-21,09:25:15,airsoftdefence,ACERO Plantilla Antiperforante Talla 44,https://airsoftdefence.com/producto/acero-plantilla-antiperforante-talla-44/,15990,15990,si,1
2026-09-21,09:25:15,airsoftdefence,MODIFY High Speed Ultra Piston (w/ 7 Metal Teeth),https://airsoftdefence.com/producto/modify-high-speed-ultra-piston-w-7-metal-teeth/,29990,29990,si,5
2026-09-21,09:25:15,airsoftdefence,MODIFY Air Seal Nozzle para MP5-A5/A4/SD5/SD6,https://airsoftdefence.com/producto/modify-air-seal-nozzle-para-mp5-a5-a4-sd5-sd6/,9990,9990,si,3
2026-09-21,09:25:15,airsoftdefence,MODIFY Air Seal Nozzle para M14,https://airsoftdefence.com/producto/modify-air-seal-nozzle-para-m14/,9990,9990,si,2
2026-09-21,09:25:15,airsoftdefence,MADBULL Canon Precision 6.03mm Black Python Tight Bore Barrel KSC/KWA G19,https://airsoftdefence.com/producto/madbull-canon-precision-6-03mm-black-python-tight-bore-barrel-ksc-kwa-g19/,19990,19990,si,3
2026-09-21,09:25:15,airsoftdefence,MADBULL Canon Precision 6.03mm Black Python Tight Bore Barrel KSC/KWA G17/G18,https://airsoftdefence.com/producto/madbull-canon-precision-6-03mm-black-python-tight-bore-barrel-ksc-kwa-g17-g18/,19990,19990,si,5
2026-09-21,09:25:15,airsoftdefence,GyG 45 Degree Montura Tactica Negro,https://airsoftdefence.com/producto/gyg-45-degree-montura-tactica-negro/,15990,15990,si,1
2026-09-21,09:25:15,airsoftdefence,DCI GUNS 11mm CW a 14mm CCW Adaptor Negro,https://airsoftdefence.com/producto/dci-guns-11mm-cw-a-14mm-ccw-adaptor-negro/,19990,19990,si,1
2026-09-21,09:25:15,airsoftdefence,MAPLE LEAF Goma Hop Up 80°,https://airsoftdefence.com/producto/maple-leaf-goma-hop-up-80/,19990,19990,si,16
2026-09-21,09:25:15,airsoftdefence,ELEMENT HL1 Linterna casco Negro GEN3 Led Blanco Rojo IR,https://airsoftdefence.com/producto/element-hl1-linterna-casco-negro-gen3-led-blanco-rojo-ir/,39990,39990,si,1
2026-09-21,09:25:15,airsoftdefence,5KU QD Mlok 3 Slot Picatinny,https://airsoftdefence.com/producto/5ku-qd-mlok-3-slot-picatinny/,10990,10990,si,2
2026-09-21,09:25:15,airsoftdefence,ASG ULTRAIR Gren Gas Power 570 ml,https://airsoftdefence.com/producto/asg-ultrair-gren-gas-power-570-ml/,11990,11990,si,89
2026-09-21,09:25:15,airsoftdefence,EARMOR Luz marcadora Verde,https://airsoftdefence.com/producto/earmor-luz-marcadora-verde/,15990,15990,si,3
2026-09-21,09:25:15,airsoftdefence,EARMOR Luz marcadora Roja,https://airsoftdefence.com/producto/earmor-luz-marcadora-roja/,15990,15990,si,1
2026-09-21,09:25:15,airsoftdefence,EARMOR Adaptador para casco MK riel M-LOK,https://airsoftdefence.com/producto/earmor-adaptador-para-casco-riel-m-lok/,25990,25990,si,4
2026-09-21,09:25:15,airsoftdefence,EARMOR Adaptador para casco riel EXFIL,https://airsoftdefence.com/producto/earmor-adaptador-para-casco-riel-exfil/,21990,21990,si,1
2026-09-21,09:25:15,airsoftdefence,EARMOR Tapones auditivos electronicos Coyote,https://airsoftdefence.com/producto/earmor-tapones-auditivos-electronicos-coyote/,65990,65990,si,1
2026-09-21,09:25:15,airsoftdefence,ENERGIZER Pila AA Recargable 2000mah,https://airsoftdefence.com/producto/energizer-pila-aa-recargable-2000mah/,4500,4500,si,4
2026-09-21,09:25:15,airsoftdefence,"ENERGIZER Cargador Universal AA, AAA, C, D, 9V",https://airsoftdefence.com/producto/energizer-cargador-universal-aa-aaa-c-d-9v/,19990,19990,si,1
2026-09-21,09:25:15,airsoftdefence,ALPHA SERIES LI-ION 7.4V 2000mah,https://airsoftdefence.com/producto/alpha-series-li-ion-7-4v-2000mah/,26990,26990,si,6
2026-09-21,09:25:15,airsoftdefence,NCSTAR Riel Glock,https://airsoftdefence.com/producto/ncstar-riel-glock/,29990,29990,si,2
2026-09-21,09:25:15,airsoftdefence,NCSTAR Riel 1911,https://airsoftdefence.com/producto/ncstar-riel-1911/,29990,29990,si,1
2026-09-21,09:25:15,airsoftdefence,WADSN Montura Laser Rojo GLOCK,https://airsoftdefence.com/producto/wadsn-montura-laser-rojo-glock/,29990,29990,si,2
2026-09-21,09:25:15,airsoftdefence,MODIFY Pouch para culata Negro,https://airsoftdefence.com/producto/modify-pouch-para-culata-negro/,29990,29990,si,1
2026-09-21,09:25:15,airsoftdefence,MADBULL Unidad Ultimate Hopup Unit (3 in 1) + LED Trazador – M4 / AR Type,https://airsoftdefence.com/producto/madbull-unidad-ultimate-hopup-unit-3-in-1-led-trazador-m4-ar-type/,99990,99990,si,1
2026-09-21,09:25:15,airsoftdefence,MADBULL KeyMod Polimero 5 Slot Riel Corto x2,https://airsoftdefence.com/producto/madbull-keymod-polimero-5-slot-riel-corto-x2/,24990,24990,si,5
2026-09-21,09:25:15,airsoftdefence,MADBULL Hopup LED Modulo Trazador,https://airsoftdefence.com/producto/madbull-hopup-led-modulo-trazador/,49990,49990,si,1
2026-09-21,09:25:15,airsoftdefence,KRYLON Pintura Terminacion Mate,https://airsoftdefence.com/producto/krylon-pintura-terminacion-mate/,15990,15990,si,3
2026-09-21,09:25:15,airsoftdefence,HSGI Disco 90?- MOLLE OD,https://airsoftdefence.com/producto/hsgi-disco-90-molle-od/,21990,21990,si,1
2026-09-21,09:25:15,airsoftdefence,HSGI Disco 90?- Cinturon Montura Negro,https://airsoftdefence.com/producto/hsgi-disco-90-cinturon-montura-negro/,21990,21990,si,1
2026-09-21,09:25:15,airsoftdefence,HSGI Disco 90?- Cinturon Montura Multicam,https://airsoftdefence.com/producto/hsgi-disco-90-cinturon-montura-multicam/,21990,21990,si,1
2026-09-21,09:25:15,airsoftdefence,HSGI Disco 90?- Cinturon Montura Coyote,https://airsoftdefence.com/producto/hsgi-disco-90-cinturon-montura-coyote/,21990,21990,si,1
2026-09-21,09:25:15,airsoftdefence,HSGI Disco 45? Izquierda – Montura cinturon Coyote,https://airsoftdefence.com/producto/hsgi-disco-45-izquierda-montura-cinturon-coyote/,21990,21990,si,1
2026-09-21,09:25:15,airsoftdefence,HSGI Disco 45? Izquierda – MOLLE Negro,https://airsoftdefence.com/producto/hsgi-disco-45-izquierda-molle-negro/,21990,21990,si,1
2026-09-21,09:25:15,airsoftdefence,HSGI Disco 45? Izquierda – MOLLE Coyote,https://airsoftdefence.com/producto/hsgi-disco-45-izquierda-molle-coyote/,21990,21990,si,1
2026-09-21,09:25:15,airsoftdefence,HSGI Disco 45? Izquierda – Cinturon Montura Multicam,https://airsoftdefence.com/producto/hsgi-disco-45-izquierda-cinturon-montura-multicam/,21990,21990,si,1
2026-09-21,09:25:15,airsoftdefence,HSGI Disco 45? Derecha – MOLLE OD,https://airsoftdefence.com/producto/hsgi-disco-45-derecha-molle-od/,21990,21990,si,1
2026-09-21,09:25:15,airsoftdefence,HSGI Disco 45? Derecha – MOLLE Multicam,https://airsoftdefence.com/producto/hsgi-disco-45-derecha-molle-multicam/,21990,21990,si,1
2026-09-21,09:25:15,airsoftdefence,HSGI Disco 45? Derecha – Cinturon Montura Negro,https://airsoftdefence.com/producto/hsgi-disco-45-derecha-cinturon-montura-negro/,21990,21990,si,1
2026-09-21,09:25:15,airsoftdefence,HSGI Disco 45? Derecha – Cinturon Montura Multicam,https://airsoftdefence.com/producto/hsgi-disco-45-derecha-cinturon-montura-multicam/,21990,21990,si,1
2026-09-21,09:25:15,airsoftdefence,HSGI Disco 45? Derecha – Cinturon Montura Coyote,https://airsoftdefence.com/producto/hsgi-disco-45-derecha-cinturon-montura-coyote/,21990,21990,si,1
2026-09-21,09:25:15,airsoftdefence,GyG G-08-161 G2H Magazine 370R (Negro),https://airsoftdefence.com/producto/gg-g-08-161-g2h-magazine-370r-negro/,29990,29990,si,1
2026-09-21,09:25:15,airsoftdefence,EMERSON GEAR EM9157 18L Lightweight 1 Day Hiking Mochila AOR1,https://airsoftdefence.com/producto/emerson-gear-em9157-18l-lightweight-1-day-hiking-mochila-aor1/,45990,45990,si,1
2026-09-21,09:25:15,airsoftdefence,DRAGONPRO Tactical Balaclava Coyote,https://airsoftdefence.com/producto/dragonpro-tactical-balaclava-coyote/,9990,9990,si,4
2026-09-21,09:25:15,airsoftdefence,DRAGONPRO Chest Rig Khaki,https://airsoftdefence.com/producto/dragonpro-chest-rig-khaki/,49990,49990,si,2
2026-09-21,09:25:15,airsoftdefence,DCI GUNS Protector lente tipo bajo,https://airsoftdefence.com/producto/dci-guns-protector-lente-tipo-bajo/,35990,35990,si,2
2026-09-21,09:25:15,airsoftdefence,EMERSON Pantalon de Asalto WG/ 38W NYCO 50/50,https://airsoftdefence.com/producto/yzh-pantalon-de-asalto-wg-38w/,75990,75990,si,1
2026-09-21,09:25:15,airsoftdefence,EMERSON Gorro de patrulla para Nino MC,https://airsoftdefence.com/producto/yzh-gorro-de-patrulla-para-nio-mc/,5000,8990,si,3
2026-09-21,09:25:15,airsoftdefence,EMERSON BLUE LABEL Uniforme BDU EMERSON BLUE LABEL  MC/ XL NYCO 50/50,https://airsoftdefence.com/producto/yzh-uniforme-bdu-emerson-blue-label-mc-xl/,127990,127990,si,2
2026-09-21,09:25:15,airsoftdefence,EMERSON BLUE LABEL Uniforme BDU EMERSON BLUE LABEL  MC/ M NYCO 50/50,https://airsoftdefence.com/producto/yzh-uniforme-bdu-emerson-blue-label-mc-m/,127990,127990,si,3
2026-09-21,09:25:15,airsoftdefence,EMERSON BLUE LABEL Uniforme BDU EMERSON BLUE LABEL  MC/ L NYCO 50/50,https://airsoftdefence.com/producto/yzh-uniforme-bdu-emerson-blue-label-mc-l/,127990,127990,si,3
2026-09-21,09:25:15,airsoftdefence,EMERSON Adaptador Funda IPCS / Glock,https://airsoftdefence.com/producto/yzh-adaptador-funda-ipcs-glock/,16990,16990,si,3
2026-09-21,09:25:15,airsoftdefence,EMERSON Adaptador Funda IPCS / 1911,https://airsoftdefence.com/producto/yzh-adaptador-funda-ipcs-1911/,16990,16990,si,2
2026-09-21,09:25:15,airsoftdefence,EMERSON Funda tactica IPCS Aluminio,https://airsoftdefence.com/producto/yzh-funda-tactica-ipcs-aluminio/,40990,40990,si,3
2026-09-21,09:25:15,airsoftdefence,DRAGONPRO Mini Tamiya Adaptador Serial,https://airsoftdefence.com/producto/dragonpro-mini-tamiya-adaptador-serial/,6990,6990,si,2
2026-09-21,09:25:15,airsoftdefence,KJW Cargador Green Gas para KP-23-MS/ KJW-G23/ KP-03,https://airsoftdefence.com/producto/kjw-cargador-de-co2-para-kp-23-ms-kjw-g23-kp-03/,29990,29990,si,6
2026-09-21,09:25:15,airsoftdefence,EMERSON Bolsillo utilitario horizontal CB 500D,https://airsoftdefence.com/producto/yzh-bolsillo-utilitario-horizontal-cb-500d/,24990,24990,si,5
2026-09-21,09:25:15,airsoftdefence,EMERSON Funda para Casco FAST AOR1 EMERSON,https://airsoftdefence.com/producto/yzh-funda-para-casco-fast-aor1-emerson/,9990,9990,si,1
2026-09-21,09:25:15,airsoftdefence,EMERSON Luz marcadora para casco v – lite verde,https://airsoftdefence.com/producto/yzh-luz-marcadora-para-casco-v-lite-verde/,12990,15990,si,14
2026-09-21,09:25:15,airsoftdefence,EMERSON BLUE LABEL Polera para entrenamiento Blue Label KH/ XL,https://airsoftdefence.com/producto/yzh-polera-para-entrenamiento-blue-label-kh-xl/,35990,35990,si,2
2026-09-21,09:25:15,airsoftdefence,EMERSON BLUE LABEL Polera para entrenamiento Blue Label KH/ M,https://airsoftdefence.com/producto/yzh-polera-para-entrenamiento-blue-label-kh-m/,35990,35990,si,3
2026-09-21,09:25:15,airsoftdefence,KWA Magazine para KZ75 22 Rondas,https://airsoftdefence.com/producto/kwa-magazine-para-kz75-22-rondas/,39990,39990,si,6
2026-09-21,09:25:15,airsoftdefence,KJW Cargador de CO2 para KP18/KP17/KP13 (Glock),https://airsoftdefence.com/producto/kjw-cargador-de-co2-para-kp-18/,39990,39990,si,6
2026-09-21,09:25:15,airsoftdefence,ASG Bipode Weaver 230mm,https://airsoftdefence.com/producto/asg-bipode-weaver-230mm/,34990,34990,si,1
2026-09-21,09:25:15,airsoftdefence,EMERSON Polera Entrenamiento CB/  Talla S,https://airsoftdefence.com/producto/yzh-polera-entrenamiento-cb-s/,24990,24990,si,1
2026-09-21,09:25:15,airsoftdefence,ECHO1 M14 Cut off Lever,https://airsoftdefence.com/producto/ad-m14-col/,4800,4800,si,1
2026-09-21,09:25:15,airsoftdefence,SHS Oil-retaning Bearing 6mm,https://airsoftdefence.com/producto/ad-oil-retaning-bearing-6mm/,13700,13700,si,3
2026-09-21,09:25:15,airsoftdefence,YZH Monturas para riel de 11mm diametro 25mm,https://airsoftdefence.com/producto/ad-monturas-altas/,9990,9990,si,4
2026-09-21,09:25:15,airsoftdefence,TMC Cinturon duro de 1.5 pulgadas Talla L,https://airsoftdefence.com/producto/tmc-cinturon-duro-de-1-5-pulgadas/,14990,14990,si,1
2026-09-21,09:25:15,airsoftdefence,ASG Magazine para CZ75 realista (Sirve solo para modelo ASG),https://airsoftdefence.com/producto/ad-cz-rss/,15990,15990,si,3
2026-09-21,09:25:15,airsoftdefence,ELEMENT Bearing (rodamientos) de metal de 8mm,https://airsoftdefence.com/producto/element-bearing-rodamientos-de-metal-de-8mm/,15990,15990,si,6
2026-09-21,09:25:15,airsoftdefence,MODIFY Smooth Sector Gear TORQUE/SPEED (Incluye bearing de 7mm),https://airsoftdefence.com/producto/ad-smooth-sector-gear/,9500,9500,si,2
2026-09-21,09:25:15,airsoftdefence,MODIFY Smooth Spur Gear TORQUE (Incluye bearing 7mm),https://airsoftdefence.com/producto/modify-smooth-spur-gear-torque-incluye-bearing-7mm/,9500,9500,si,1
2026-09-21,09:25:15,airsoftdefence,MODIFY Smooth Bevel Gear SPEED (Incluye bearing de 7mm),https://airsoftdefence.com/producto/modify-smooth-bevel-gear-speed-incluye-bearing-de-7mm/,8500,8500,si,1
2026-09-21,09:25:15,airsoftdefence,ELEMENT Bearing de 7mm,https://airsoftdefence.com/producto/ad-bearing-ver6/,12990,12990,si,10
2026-09-21,09:25:15,airsoftdefence,MODIFY Smooth Bevel Gear TORQUE (Incluye bearing de 7mm),https://airsoftdefence.com/producto/ad-smooth-bevel-gear/,8500,8500,si,7
2026-09-21,09:25:15,airsoftdefence,MODIFY Smooth Spur Gear SPEED (Incluye bearing 7mm),https://airsoftdefence.com/producto/ad-smooth-spur-gear/,9500,9500,si,9
2026-09-21,09:25:15,airsoftdefence,Hot Toys M72A2 Law Escala 1/6,https://airsoftdefence.com/producto/tmc-bazuca/,15990,15990,si,1
2026-09-21,09:25:15,airsoftdefence,Hot Toys M4A1 Desert Escala 1/6,https://airsoftdefence.com/producto/tmc-fusil-m4a1-desert-camo-ecs-1-6/,9990,9990,si,1
2026-09-21,09:25:15,airsoftdefence,Hot Toys  M14 SOCOM II Escala 1/6,https://airsoftdefence.com/producto/tmc-fusil-m14-socom-ii-esc-1-6/,9990,9990,si,2
2026-09-21,09:25:15,airsoftdefence,AKFIX Limpiador de Contactos Electricos,https://airsoftdefence.com/producto/akfix-limpiador-de-contactos-electricos/,4990,4990,si,4
2026-09-21,09:25:15,airsoftdefence,Echo1 Bushing para M14 (6mm),https://airsoftdefence.com/producto/ad-bushing-for-m14/,10700,10700,si,4
2026-09-21,09:25:15,airsoftdefence,KJW Cargador de GAS para  KP-09,https://airsoftdefence.com/producto/kjw-cargador-de-gas-para-kp-09/,14990,14990,si,1
2026-09-21,09:25:15,airsoftdefence,KJW Cargador de CO2 para  KP-09,https://airsoftdefence.com/producto/kjw-cargador-de-co2-para-kp-09/,17990,17990,si,5
2026-09-21,09:25:15,airsoftdefence,TMC PPT ELEMENT U94 P/ MOTOROLA 1 PIN,https://airsoftdefence.com/producto/tmc-ppt-element-u94-p-motorola-1-pin/,11990,11990,si,1
2026-09-21,09:25:15,airsoftdefence,BIGDRAGON ADAPTADORE PARA CULATA MODELO AK,https://airsoftdefence.com/producto/yzh-adaptadore-para-culata-modelo-ak/,9990,9990,si,7
2026-09-21,09:25:15,airsoftdefence,TACOPS Cinturon de cuero partido negro,https://airsoftdefence.com/producto/wwc-cinturon-de-cuero-partido-negro/,13990,13990,si,2
2026-09-21,09:25:15,airsoftdefence,TACOPS HEBILLA POST GOLD,https://airsoftdefence.com/producto/tacops-hebilla-post-gold/,19990,19990,si,3
2026-09-21,09:25:15,airsoftdefence,TACOPS Hebilla WWI (Primera Guerra Mundial) Alemania,https://airsoftdefence.com/producto/tacops-hebilla-ww1/,19990,19990,si,3
2026-09-21,09:25:15,airsoftdefence,TACOPS COSCACHO,https://airsoftdefence.com/producto/tacops-coscacho/,25990,25990,si,1
2026-09-21,09:25:15,airsoftdefence,KJW Set de repar. tornillo de seguridad mod M9,https://airsoftdefence.com/producto/kjw-set-de-repar-tornillo-de-seguridad-mod-m9/,9990,9990,si,23
2026-09-21,09:25:15,airsoftdefence,KJW O-ring del boton del cargador,https://airsoftdefence.com/producto/kjw-o-ring-del-boton-del-cargador/,1990,1990,si,5
2026-09-21,09:25:15,airsoftdefence,KJW Valvula de escape,https://airsoftdefence.com/producto/kjw-valvula-de-escape/,2990,2990,si,4
2026-09-21,09:25:15,airsoftdefence,KJW BB bullet lip pin,https://airsoftdefence.com/producto/kjw-bb-bullet-lip-pin/,1990,1990,si,23
2026-09-21,09:25:15,airsoftdefence,KJW Junta de cargador PARA M9,https://airsoftdefence.com/producto/kjw-junta-de-cargador/,2990,2990,si,17
2026-09-21,09:25:15,airsoftdefence,KJW Martillo (Acero) PARA M9,https://airsoftdefence.com/producto/kjw-martillo-acero/,7990,7990,si,20
2026-09-21,09:25:15,airsoftdefence,KJW Set de reparacion piston mod M9 KJW,https://airsoftdefence.com/producto/kjw-set-de-reparacion-piston-mod-m9/,5990,5990,si,11
2026-09-21,09:25:15,airsoftdefence,KJW Set de reparacion cilindro mod M9,https://airsoftdefence.com/producto/kjw-set-de-reparacion-cilindro-mod-m9/,6990,6990,si,7
2026-09-21,09:25:15,airsoftdefence,JGW Montura para mira modelo M14 EBR,https://airsoftdefence.com/producto/jgw-montura-para-mira-modelo-m14-ebr/,4990,4990,si,1
2026-09-21,09:25:15,airsoftdefence,KJW Set de reparacion cilindro mod KP-08,https://airsoftdefence.com/producto/kjw-set-de-reparacion-cilindro-mod-kp-08/,5990,5990,si,2
2026-09-21,09:25:15,airsoftdefence,KJW Set de reparacion piston mod KP-08,https://airsoftdefence.com/producto/kjw-set-de-reparacion-piston-mod-kp-08/,11990,11990,si,24
2026-09-21,09:25:15,airsoftdefence,KJW O-Ring KP-08,https://airsoftdefence.com/producto/o-ring-8/,990,990,si,14
2026-09-21,09:25:15,airsoftdefence,KJW O-Ring KP-08,https://airsoftdefence.com/producto/o-ring-8-2/,990,990,si,9
2026-09-21,09:25:15,airsoftdefence,KJW Valvula PARA KP-08,https://airsoftdefence.com/producto/valvula-5/,3990,3990,si,14
2026-09-21,09:25:15,airsoftdefence,KJW Junta de cargador KP-08,https://airsoftdefence.com/producto/junta-de-cargador-5/,1990,1990,si,17
2026-09-21,09:25:15,airsoftdefence,KJW Set de reparacion cilindro mod 1911,https://airsoftdefence.com/producto/kjw-set-de-reparacion-cilindro-mod-1911-3/,5990,5990,si,20
2026-09-21,09:25:15,airsoftdefence,KJW Set de reparacion piston mod KP-07,https://airsoftdefence.com/producto/kjw-set-de-reparacion-piston-mod-kp-07/,2990,2990,si,6
2026-09-21,09:25:15,airsoftdefence,KJW O-Ring,https://airsoftdefence.com/producto/o-ring-6/,990,990,si,17
2026-09-21,09:25:15,airsoftdefence,KJW Valvula KP-07,https://airsoftdefence.com/producto/valvula-4/,3990,3990,si,10
2026-09-21,09:25:15,airsoftdefence,KJW Junta de cargador PARA KP-07,https://airsoftdefence.com/producto/junta-de-cargador-4/,1990,1990,si,3
2026-09-21,09:25:15,airsoftdefence,KJW BB LIP para KP-07,https://airsoftdefence.com/producto/bb-lip-4/,1990,1990,si,19
2026-09-21,09:25:15,airsoftdefence,KJW Set de reparacion cilindro mod KP-02,https://airsoftdefence.com/producto/kjw-set-de-reparacion-cilindro-mod-kp-02/,5990,5990,si,5
2026-09-21,09:25:15,airsoftdefence,KJW Set de reparacion piston mod KP-02,https://airsoftdefence.com/producto/kjw-set-de-reparacion-piston-mod-kp-02/,11990,11990,si,25
2026-09-21,09:25:15,airsoftdefence,KJW O-Ring,https://airsoftdefence.com/producto/o-ring-4/,990,990,si,7
2026-09-21,09:25:15,airsoftdefence,KJW Valvula KP02,https://airsoftdefence.com/producto/valvula-3/,2990,2990,si,24
2026-09-21,09:25:15,airsoftdefence,KJW BB LIP,https://airsoftdefence.com/producto/bb-lip-3/,1990,1990,si,25
2026-09-21,09:25:15,airsoftdefence,KJW Set de reparacion cilindro mod KP-01,https://airsoftdefence.com/producto/kjw-set-de-reparacion-cilindro-mod-kp-01/,5990,5990,si,22
2026-09-21,09:25:15,airsoftdefence,KJW Set de reparacion piston mod KP-01,https://airsoftdefence.com/producto/kjw-set-de-reparacion-piston-mod-kp-01/,12990,12990,si,24
2026-09-21,09:25:15,airsoftdefence,KJW Valvula KP13-KP17-KP18,https://airsoftdefence.com/producto/valvula-2/,2990,2990,si,7
2026-09-21,09:25:15,airsoftdefence,KJW BB LIP para KP-01,https://airsoftdefence.com/producto/bb-lip-2/,1990,1990,si,11
2026-09-21,09:25:15,airsoftdefence,TMC Cinturon d/nylon p/Gopro Hero3 Wfi,https://airsoftdefence.com/producto/tmc-cinturon-d-nylon-p-gopro-hero3-wfi/,3990,3990,si,4
2026-09-21,09:25:15,airsoftdefence,TMC Botas de estilo Esc 1/6,https://airsoftdefence.com/producto/tmc-botas-de-estilo-esc-1-6/,2990,2990,si,15
2026-09-21,09:25:15,airsoftdefence,EMERSON GEARS Billetera tactica plegable,https://airsoftdefence.com/producto/yzh-billetera-tactica-plegable-2-2/,18990,18990,si,1
2026-09-21,09:25:15,airsoftdefence,EMERSON Gorro Beisbol MC,https://airsoftdefence.com/producto/yzh-gorro-beisbol-mc/,14990,14990,si,2
2026-09-21,09:25:15,airsoftdefence,EMERSON Cubre casco MICH2001/SS,https://airsoftdefence.com/producto/yzh-cubre-casco-mich2001-ss/,9990,9990,si,6
2026-09-21,09:25:15,airsoftdefence,EMERSON Cubre casco modelo MICH 2001 MCBK,https://airsoftdefence.com/producto/yzh-cubre-casco-modelo-mich-2001-mcbk/,9990,9990,si,5
2026-09-21,09:25:15,airsoftdefence,EMERSON Bolsilo EDC GP MCBK,https://airsoftdefence.com/producto/yzh-bolsilo-edc-gp-mcbk/,21990,21990,si,1
2026-09-21,09:25:15,airsoftdefence,EMERSON Funda para Casco FAST TYP EMERSON,https://airsoftdefence.com/producto/yzh-funda-para-casco-fast-typ-emerson/,8990,8990,si,5
2026-09-21,09:25:15,airsoftdefence,EMERSON Funda para Casco FAST MR EMERSON,https://airsoftdefence.com/producto/yzh-funda-para-casco-fast-mr-emerson/,8990,8990,si,2
2026-09-21,09:25:15,airsoftdefence,EMERSON Funda para Casco FAST HLD EMERSON,https://airsoftdefence.com/producto/yzh-funda-para-casco-fast-hld-emerson/,8990,8990,si,7
2026-09-21,09:25:15,airsoftdefence,EMERSON Funda para casco FAST AT EMERSON,https://airsoftdefence.com/producto/yzh-funda-para-casco-fast-at-emerson/,7990,7990,si,9
2026-09-21,09:25:15,airsoftdefence,EMERSON Cinturon de Rappel CQB CB/ M,https://airsoftdefence.com/producto/yzh-cinturon-de-rappel-cqb-cb-m/,16990,16990,si,5
2026-09-21,09:25:15,airsoftdefence,EMERSON POLERA GEN3 TYP/ L,https://airsoftdefence.com/producto/yzh-polera-gen3-typ-l/,23990,23990,si,2
2026-09-21,09:25:15,airsoftdefence,EMERSON POLERA GEN3 TYP/ M,https://airsoftdefence.com/producto/yzh-polera-gen3-typ-m/,23990,23990,si,1
2026-09-21,09:25:15,airsoftdefence,EMERSON Polera MC Gen 3 (S),https://airsoftdefence.com/producto/yzh-polera-mc-gen-3-s/,41990,41990,si,10
2026-09-21,09:25:15,airsoftdefence,EMERSON GORRO DE POLAR TACTICO / BK,https://airsoftdefence.com/producto/yzh-gorro-de-polar-tactico-bk/,9990,9990,si,1
2026-09-21,09:25:15,airsoftdefence,EMERSON GORRO DE POLAR TACTICO / MC,https://airsoftdefence.com/producto/yzh-gorro-de-polar-tactico-mc/,9990,9990,si,9
2026-09-21,09:25:15,airsoftdefence,EMERSON PANEL TRASERO MOCHILA / BK,https://airsoftdefence.com/producto/yzh-panel-trasero-mochila-bk/,29990,29990,si,3
2026-09-21,09:25:15,airsoftdefence,EMERSON LUZ ELECTRICA DE RESCATE / VERDE,https://airsoftdefence.com/producto/yzh-luz-electrica-de-rescarte-verde/,6990,6990,si,4
2026-09-21,09:25:15,airsoftdefence,EMERSON Tenida de entrenam Emerson OD – S,https://airsoftdefence.com/producto/yzh-tenida-de-entrenam-emerson-od-s/,34990,34990,si,3
2026-09-21,09:25:15,airsoftdefence,EMERSON PANTALON PRIMERA CAPA / CB/XL,https://airsoftdefence.com/producto/yzh-pantalon-primera-capa-cb-xl/,19990,19990,si,5
2026-09-21,09:25:15,airsoftdefence,EMERSON PANTALON PRIMERA CAPA / BK/ XL,https://airsoftdefence.com/producto/yzh-pantalon-primera-capa-bk-xl/,19990,19990,si,3
2026-09-21,09:25:15,airsoftdefence,EMERSON Bolsillo para Tijeras CB 500D,https://airsoftdefence.com/producto/yzh-bolsillo-para-tijeras-cb-500d/,4990,4990,si,N/A
2026-09-21,09:25:15,airsoftdefence,EMERSON Bolsillo Doble para M4 MC,https://airsoftdefence.com/producto/yzh-bolsillo-doble-para-m4-mc/,25990,25990,si,17
2026-09-21,09:25:15,airsoftdefence,EMERSON BOLSILLO TRIPLE OPEN TOP / BK,https://airsoftdefence.com/producto/yzh-bolsillo-triple-open-top-bk/,19990,19990,si,3
2026-09-21,09:25:15,airsoftdefence,EMERSON BOLSILLO OPEN TOP DOBLE / BK,https://airsoftdefence.com/producto/yzh-bolsillo-open-top-doble-bk/,16990,16990,si,2
2026-09-21,09:25:15,airsoftdefence,EMERSON Bolsillo taco Pistola + Fusil CB,https://airsoftdefence.com/producto/yzh-bolsillo-taco-pistola-fusil-cb/,15990,15990,si,10
2026-09-21,09:25:15,airsoftdefence,EMERSON Funda rapida y rigida p/mod. M96/ MC,https://airsoftdefence.com/producto/yzh-funda-rapida-y-rigida-p-mod-m96-mc/,14990,14990,si,1
2026-09-21,09:25:15,airsoftdefence,EMERSON Bolsillo para kit medico BK,https://airsoftdefence.com/producto/yzh-bolsillo-para-kit-medico-bk/,9990,9990,si,2
2026-09-21,09:25:15,airsoftdefence,EMERSON Parche de pvc smoke granade – 1,https://airsoftdefence.com/producto/yzh-parche-de-pvc-smoke-granade-1/,3990,3990,si,5
2026-09-21,09:25:15,airsoftdefence,BIGDRAGON Adaptador para chaleco molle safariland,https://airsoftdefence.com/producto/yzh-adaptador-para-chaleco-molle-safariland/,7990,7990,si,12
2026-09-21,09:25:15,airsoftdefence,BIGDRAGON Plataforma SAFARILAND para molle Negro,https://airsoftdefence.com/producto/yzh-plataforma-safariland-para-molle-a/,14990,14990,si,4
2026-09-21,09:25:15,airsoftdefence,AD Selector Plate AK,https://airsoftdefence.com/producto/ad-selector-plate-ak/,7399,7399,si,1
2026-09-21,09:25:15,airsoftdefence,AD Safety Cover,https://airsoftdefence.com/producto/ad-safety-cover/,6990,6990,si,5
2026-09-21,09:25:15,airsoftdefence,AD Carcasa Iphone 3Gs Field Case,https://airsoftdefence.com/producto/ad-carcasa-iphone-3gs-field-case/,13990,13990,si,2
2026-09-21,09:25:15,airsoftdefence,AD Protector Ipad A-TACS,https://airsoftdefence.com/producto/ad-protector-ipad-a-tacs/,16800,16800,si,5
2026-09-21,09:25:15,airsoftdefence,AD Protector Ipad Digi Desert,https://airsoftdefence.com/producto/ad-protector-ipad-digi-desert/,16800,16800,si,3
2026-09-21,09:25:15,airsoftdefence,AD Carcasa Iphone 3GS A-TACS,https://airsoftdefence.com/producto/ad-carcasa-iphone-3gs-a-tacs/,10490,10490,si,8
2026-09-21,09:25:15,airsoftdefence,AD Carcasa Iphone 3GS Digital Woodl,https://airsoftdefence.com/producto/ad-carcasa-iphone-3gs-digital-woodl/,10490,10490,si,6
2026-09-21,09:25:15,airsoftdefence,AD Carcasa Iphone 3GS Digital Desert,https://airsoftdefence.com/producto/ad-carcasa-iphone-3gs-digital-desert/,10490,10490,si,7
2026-09-21,09:25:15,airsoftdefence,AD Carcasa Iphone 3Gs Multicam,https://airsoftdefence.com/producto/ad-carcasa-iphone-3gs-multicam/,10490,10490,si,3
2026-09-21,09:25:15,airsoftdefence,TACOPS PORTA ESPADA,https://airsoftdefence.com/producto/tacops-porta-espada/,14990,14990,si,2
2026-09-21,09:25:15,airsoftdefence,KJW Set de reparacion cilindro mod 1911,https://airsoftdefence.com/producto/kjw-set-de-reparacion-cilindro-mod-1911-2/,5990,5990,si,8
2026-09-21,09:25:15,airsoftdefence,KJW Set de reparacion piston mod 1911,https://airsoftdefence.com/producto/kjw-set-de-reparacion-piston-mod-1911/,2990,2990,si,24
2026-09-21,09:25:15,airsoftdefence,KJW O-Ring,https://airsoftdefence.com/producto/o-ring-2/,990,990,si,5
2026-09-21,09:25:15,airsoftdefence,KJW 1911 Valvula,https://airsoftdefence.com/producto/valvula/,3990,3990,si,11
2026-09-21,09:25:15,airsoftdefence,KJW 1911 Junta de cargador,https://airsoftdefence.com/producto/junta-de-cargador/,1990,1990,si,17
2026-09-21,09:25:15,airsoftdefence,KJW 1911 BB LIP,https://airsoftdefence.com/producto/bb-lip/,1990,1990,si,1
2026-09-21,09:25:15,airsoftdefence,KJW Set de reparacion cilindro mod 1911,https://airsoftdefence.com/producto/kjw-set-de-reparacion-cilindro-mod-1911-2-2/,5990,5990,si,13
2026-09-21,09:25:15,airsoftdefence,EMERSON Tenida Gen2 / GreenZone Talla S,https://airsoftdefence.com/producto/yzh-tenida-gen2-greenzone-talla-s/,54990,54990,si,2
