fecha,hora,tienda,nombre,enlace,precio_actual,precio_normal,hay_stock,cantidad
2026-09-23,20:16:35,airsoftrhino,Action Army AAC-T10,https://airsoftrhino.cl/sniper/143-rifle-sniper-cerrojo-action-army-aact10-version-s-en-colores-rg-od-cb-bk.html,379000,379000,si,N/A
2026-09-23,20:16:35,airsoftrhino,ACTION ARMY AAP-01 GBB PISTOL,https://airsoftrhino.cl/pistolas/1062-893-action-army-aap-01-green-gas-blowback-fde-bk-.html,109000,109000,no,N/A
2026-09-23,20:16:35,airsoftrhino,classic army 416D aeg,https://airsoftrhino.cl/fusil/2939-classic-army-416d-aeg.html,379000,379000,si,N/A
2026-09-23,20:16:35,airsoftrhino,Escopeta M309 Doble Eagle,https://airsoftrhino.cl/escopetas/1419-escopeta-m309-doble-eagle.html,55000,55000,si,N/A
2026-09-23,20:16:35,airsoftrhino,SRC Dark Viper - Special...,https://airsoftrhino.cl/pistolas/4175-src-dark-viper-special-edition.html,179000,179000,no,N/A
2026-09-23,20:16:35,airsoftrhino,SRC SAHARA VIPER Dual Power...,https://airsoftrhino.cl/pistolas/4176-src-sahara-viper-dual-power-system-gbb-pistol-gas-version.html,199000,199000,si,N/A
2026-09-23,20:16:35,airsoftrhino,CYMA M14 SOCOM,https://airsoftrhino.cl/fusil/2922-clasic-army-m14-socom.html,379000,379000,si,N/A
2026-09-23,20:16:35,airsoftrhino,SRC TroiKa MK1 Hi-Capa...,https://airsoftrhino.cl/pistolas/4177-troika-mk1-hi-capa-green-gas-airsoft-pistol-black.html,159990,159990,si,N/A
2026-09-23,20:16:35,airsoftrhino,Classic Army ECS LS AR-10...,https://airsoftrhino.cl/fusil/2684-classic-army-ecs-ls-ar-10-carbine-aeg.html,429000,429000,si,N/A
2026-09-23,20:16:35,airsoftrhino,CYMA M3 BENELLI Escopeta...,https://airsoftrhino.cl/escopetas/3394-cyma-m3-benelli-escopeta-spring-cm373m-.html,139000,139000,no,N/A
2026-09-23,20:16:35,airsoftrhino,Golden Eagle M870 Tactical...,https://airsoftrhino.cl/escopetas/3461-golden-eagle-m870-tactical-gas-shotgun.html,359000,359000,si,N/A
2026-09-23,20:16:35,airsoftrhino,SRC G36C AEG ( GE-0636 ),https://airsoftrhino.cl/fusil/1682-src-sr36-e-.html,235000,235000,si,N/A
2026-09-23,20:16:35,airsoftrhino,GLOCK 17 A RESORTE...,https://airsoftrhino.cl/pistolas/1415-glock-17-spring.html,29900,29900,no,N/A
2026-09-23,20:16:35,airsoftrhino,T MAPLE LEAF MLC-338 Bolt...,https://airsoftrhino.cl/sniper/3815-t-maple-leaf-mlc-338-bolt-action-deluxe-edition.html,769990,769990,si,N/A
2026-09-23,20:16:35,airsoftrhino,SRC SR92 SAHARA LIMITED...,https://airsoftrhino.cl/pistolas/1619-src-sr92-sahara-limited-edition-green-gas.html,119000,119000,si,N/A
2026-09-23,20:16:35,airsoftrhino,SRC MAVERICK GBB (GB-0722BDX),https://airsoftrhino.cl/pistolas/1693-1036-src-maverick-.html,119000,119000,si,N/A
2026-09-23,20:16:35,airsoftrhino,CYMA L96 AWM Spring ( CM.706 ),https://airsoftrhino.cl/sniper/4318-cyma-l96-awm-spring-cm706--4318.html,199990,199990,si,N/A
2026-09-23,20:16:35,airsoftrhino,G&P Metal M870 con culata...,https://airsoftrhino.cl/escopetas/3630-gp-metal-m870-with-steel-folding-stock-medium-long-black.html,329000,329000,si,N/A
2026-09-23,20:16:35,airsoftrhino,SRC SR9A Gen3 - Green Gas...,https://airsoftrhino.cl/pistolas/1697-679-src-sr9a3-desert-g3-green-gas-gb-0710bx.html,125000,125000,si,N/A
2026-09-23,20:16:35,airsoftrhino,SR4 ST-DELTA M ( GE-1604 ),https://airsoftrhino.cl/fusil/1617-1644-sr4-st-delta-m-ge-1604-.html,194990,194990,no,N/A
2026-09-23,20:16:35,airsoftrhino,Cyma M870 Tri-shoot Metal (...,https://airsoftrhino.cl/escopetas/4209-shotgun-m870-tri-shoot-metal-cyma-cm352m.html,139000,139000,si,N/A
2026-09-23,20:16:35,airsoftrhino,SRC SR4 ST-MAMBA P2 (Sport...,https://airsoftrhino.cl/fusil/1614-src-sr4-st-mamba-p2-sport-line.html,219000,219000,no,N/A
2026-09-23,20:16:35,airsoftrhino,SRC SR4 ST-MAMBA P1 (Sport...,https://airsoftrhino.cl/fusil/1613-src-sr4-st-mamba-p1-sport-line-mosfet-.html,219000,219000,si,N/A
2026-09-23,20:16:35,airsoftrhino,SRC HI-CAPA 5.1 KIKIMORA,https://airsoftrhino.cl/pistolas/1958-src-hi-capa-51-kikimora.html,149990,149990,si,N/A
2026-09-23,20:16:35,airsoftrhino,We-Tech G17 GEN5 MOS GBB,https://airsoftrhino.cl/pistolas/2071-1602-we-g17-gen5-mos-bk.html,149000,149000,si,N/A
2026-09-23,20:16:35,airsoftrhino,GLOCK 19X GREEN GAS...,https://airsoftrhino.cl/pistolas/2243-glock-19x-green-gas-licencia-oficial-umarex-4000844665034.html,214000,214000,si,N/A
2026-09-23,20:16:35,airsoftrhino,WE-Tech PX4 BullDog GBB...,https://airsoftrhino.cl/pistolas/2380-we-tech-px4-bulldog-gbb-we-d002.html,119000,119000,si,N/A
2026-09-23,20:16:35,airsoftrhino,SRC G36E Gen.3 AEG...,https://airsoftrhino.cl/fusil/3123-src-g36e-gen3-aeg-ge-0631iii.html,269000,269000,si,N/A
2026-09-23,20:16:35,airsoftrhino,We-Tech G17 CUSTOM ( Black...,https://airsoftrhino.cl/pistolas/2382-we-custom-g17-black-side-and-gold-barrel.html,159000,159000,si,N/A
2026-09-23,20:16:35,airsoftrhino,SRC Hi-capa 4.3’’ TARTARUS...,https://airsoftrhino.cl/pistolas/2757-src-hi-capa-43-tartarus-mk-i-gb-0761x-4715997084211.html,149000,149000,si,N/A
2026-09-23,20:16:35,airsoftrhino,SRC SR8-R Full Size Airsoft...,https://airsoftrhino.cl/fusil/3321-src-sr8-r-full-size-airsoft-aeg-gen-iii.html,289000,289000,si,N/A
2026-09-23,20:16:35,airsoftrhino,SRC Hi-capa 4.3’’ TARTARUS...,https://airsoftrhino.cl/pistolas/2758-src-hi-capa-43-tartarus-mk-ii-gb-0762-ex-4715997084228.html,149000,149000,si,N/A
2026-09-23,20:16:35,airsoftrhino,SRC Hi-capa 5.1’’ HELIOS MK...,https://airsoftrhino.cl/pistolas/2759-src-hi-capa-51-helios-mk-i-gb-0757.html,149000,149000,si,N/A
2026-09-23,20:16:35,airsoftrhino,SRC G36KV AEG ( GE-0637TMII ),https://airsoftrhino.cl/fusil/3323-src-aeg-sr36kv-ge-0637ii-.html,279000,279000,si,N/A
2026-09-23,20:16:35,airsoftrhino,SRC Hi-capa 5.1’’ HELIOS MK...,https://airsoftrhino.cl/pistolas/2760-src-hi-capa-51-helios-mk-ii-gb-0758.html,149000,149000,no,N/A
2026-09-23,20:16:35,airsoftrhino,SRC SR HI-CAPA 5.1 BABA...,https://airsoftrhino.cl/pistolas/2075-src-sr-hi-capa-51-baba-yaga-green-gas-.html,169000,169000,si,N/A
2026-09-23,20:16:35,airsoftrhino,SRC SR45A1 CO2 BLOW BACK...,https://airsoftrhino.cl/pistolas/2762-sr45a1-co2-src-dt-co-732dx.html,119990,119990,si,N/A
2026-09-23,20:16:35,airsoftrhino,CYMA SR-47 M-Lok Alloy...,https://airsoftrhino.cl/fusil/3398-cyma-sr-47-335mm-m-lok-alloy-handguard-aeg-rifle-black.html,400000,400000,si,N/A
2026-09-23,20:16:35,airsoftrhino,We-Tech G17 Ivory Gen.3 GBB...,https://airsoftrhino.cl/pistolas/3190-we-g17-ivory-gen3-gbb-engraved-look-we-g17-floral.html,139000,139000,no,N/A
2026-09-23,20:16:35,airsoftrhino,King Arms PDW 9mm AEG SBR SD,https://airsoftrhino.cl/fusil/3412-king-arms-pdw-9mm-aeg-sbr-sd.html,299000,299000,si,N/A
2026-09-23,20:16:35,airsoftrhino,CYMA MK12 SPR Mod 0,https://airsoftrhino.cl/fusil/3628-cyma-aeg-325mm-spr-handguard-sprm4a1.html,385000,385000,si,N/A
2026-09-23,20:16:35,airsoftrhino,LDT MGL Lanzagranadas con...,https://airsoftrhino.cl/fusil/3464-ldt-mgl-lanzagranadas-con-retractil.html,259000,259000,si,N/A
2026-09-23,20:16:35,airsoftrhino,GLOCK 17 BLACK / GBB -...,https://airsoftrhino.cl/pistolas/3796-glock-17-black-gbb-licencia-oficial-umarex-gen-5.html,229000,229000,si,N/A
2026-09-23,20:16:35,airsoftrhino,GLOCK 18C / Licencia...,https://airsoftrhino.cl/pistolas/3416-glock-18-c-licencia-oficial-umarex-green-gas.html,239000,239000,si,N/A
2026-09-23,20:16:35,airsoftrhino,GLOCK 45 FS GREEN GAS...,https://airsoftrhino.cl/pistolas/3708-glock-45-fs-green-gas-umarex-licencia-oficial.html,239000,239000,si,N/A
2026-09-23,20:16:35,airsoftrhino,Classic Army AEG Nemesis X9,https://airsoftrhino.cl/fusil/3713-classic-army-aeg-nemesis-x9.html,379000,379000,si,N/A
2026-09-23,20:16:35,airsoftrhino,We-Tech G33 Gen.3 GBB...,https://airsoftrhino.cl/pistolas/3856-we-tech-g33-gen3-gbb-pistol-we-g007a.html,159000,159000,si,N/A
2026-09-23,20:16:35,airsoftrhino,Umarex HK416-A5 SportLine (...,https://airsoftrhino.cl/fusil/3792-umarex-hk416-a5-sportline.html,231000,231000,si,N/A
2026-09-23,20:16:35,airsoftrhino,WE-Tech G34 Gen.3 GBB,https://airsoftrhino.cl/pistolas/3857-g34-gen3-semi-auto-blowback-pistol-we-g008a.html,129000,129000,no,N/A
2026-09-23,20:16:35,airsoftrhino,We-Tech 1911 Floral GBB...,https://airsoftrhino.cl/pistolas/3860-we-e006sp-box-1911-gas-blowback-etched-version-v3.html,209990,209990,si,N/A
2026-09-23,20:16:35,airsoftrhino,Glock 19 Gen 5 GBB Umarex,https://airsoftrhino.cl/pistolas/4225-glock-19-gen-5-gbb-umarex.html,219990,219990,si,N/A
2026-09-23,20:16:35,airsoftrhino,R5C Full metal GBB (WE-R-M012),https://airsoftrhino.cl/fusil/3406-r5c-full-metal-gbb-we-r-m012.html,549000,549000,si,N/A
2026-09-23,20:16:35,airsoftrhino,CYMA Platinum M4 QBS AEG...,https://airsoftrhino.cl/fusil/3983-cyma-platinum-m4-qbs-aeg-10-m-lok-cm097b-.html,318000,318000,si,N/A
2026-09-23,20:16:35,airsoftrhino,CYMA Platinum M4 QBS AEG...,https://airsoftrhino.cl/fusil/3984-cyma-platinum-m4-qbs-aeg-13-m-lok-cm097a-.html,318000,318000,si,N/A
2026-09-23,20:16:35,airsoftrhino,CYMA Platinum M4 QBS AEG...,https://airsoftrhino.cl/fusil/3985-cyma-platinum-m4-qbs-aeg-145-m-lok-cm097-.html,318000,318000,si,N/A
2026-09-23,20:16:35,airsoftrhino,KJ Claw RPG-7 Dummy Warhead...,https://airsoftrhino.cl/fusil/3717-kj-claw-rpg-7-dummy-warhead-rocketgrenade-launcher-challenge-kit-aluminum-real-wood.html,630000,630000,si,N/A
2026-09-23,20:16:35,airsoftrhino,CYMA AK Tactical Romania  AEG,https://airsoftrhino.cl/fusil/4244-cyma-ak-tactical-romania-cm050-aeg.html,239990,239990,si,N/A
2026-09-23,20:16:35,airsoftrhino,CYMA - AK103 Tactical,https://airsoftrhino.cl/electricas-aeg/4245-cyma-ak103-tactical.html,249000,249000,si,N/A
2026-09-23,20:16:35,airsoftrhino,ARCTURUS - NEO MOD1 CQB...,https://airsoftrhino.cl/fusil/4320--arcturus-neo-mod1-cqb-79-neo-aeg-me-pack-lipo-cargador-lipo-.html,199990,199990,si,N/A
2026-09-23,20:16:35,airsoftrhino,ARCTURUS - NEO MOD1 CQB...,https://airsoftrhino.cl/electricas-aeg/4319-arcturus-neo-mod1-cqb-106.html,199990,199990,si,N/A
2026-09-23,20:16:35,airsoftrhino,"KWA KR5 AEG Rifle with 5""...",https://airsoftrhino.cl/inicio/4323-kwa-kr5-aeg-rifle-with-5-keymod-handguard-full-metal.html,339990,339990,si,N/A
2026-09-23,20:16:35,airsoftrhino,Arcturus AR15 Carbine AEG...,https://airsoftrhino.cl/inicio/4326-arcturus-ar15-carbine-aeg-rifle-black-full-metal.html,319990,319990,no,N/A
2026-09-23,20:16:35,airsoftrhino,ACETECH AC5000 Crono,https://airsoftrhino.cl/balines-bbs/1890-acetech-ac5000-chrono.html,85990,85990,si,N/A
2026-09-23,20:16:35,airsoftrhino,MP MOE Rail Vertical Grip...,https://airsoftrhino.cl/grips/593-59-grip-magpul-moe.html,10990,10990,si,N/A
2026-09-23,20:16:35,airsoftrhino,Eotech 553 Holo,https://airsoftrhino.cl/opticos/285-2185-eotech-553-holo-dot-sight-full-marking.html,36000,36000,no,N/A
2026-09-23,20:16:35,airsoftrhino,Granada flash dummy,https://airsoftrhino.cl/dummy/216-granada-flash-dummy.html,18000,18000,si,N/A
2026-09-23,20:16:35,airsoftrhino,TMC Bandera USA Corte Laser...,https://airsoftrhino.cl/parches/796-3345-tmc-bandera-usa-corte-laser-tmc2277-.html,6000,6000,si,N/A
2026-09-23,20:16:35,airsoftrhino,Magazine VSR-10  ( T10 -...,https://airsoftrhino.cl/magazines/757-magazine-t10-t11-vsr10-action-army-50rds.html,14000,14000,si,N/A
2026-09-23,20:16:35,airsoftrhino,Esposas plásticas dummy TMC,https://airsoftrhino.cl/dummy/793-796-esposas-plasticas-dummy-tmc.html,11900,11900,si,N/A
2026-09-23,20:16:35,airsoftrhino,TGD QD Short Vertical Grip...,https://airsoftrhino.cl/grips/596-61-grip-tango-down-corto-qd.html,11990,11990,si,N/A
2026-09-23,20:16:35,airsoftrhino,ACTION ARMY AAP-01 / GLOCK...,https://airsoftrhino.cl/magazines/1417-action-army-aap-01-glock-series-magazine.html,33990,33990,no,N/A
2026-09-23,20:16:35,airsoftrhino,TGD FOREGRIP LONG VERSION...,https://airsoftrhino.cl/grips/598-65-grip-tango-down-largo.html,13000,13000,si,N/A
2026-09-23,20:16:35,airsoftrhino,Porta linterna Element...,https://airsoftrhino.cl/rieles-y-monturas/804-164-porta-linterna-element.html,8000,8000,si,N/A
2026-09-23,20:16:35,airsoftrhino,TGD STUBBY VERTICAL GRIP...,https://airsoftrhino.cl/grips/602-74-grip-tango-down-corto.html,10000,10000,si,N/A
2026-09-23,20:16:35,airsoftrhino,montura linterna tactica...,https://airsoftrhino.cl/rieles-y-monturas/805-741-montura-linterna-tactica-mp07002.html,8000,8000,si,N/A
2026-09-23,20:16:35,airsoftrhino,Grip angular V1.0 ( MP03008 ),https://airsoftrhino.cl/grips/603-76-grip-angular.html,10990,10990,si,N/A
2026-09-23,20:16:35,airsoftrhino,Montura linterna para...,https://airsoftrhino.cl/rieles-y-monturas/808-165-montura-linterna-para-beretta-m92.html,6500,6500,si,N/A
2026-09-23,20:16:35,airsoftrhino,Parche bordado de Star Wars...,https://airsoftrhino.cl/parches/1568-parche-bordado-de-star-wars-boba-fett-mandalorian-bantha.html,4000,4000,no,N/A
2026-09-23,20:16:35,airsoftrhino,Riel angular M-lok para...,https://airsoftrhino.cl/rieles-y-monturas/811-169-riel-angular-picattiny-color-negro.html,6000,6000,si,N/A
2026-09-23,20:16:35,airsoftrhino,PTK & VTS ForeGrip Kits...,https://airsoftrhino.cl/grips/1265-768-acm-ptk-vts-foregrip-kits-black.html,9990,9990,si,N/A
2026-09-23,20:16:35,airsoftrhino,Juego de rieles para M-LOK,https://airsoftrhino.cl/rieles-y-monturas/812-167-juego-de-rieles-para-m-lok.html,9000,9000,si,N/A
2026-09-23,20:16:35,airsoftrhino,Gancho Molle D-Ring 360°,https://airsoftrhino.cl/funcionales/843-1413-gancho-molle-360-color-verde-coyote-negro.html,600,600,si,N/A
2026-09-23,20:16:35,airsoftrhino,Molle para chaleco hidratación,https://airsoftrhino.cl/chalecos/2895--molle-para-mochila-tactica-de-hidratacion.html,2500,2500,si,N/A
2026-09-23,20:16:35,airsoftrhino,GRIP - VSG-S picatinny...,https://airsoftrhino.cl/grips/1395-314-grip-vsg-s.html,9990,9990,si,N/A
2026-09-23,20:16:35,airsoftrhino,Gancho D-Ring molle militar,https://airsoftrhino.cl/funcionales/844-383-gancho-molle-militar-colores.html,1500,1500,si,N/A
2026-09-23,20:16:35,airsoftrhino,Acetech i-Tracer Advanced...,https://airsoftrhino.cl/trazadores/3871-2598-acetech-i-tracer-advanced-bb-control-system-computer-chronograph-tracer-burst-control-unit.html,129000,129000,si,N/A
2026-09-23,20:16:35,airsoftrhino,Mosqueton polimero,https://airsoftrhino.cl/funcionales/847-386-mosqueton-militar-grande.html,1500,1500,si,N/A
2026-09-23,20:16:35,airsoftrhino,ANPEQ-2 Porta Bateria (...,https://airsoftrhino.cl/funcionales/258-879-an-peq-2-con-laser-porta-bateria.html,22000,22000,si,N/A
2026-09-23,20:16:35,airsoftrhino,Killflash para MRO Red Dot...,https://airsoftrhino.cl/opticos/2096-killflash-cubierta-de-lente-para-mro-red-dot-scope-ao5016.html,14990,14990,si,N/A
2026-09-23,20:16:35,airsoftrhino,TGD QD Long Vertical...,https://airsoftrhino.cl/grips/1602-619-tgd-qd-long-vertical-grip.html,11990,11990,si,N/A
2026-09-23,20:16:35,airsoftrhino,TAC-SKY TCI LIBERATOR II...,https://airsoftrhino.cl/radio-y-comunicaciones/1919-3452-tac-sky-tci-liberator-ii-neckband-wys0042-.html,109990,109990,si,N/A
2026-09-23,20:16:35,airsoftrhino,TDI STYLE SHORT GRIP FOR...,https://airsoftrhino.cl/grips/1858-774-tdi-style-short-grip-for-rail-blck.html,8000,8000,si,N/A
2026-09-23,20:16:35,airsoftrhino,Killflash T1/T2 (AO5035),https://airsoftrhino.cl/opticos/2106-killflash-aim-o-t1t2-ao5035.html,13000,13000,si,N/A
2026-09-23,20:16:35,airsoftrhino,Laser rojo para pistola,https://airsoftrhino.cl/laser-y-linternas/904-mira-laser-rojo-para-pistola-6934327955481.html,18990,18990,si,N/A
2026-09-23,20:16:35,airsoftrhino,Cuchillo Dummy Plastico,https://airsoftrhino.cl/dummy/2579-2053-cuchillo-dummy-plastico.html,7500,7500,si,N/A
2026-09-23,20:16:35,airsoftrhino,GRIP - VSG-S KEYMOD & M-LOK...,https://airsoftrhino.cl/grips/2089-2262-grip-vsg-s-keymod-m-lok.html,11990,11990,si,N/A
2026-09-23,20:16:35,airsoftrhino,Repuestos de silicona para...,https://airsoftrhino.cl/radio-y-comunicaciones/978-repuestos-de-silicona-para-headset-tipo-sordin-bz-090-.html,19000,19000,si,N/A
2026-09-23,20:16:35,airsoftrhino,Alza Riel Picatinny de 22mm...,https://airsoftrhino.cl/rieles-y-monturas/1484-alza-riel-picatinny-de-22mm-a-22mm-7891688100150.html,8990,8990,si,N/A
2026-09-23,20:16:35,airsoftrhino,mira reflex punto rojo y...,https://airsoftrhino.cl/opticos/1065-mira-reflex-punto-rojo-y-verde-hd101.html,29990,29990,si,N/A
2026-09-23,20:16:35,airsoftrhino,mira compacta 4x32,https://airsoftrhino.cl/opticos/1066-mira-compacta-4x32-692187580767.html,59990,59990,si,N/A
2026-09-23,20:16:35,airsoftrhino,Tactical One Clock Mount...,https://airsoftrhino.cl/rieles-y-monturas/3875-tactical-one-clock-mount-me04036.html,16000,16000,si,N/A
2026-09-23,20:16:35,airsoftrhino,GRIP TARGET GRIP M4 (MP01219),https://airsoftrhino.cl/grips/2035-1051-target-grip-for-m4-black-01291.html,13990,13990,no,N/A
2026-09-23,20:16:35,airsoftrhino,mira punto rojo 1X30...,https://airsoftrhino.cl/opticos/1068-la-optica-exterior-1x30-reflex-punto-rojo-scope-sight-hk2-0060.html,23990,23990,si,N/A
2026-09-23,20:16:35,airsoftrhino,T238 NANO Tracer Unit ( R&G ),https://airsoftrhino.cl/trazadores/4342-3572-t238-nano-tracer-unit-rg-.html,59990,59990,si,N/A
2026-09-23,20:16:35,airsoftrhino,TAC-SKY adaptador comtac...,https://airsoftrhino.cl/cascos/2584-tac-sky-adaptador-comtac-para-casco-wendy-wys0093.html,19000,19000,si,N/A
2026-09-23,20:16:35,airsoftrhino,COMET mira telescopica con...,https://airsoftrhino.cl/opticos/1072-mira-telescopica-puntero-o-mira-laser-reticula-iluminada.html,65000,65000,si,N/A
2026-09-23,20:16:35,airsoftrhino,Action Army AAP-01 Mag...,https://airsoftrhino.cl/grips/2647-action-army-aap-01-mag-extend-grip.html,25980,25980,si,N/A
2026-09-23,20:16:35,airsoftrhino,Montura Tactica Para Riel...,https://airsoftrhino.cl/rieles-y-monturas/1482-montura-tactica-para-riel-picatinny-de-20-22mm.html,4000,4000,si,N/A
2026-09-23,20:16:35,airsoftrhino,DBAL-A2 Aiming Devices- Red...,https://airsoftrhino.cl/laser-y-linternas/2454-dbal-a2-metal-laser-verde-.html,139000,139000,no,N/A
2026-09-23,20:16:35,airsoftrhino,Montura Tactica Para Riel...,https://airsoftrhino.cl/rieles-y-monturas/1483-montura-tactica-para-riel-picatinny-de-11-mm.html,4000,4000,si,N/A
2026-09-23,20:16:35,airsoftrhino,Montura de 45°  ( 4037 ),https://airsoftrhino.cl/rieles-y-monturas/1802--mountura-picatinny-de-45-grado.html,9990,9990,si,N/A
2026-09-23,20:16:35,airsoftrhino,PROTECTOR PARA MIRAS ( 2...,https://airsoftrhino.cl/opticos/1078-reflex-protector-de-vista-holografico-2-pack-red-dot-sight-7891688120875.html,9990,9990,si,N/A
2026-09-23,20:16:35,airsoftrhino,MONTURA ALTA AIMPOINT T1 /...,https://airsoftrhino.cl/rieles-y-monturas/1862-montura-alta-aimpoint-t1-t2-con-palanca-ti-qd.html,12000,12000,no,N/A
2026-09-23,20:16:35,airsoftrhino,Cubre riel picatinny goma...,https://airsoftrhino.cl/rieles-y-monturas/1112-739--cubre-riel-para-picatinny-cubre-de-cubiertas-.html,9000,9000,si,N/A
2026-09-23,20:16:35,airsoftrhino,DBAL-A2 Green Laser+White...,https://airsoftrhino.cl/funcionales/2462-1407-dbal-a2-green-laserwhite-light-version-wd06010.html,69000,69000,si,N/A
2026-09-23,20:16:35,airsoftrhino,TDI RAIL COVER SHORT BLACK...,https://airsoftrhino.cl/rieles-y-monturas/1113-2678-tdi-cubre-riel-10u-x-pack-.html,9000,9000,si,N/A
2026-09-23,20:16:35,airsoftrhino,CNC AK47/74 Side Rail QD...,https://airsoftrhino.cl/rieles-y-monturas/1863-cnc-ak4774-side-rail-scope-qd-mount-me09004-bk.html,24990,24990,si,N/A
2026-09-23,20:16:35,airsoftrhino,magazine rubber M4 (MP04001),https://airsoftrhino.cl/magazines/1116-888-fast-mag-rubber-para-m4-element-556-nato.html,4990,4990,si,N/A
2026-09-23,20:16:35,airsoftrhino,Antena Dummy Z-TACTICAL...,https://airsoftrhino.cl/dummy/2435-pack-de-antena-dummy-z-tactical-prc-152-148.html,16000,16000,si,N/A
2026-09-23,20:16:35,airsoftrhino,Montura de 24.5mm con riel...,https://airsoftrhino.cl/rieles-y-monturas/1971-montura-de-245mm-con-riel-superior-cyma-gh0023.html,11990,11990,si,N/A
2026-09-23,20:16:35,airsoftrhino,Clip de mag táctico  m4 -...,https://airsoftrhino.cl/magazines/1123-712-clip-de-mag-tactico-m4-m16-mp04002-.html,4500,4500,si,N/A
2026-09-23,20:16:35,airsoftrhino,Pera para radio (BAOFENG -...,https://airsoftrhino.cl/radio-y-comunicaciones/3230-pera-para-radio-baofeng.html,13000,13000,si,N/A
2026-09-23,20:16:35,airsoftrhino,Leupold LCO red dot,https://airsoftrhino.cl/opticos/3089-1829-mira-holografica-reddot-tipo-leupold-lco.html,84990,84990,si,N/A
2026-09-23,20:16:35,airsoftrhino,Parche Bandera Chilena,https://airsoftrhino.cl/parches/1779-3337-parche-bandera-chilena.html,4000,4000,si,N/A
2026-09-23,20:16:35,airsoftrhino,MLOK LINK Angled HandStop (...,https://airsoftrhino.cl/grips/3451-2044-mlok-link-angled-handstop-mp01008-.html,9990,9990,si,N/A
2026-09-23,20:16:35,airsoftrhino,MLOK Mini HandStop ( MP01011 ),https://airsoftrhino.cl/grips/3452-2047-mlok-mini-handstop-mp01011-.html,8990,8990,si,N/A
2026-09-23,20:16:35,airsoftrhino,ROMEO5 1X20 MM SIG  BK,https://airsoftrhino.cl/opticos/3255-3569-romeo5-1x20-mm-sig.html,99990,99990,si,N/A
2026-09-23,20:16:35,airsoftrhino,TAC-SKY RAC TACTICAL...,https://airsoftrhino.cl/radio-y-comunicaciones/2981-tac-sky-rac-tactical-headset-for-arc-rail-helmets-de-wys0115-de-.html,149000,149000,no,N/A
2026-09-23,20:16:35,airsoftrhino,"Bipode Harris HBR 1A2 de 6""...",https://airsoftrhino.cl/grips/1227-bipode-harris-hbr-1a2-de-6-a-9-7885611100089.html,29000,29000,si,N/A
2026-09-23,20:16:35,airsoftrhino,KEYMOD/M-LOK BARRIER HAND...,https://airsoftrhino.cl/grips/3685-2126-keymodm-lok-barrier-hand-stop-me06090-.html,16000,16000,si,N/A
2026-09-23,20:16:35,airsoftrhino,METAL KeyMod & M-LOK Finger...,https://airsoftrhino.cl/grips/3686-2128-metal-keymod-m-lok-finger-stop-me06094-bk.html,16000,16000,si,N/A
2026-09-23,20:16:35,airsoftrhino,TD SCAR - M4  POCKET PANEL...,https://airsoftrhino.cl/rieles-y-monturas/1263-711-cubre-riel-para-interruptor-remoto.html,9000,9000,si,N/A
2026-09-23,20:16:35,airsoftrhino,Hand Stop KeyMod & M-Rail...,https://airsoftrhino.cl/grips/3687-2130-hand-stop-keymod-m-rail-me06093-bk.html,14000,14000,si,N/A
2026-09-23,20:16:35,airsoftrhino,Castellan Hexmag 120 round...,https://airsoftrhino.cl/magazines/2423-1388--hexmag-style-120-round-m4-mid-cap-aeg.html,12990,12990,si,N/A
2026-09-23,20:16:35,airsoftrhino,HOLOSIGHT COVER  ( EX013 ),https://airsoftrhino.cl/opticos/1275-protector-de-mira-de-punto-rojo-lente-de-mira-cubierta-holosight.html,4999,4999,si,N/A
2026-09-23,20:16:35,airsoftrhino,GRIP TACTICO ANGULAR...,https://airsoftrhino.cl/grips/3735-grip-tactico-angular-picatini-20mm.html,11990,11990,no,N/A
2026-09-23,20:16:35,airsoftrhino,WADSN RAID X Aiming Laser (...,https://airsoftrhino.cl/laser-y-linternas/3169-1846-wadsn-raid-x-aiming-laser-green-ir-laser-aluminum-wdx056.html,179000,179000,si,N/A
2026-09-23,20:16:35,airsoftrhino,SRC Pistol grip ( SM4-118 ),https://airsoftrhino.cl/grips/3797-pistol-grip-magpul-miad-4715997078067.html,13000,13000,si,N/A
2026-09-23,20:16:35,airsoftrhino,Finger Stop Mini Style For...,https://airsoftrhino.cl/grips/3874-2624-finger-stop-mini-style-for-keymod-m-rail-me06091.html,17990,17990,si,N/A
2026-09-23,20:16:35,airsoftrhino,Baofeng UV-32 / Multibanda...,https://airsoftrhino.cl/radio-y-comunicaciones/3818-baofeng-uv-32-multibanda-con-bluetooth-y-gps.html,69990,69990,si,N/A
2026-09-23,20:16:35,airsoftrhino,HOLO SIGHT 558,https://airsoftrhino.cl/opticos/1304-2316-558-holo-cqb-qd-black.html,65000,65000,si,N/A
2026-09-23,20:16:35,airsoftrhino,Angled Fore Grip Version...,https://airsoftrhino.cl/grips/3884-2680-angled-fore-grip-version-20-mp03009.html,10990,10990,no,N/A
2026-09-23,20:16:35,airsoftrhino,LINTERNA M300A MINI SCOUT (...,https://airsoftrhino.cl/laser-y-linternas/3165-1841-wadsn-m300a-mini-scout-light-wd04024.html,39990,39990,si,N/A
2026-09-23,20:16:35,airsoftrhino,SRC G36 adaptador drum mag...,https://airsoftrhino.cl/magazines/2534-src-g36-adaptador-drum-mag-sg36-53--4715997073307.html,9000,9000,si,N/A
2026-09-23,20:16:35,airsoftrhino,GFG Mod 0 Grip [ GBB-AR ] (...,https://airsoftrhino.cl/grips/3778-gfg-mod-0-grip-gbb-ar-mp01209.html,11990,11990,si,N/A
2026-09-23,20:16:35,airsoftrhino,BT10-LW17 V8 Atlas Bipode,https://airsoftrhino.cl/grips/1365-bt10-lw17-v8-atlas-bipode-black.html,33000,33000,si,N/A
2026-09-23,20:16:35,airsoftrhino,Grip plegable para AK...,https://airsoftrhino.cl/grips/3904-grip-plegable-para-ak-cyma-20mm-c57.html,9990,9990,si,N/A
2026-09-23,20:16:35,airsoftrhino,Tactical Rubber Grip Glove...,https://airsoftrhino.cl/grips/3912-2704-tactical-rubber-grip-glove-for-glock-17.html,6990,6990,si,N/A
2026-09-23,20:16:35,airsoftrhino,LUZ TÁCTICA M720V (LOGO SF...,https://airsoftrhino.cl/laser-y-linternas/3157-luz-tactica-m720v-version-estroboscopica-con-logo-sf-.html,68990,68990,si,N/A
2026-09-23,20:16:35,airsoftrhino,TMC M-LOK bipode magpul,https://airsoftrhino.cl/grips/3950-2892-tmc-mlock-bipode-magpul.html,45000,45000,no,N/A
2026-09-23,20:16:35,airsoftrhino,WADSN Linterna táctica M951...,https://airsoftrhino.cl/laser-y-linternas/3155-wadsn-linterna-tactica-m951-surefir-m300-m600-wex108-.html,64990,64990,no,N/A
2026-09-23,20:16:35,airsoftrhino,Libreta Verde Impermeable...,https://airsoftrhino.cl/supervicencia/1451-all-weather-notebook-4x6.html,3000,3000,si,N/A
2026-09-23,20:16:35,airsoftrhino,bipode para cañon,https://airsoftrhino.cl/grips/4014-bipode-para-canon.html,16000,16000,no,N/A
2026-09-23,20:16:35,airsoftrhino,WADSN XC1 LINTERNA PISTOLA...,https://airsoftrhino.cl/laser-y-linternas/3153-1833-wadsn-xc1-linterna-pistola-tactica-wex414-.html,54000,54000,si,N/A
2026-09-23,20:16:35,airsoftrhino,Antena Nagoya Na-771 Para...,https://airsoftrhino.cl/radio-y-comunicaciones/1488--antena-nagoya-na-771-para-baofeng-37cm.html,7000,7000,si,N/A
2026-09-23,20:16:35,airsoftrhino,M961 TACTICAL LIGHT LED...,https://airsoftrhino.cl/laser-y-linternas/3109--m961-tactical-light-led-version-super-bright-with-sf-logo-.html,70000,70000,si,N/A
2026-09-23,20:16:35,airsoftrhino,Seal Laser Engraving 300...,https://airsoftrhino.cl/magazines/1532-magazine-navy-seal-m4-stanag-hi-cap-src-300-rds-4715997077411.html,14000,14000,si,N/A
2026-09-23,20:16:35,airsoftrhino,M300A MINI SCOUT LIGHT With...,https://airsoftrhino.cl/laser-y-linternas/3108-1792-m300a-mini-scout-light-with-sl07-scout-dual-switch-version-.html,69000,69000,si,N/A
2026-09-23,20:16:35,airsoftrhino,Linterna KIJI K1 with...,https://airsoftrhino.cl/laser-y-linternas/3107-1790-kiji-k1-flashlight-tool-no-logo-with-remote-switch-wd04082-bk.html,59990,59990,si,N/A
2026-09-23,20:16:35,airsoftrhino,Magazine M4 Polimero...,https://airsoftrhino.cl/magazines/1534-528-magazine-m4-polimero-mid-cap-src-140-rds-sm4-124.html,14000,14000,si,N/A
2026-09-23,20:16:35,airsoftrhino,we-tech Gas Magazine for...,https://airsoftrhino.cl/magazines/3202-1985-we-tech-gas-magazine-for-masada-musoken.html,59000,59000,si,N/A
2026-09-23,20:16:35,airsoftrhino,Vortex SPARC Gen II punto rojo,https://airsoftrhino.cl/opticos/3759-vortex-sparc-gen-ii-punto-rojo.html,84990,84990,si,N/A
2026-09-23,20:16:35,airsoftrhino,Conversor para Magazine 9mm...,https://airsoftrhino.cl/magazines/1536-conversor-para-magazine-9mm-src.html,9000,9000,si,N/A
2026-09-23,20:16:35,airsoftrhino,AAP-01 Co2 Magazine (U01-020),https://airsoftrhino.cl/magazines/3099-action-army-aap-01-co2-magazine-u01-020.html,33990,33990,si,N/A
2026-09-23,20:16:35,airsoftrhino,Magazine para SR-4 SRC (110...,https://airsoftrhino.cl/magazines/1538-magazine-9mm-para-sr-4-src-110-rds-4715997082972.html,16000,16000,si,N/A
2026-09-23,20:16:35,airsoftrhino,AAP-01 extend mag base for...,https://airsoftrhino.cl/magazines/3097-1782-aap01-extend-mag-base-for-co2-mag-u01-028-.html,22990,22990,si,N/A
2026-09-23,20:16:35,airsoftrhino,Magazine AK-47 plastico...,https://airsoftrhino.cl/magazines/1540-magazine-ak-47-plastico-hi-cap-src-600-rds-sak-103-4715997071266.html,13000,13000,si,N/A
2026-09-23,20:16:35,airsoftrhino,mira T1 punto rojo (102T),https://airsoftrhino.cl/opticos/3763-3moa-dot-size-red-dot-sight.html,39990,39990,no,N/A
2026-09-23,20:16:35,airsoftrhino,AK 125 ROUNDS LOW CAP...,https://airsoftrhino.cl/magazines/1541-ak-125-rounds-low-cap-magazinesrc-125-rds-sak-80-4715997074069.html,16000,16000,si,N/A
2026-09-23,20:16:35,airsoftrhino,WADSN mira para PEQ15...,https://airsoftrhino.cl/laser-y-linternas/3774-2209-wadsn-leaf-cnc-rail-mount-flip-back-up-sight-for-peq15-wdx041.html,29990,29990,si,N/A
2026-09-23,20:16:35,airsoftrhino,Magazine G-36 SRC (50 rds)...,https://airsoftrhino.cl/magazines/1542-magazine-g-36-src-50-rds-sgs6-54-4715997074106.html,16000,16000,si,N/A
2026-09-23,20:16:35,airsoftrhino,Magazine G-36 SRC (470 rds)...,https://airsoftrhino.cl/magazines/1543-magazine-g-36-src-470-rds-sg36-01-4715997071938.html,14000,14000,si,N/A
2026-09-23,20:16:35,airsoftrhino,Romeo 5 - T-EAGLE Punto rojo,https://airsoftrhino.cl/opticos/3809-sig-sauer-sor52102-romeo5-xdr-vision-roja-compacta-2-puntos-.html,79990,79990,no,N/A
2026-09-23,20:16:35,airsoftrhino,Magazine MP5 SRC (260 rds)...,https://airsoftrhino.cl/magazines/1544-magazine-mp5-src-260-rds-sr5-01-4715997074199.html,16990,16990,no,N/A
2026-09-23,20:16:35,airsoftrhino,Hi-Cap 300 BB M4/M16 CLASIC...,https://airsoftrhino.cl/magazines/3014-hi-cap-300-bb-m4m16-magazine-black-4897014885282.html,14000,14000,si,N/A
2026-09-23,20:16:35,airsoftrhino,Bandera Britanica,https://airsoftrhino.cl/parches/2307-3357-bandera-britanica.html,4000,4000,si,N/A
2026-09-23,20:16:35,airsoftrhino,A&K M249 MKI  AEG Handguard...,https://airsoftrhino.cl/grips/1136-ak-m249-mki-aeg-handguard-liviano-negro.html,27000,27000,si,N/A
2026-09-23,20:16:35,airsoftrhino,DBAL-A2 Aiming Devices-...,https://airsoftrhino.cl/laser-y-linternas/3786-dbal-a2-metal-laser-verde-.html,149000,149000,si,N/A
2026-09-23,20:16:35,airsoftrhino,FLASHLIGHT IR FILTER...,https://airsoftrhino.cl/laser-y-linternas/1610-flashlight-ir-filter-fm14162-m961-m910-0001610.html,9000,9000,si,N/A
2026-09-23,20:16:35,airsoftrhino,LA-5C UHP VER-Green Laser (...,https://airsoftrhino.cl/laser-y-linternas/3787-2223-peq-15-peq-laser-ir-laser-rojo-.html,65990,65990,si,N/A
2026-09-23,20:16:35,airsoftrhino,FLASHLIGHT DIFFUSER...,https://airsoftrhino.cl/laser-y-linternas/1611-flashlight-ir-filter-m300m600-ir.html,13000,13000,si,N/A
2026-09-23,20:16:35,airsoftrhino,PEQ 15 Laser Rojo y Verde...,https://airsoftrhino.cl/laser-y-linternas/3788-2225-peq-15-peq-laser-ir-laser-rojo-.html,85000,85000,si,N/A
2026-09-23,20:16:35,airsoftrhino,SRC DRUM MAG AK47 3000 rds...,https://airsoftrhino.cl/magazines/1664-drum-mag-ak47-3000-universal-p-48-.html,79990,79990,no,N/A
2026-09-23,20:16:35,airsoftrhino,SRC 6 balas para revolver...,https://airsoftrhino.cl/magazines/1702-src-6-balas-para-revolver-co2-6mm-450-fps-4715997080770.html,19000,19000,si,N/A
2026-09-23,20:16:35,airsoftrhino,SRC M92 CO2 MAGAZINE...,https://airsoftrhino.cl/magazines/1703-src-m92-co2-magazine-sr-92co2.html,32000,32000,si,N/A
2026-09-23,20:16:35,airsoftrhino,SRC SR92 GREEN GAS MAGAZINE...,https://airsoftrhino.cl/magazines/1704-3395-src-sr92-green-gas-magazine-m92-y-m9a3-4715997075592.html,32000,32000,si,N/A
2026-09-23,20:16:35,airsoftrhino,parche grupo sanguineo,https://airsoftrhino.cl/parches/2617-3382-parche-grupo-sanguineo.html,3000,3000,si,N/A
2026-09-23,20:16:35,airsoftrhino,SRC Magazine Hi-Capa Green...,https://airsoftrhino.cl/magazines/1705-src-hi-capa-green-gas-magazine-4715997078449.html,36000,36000,si,N/A
2026-09-23,20:16:35,airsoftrhino,LA-5C UHP RED AND GREEN...,https://airsoftrhino.cl/laser-y-linternas/1794-2207-peq-laser-uhp-laser-flashinght-ir-tmc.html,76000,76000,no,N/A
2026-09-23,20:16:35,airsoftrhino,T-EAGLE MONTURA Y035 [ BK ],https://airsoftrhino.cl/rieles-y-monturas/4341-t-eagle-montura-y035-bk-.html,26990,26990,si,N/A
2026-09-23,20:16:35,airsoftrhino,SR1911-M Metal Gas Magazine...,https://airsoftrhino.cl/magazines/1844-sr1911-m-metal-gas-magazine-sr1911-m--4715997075752.html,28000,28000,si,N/A
2026-09-23,20:16:35,airsoftrhino,MONTURA CORREA TRASERA...,https://airsoftrhino.cl/holster-porta-replica/1859-montura-correa-trasera.html,6000,6000,no,N/A
2026-09-23,20:16:35,airsoftrhino,Linterna de Casco CHARGE...,https://airsoftrhino.cl/laser-y-linternas/1060-3601-linterna-de-casco-charge-mpls-black--01060.html,26000,26000,si,N/A
2026-09-23,20:16:35,airsoftrhino,Killflash HOLO - EOTech...,https://airsoftrhino.cl/opticos/1861-killflash-holographic-weapon-sight-series-5090-black.html,18000,18000,si,N/A
2026-09-23,20:16:35,airsoftrhino,Acetech AC6000 BT Chrono,https://airsoftrhino.cl/balines-bbs/1888-acetech-ac6000-bt-chrono.html,129990,129990,si,N/A
2026-09-23,20:16:35,airsoftrhino,Maverick FN57 GBB pistol 18...,https://airsoftrhino.cl/magazines/1894--maverick-fn57-gbb-pistol-18-rounds-gas-magazine.html,29000,29000,si,N/A
2026-09-23,20:16:35,airsoftrhino,BANDERA U.S.A PECHO BORDADA,https://airsoftrhino.cl/parches/3545-3368-bandera-usa-pecho-bordada.html,6000,6000,si,N/A
2026-09-23,20:16:35,airsoftrhino,Fast MAG MP5 (MP04003),https://airsoftrhino.cl/magazines/1911-829-fast-mag-mp5.html,4990,4990,si,N/A
2026-09-23,20:16:35,airsoftrhino,Speed Plate for TM G17...,https://airsoftrhino.cl/magazines/1912-1827--speed-plate-for-tm-g17-3pc-tan.html,8000,8000,si,N/A
2026-09-23,20:16:35,airsoftrhino,Grip aluminio curvo M-lok (...,https://airsoftrhino.cl/grips/1913-grip-aluminio-curvo-m-lok-me06077-.html,18990,18990,si,N/A
2026-09-23,20:16:35,airsoftrhino,PTT U94 BAOFENG ( WZ113 ),https://airsoftrhino.cl/radio-y-comunicaciones/1915-834-ptt-u94-baofeng-wz113-.html,18000,18000,si,N/A
2026-09-23,20:16:35,airsoftrhino,Juego de Barras de Luz  TMC...,https://airsoftrhino.cl/funcionales/1920-839--juego-de-barras-de-luz-tmc-de-4-pulgadas-amarillo-verde-ir-naranja-.html,8500,8500,si,N/A
2026-09-23,20:16:35,airsoftrhino,Clip de mosquetón MOLLE,https://airsoftrhino.cl/funcionales/1927-848-clip-de-mosqueton-molle.html,500,500,si,N/A
2026-09-23,20:16:35,airsoftrhino,Linterna + Laser rojo para...,https://airsoftrhino.cl/laser-y-linternas/1928--linterna-laser-rojo-de-200-lumenes-con-riel-compacto-2-pilas-cr123.html,36000,36000,si,N/A
2026-09-23,20:16:35,airsoftrhino,T238 Electric Speed Loader...,https://airsoftrhino.cl/t238/3919-t238-1800-rounds-electric-bbs-speed-loader-pro-edition.html,159990,159990,no,N/A
2026-09-23,20:16:35,airsoftrhino,Speedloader SRC Clear P-24,https://airsoftrhino.cl/magazines/4215-3441-speedloader-src-clear-p-24.html,4000,4000,si,N/A
2026-09-23,20:16:35,airsoftrhino,SRC Drum Mag G36 2300 rds (...,https://airsoftrhino.cl/magazines/1963-drum-mag-g36-src-2300-rds.html,59000,59000,si,N/A
2026-09-23,20:16:35,airsoftrhino,PORTA BALINES TIPO MAGAZINE...,https://airsoftrhino.cl/magazines/1761-botella-tipo-magazine-para-bb-s-bls.html,2990,2990,si,N/A
2026-09-23,20:16:35,airsoftrhino,bandera IR EEUU (KIT),https://airsoftrhino.cl/parches/4020-bandera-eeuu-blanco-y-negro-hacia-ambas-direcciones-pack.html,10000,10000,si,N/A
2026-09-23,20:16:35,airsoftrhino,SRC SPEED LOADER 400 ROUNDS...,https://airsoftrhino.cl/magazines/2807-400-rounds-bb-loader-src-p-107--4715997077336.html,14000,14000,si,N/A
2026-09-23,20:16:35,airsoftrhino,PORTA BALINES TIPO...,https://airsoftrhino.cl/magazines/2823-porta-balines-tipo-cantimplora-bls-5000rd-bb.html,3900,3900,si,N/A
2026-09-23,20:16:35,airsoftrhino,Action Army AAP-01...,https://airsoftrhino.cl/magazines/1975-aap01-lightweigt-50r-mag-action-army.html,64990,64990,no,N/A
2026-09-23,20:16:35,airsoftrhino,SRC 6 balas para revolver...,https://airsoftrhino.cl/magazines/1978-src-6-balas-para-revolver-co2-6mm-325-fps-p-118-4715997079880.html,9990,9990,si,N/A
2026-09-23,20:16:35,airsoftrhino,Xcortech X3300W Advanced BB...,https://airsoftrhino.cl/trazadores/2001-2151-xcortech-x3300w-chronograph-mosfet-tracer-unit-advanced-bb-control-system-tan.html,139000,139000,si,N/A
2026-09-23,20:16:35,airsoftrhino,MAGAZINE USP GREEN GAS 18...,https://airsoftrhino.cl/magazines/1956-magazine-usp-green-gas-18-rondas-src-srsp-m-4715997083672.html,32000,32000,si,N/A
2026-09-23,20:16:35,airsoftrhino,T238 Electric Speed Loader...,https://airsoftrhino.cl/balines-bbs/4344-3576-t238-electric-speed-loader-lite-edition.html,119990,119990,si,N/A
2026-09-23,20:16:35,airsoftrhino,Bowman IV M-Tactical...,https://airsoftrhino.cl/radio-y-comunicaciones/2036-982-bowman-iv-m-tactical-headset-032.html,19000,19000,si,N/A
2026-09-23,20:16:35,airsoftrhino,WADSN X300 Ultra ( WEX359 ),https://airsoftrhino.cl/laser-y-linternas/2041--x300u-x300-ultra-luz-led-linterna-tactica.html,59000,59000,no,N/A
2026-09-23,20:16:35,airsoftrhino,Fast Mag Rubber para M14-...,https://airsoftrhino.cl/magazines/2090-1056-fast-mag-rubber-para-m14-sr25-magazine-762.html,4990,4990,si,N/A
2026-09-23,20:16:35,airsoftrhino,M4 Mag Coupler (MP04011),https://airsoftrhino.cl/magazines/1800--m4-adaptador-earmoury-para-magazines.html,8000,8000,no,N/A
2026-09-23,20:16:35,airsoftrhino,Acople para magazines de...,https://airsoftrhino.cl/magazines/1801--ak-47-adaptador-earmoury-para-magazines.html,9990,9990,si,N/A
2026-09-23,20:16:35,airsoftrhino,Acople magazines MP5 (MP04005),https://airsoftrhino.cl/magazines/535-mp5-adaptador-earmoury-para-magazines-.html,8000,8000,si,N/A
2026-09-23,20:16:35,airsoftrhino,MARCH RMR RED DOT LED,https://airsoftrhino.cl/opticos/2097-2353-adjustable-led-rmr-red-dot-black-aim-o.html,49000,49000,si,N/A
2026-09-23,20:16:35,airsoftrhino,EOTECH G33 3x magnificador...,https://airsoftrhino.cl/opticos/2098-2312-et-style-g33-3x-magnifier.html,96000,96000,si,N/A
2026-09-23,20:16:35,airsoftrhino,PULSADOR DBAL Y LINTERNA...,https://airsoftrhino.cl/laser-y-linternas/2116-1394-pulsador-dbal-y-linterna-25mmsf-wd07068-.html,18990,18990,si,N/A
2026-09-23,20:16:35,airsoftrhino,PEQ 15  Laser IR + Laser...,https://airsoftrhino.cl/laser-y-linternas/2146-2708-peq-15-peq-laser-ir-laser-rojo-.html,59000,59000,si,N/A
2026-09-23,20:16:35,airsoftrhino,Well 35 Rounds Magazine For...,https://airsoftrhino.cl/magazines/2150-well-35-rounds-magazine-for-mb-4410-4411-series-air-cocking-sniper.html,11990,11990,si,N/A
2026-09-23,20:16:35,airsoftrhino,COMET mira telescopica 4X32,https://airsoftrhino.cl/opticos/2164-comet-mira-telescopica-4x32.html,30000,30000,si,N/A
2026-09-23,20:16:35,airsoftrhino,ACOG Killflash (AO5327),https://airsoftrhino.cl/opticos/2204-acog-killflash.html,18000,18000,si,N/A
2026-09-23,20:16:35,airsoftrhino,"Killflash for M2, M4 (AO5034)",https://airsoftrhino.cl/opticos/2210-killflash-for-m2m4.html,12000,12000,si,N/A
2026-09-23,20:16:35,airsoftrhino,GE Short Version Scope Ring...,https://airsoftrhino.cl/rieles-y-monturas/2211-ge-short-version-scope-ring-mount.html,30000,30000,si,N/A
2026-09-23,20:16:35,airsoftrhino,Killflash for 1-4x24E...,https://airsoftrhino.cl/opticos/2213-killflash-for-1-4x24e-tactical-scope.html,16000,16000,si,N/A
2026-09-23,20:16:35,airsoftrhino,Pack de 6 dianas de metal...,https://airsoftrhino.cl/accesorios/2220-pack-de-6-objetivos-de-metal-para-airsoft.html,9990,9990,si,N/A
2026-09-23,20:16:35,airsoftrhino,PPS Granada 40mm 46rd,https://airsoftrhino.cl/magazines/2265-pps-granada-40mm-72rd.html,26000,26000,no,N/A
2026-09-23,20:16:35,airsoftrhino,KeyMod & M-LOK Polymer Rail...,https://airsoftrhino.cl/rieles-y-monturas/2317-1554-set-de-rieles-polimero-keymod-m-lok-.html,14000,14000,si,N/A
2026-09-23,20:16:35,airsoftrhino,ACETECH Bifrost Tracer Unit...,https://airsoftrhino.cl/trazadores/2339-acetech-bifrost.html,123990,123990,si,N/A
2026-09-23,20:16:35,airsoftrhino,Manos libres para Baofeng (K3),https://airsoftrhino.cl/radio-y-comunicaciones/2345-manos-libres-para-baofeng-k3-2020602033020.html,7990,7990,si,N/A
2026-09-23,20:16:35,airsoftrhino,SRC Magazine Hi-Capa CO2 6mm,https://airsoftrhino.cl/magazines/2371--src-magazine-hi-capa-co2-4715997078456.html,36000,36000,si,N/A
2026-09-23,20:16:35,airsoftrhino,WE-tech 350rds Drum HI-CAPA,https://airsoftrhino.cl/magazines/2383-we-tech-350rds-drum-hi-capa-gbb-.html,129000,129000,si,N/A
2026-09-23,20:16:35,airsoftrhino,we-tech P226-B magazine gbb,https://airsoftrhino.cl/magazines/2384-we-tech-p226-b-magazine-gbb.html,29000,29000,si,N/A
2026-09-23,20:16:35,airsoftrhino,WE GAS MAGAZINE PX4,https://airsoftrhino.cl/magazines/2386--we-gas-magazine-bull-dog-26-rondas.html,29000,29000,si,N/A
2026-09-23,20:16:35,airsoftrhino,SHS Magazine Kar98 GBB...,https://airsoftrhino.cl/magazines/2391-shs-magazine-m700-gbb-.html,39000,39000,si,N/A
2026-09-23,20:16:35,airsoftrhino,SRC VISUAL-2 BATTERY CASE (...,https://airsoftrhino.cl/dummy/2405-visual-2-extended-battery-case-src.html,18000,18000,si,N/A
2026-09-23,20:16:35,airsoftrhino,WTF Rubber KDU Dummy,https://airsoftrhino.cl/dummy/2416-wtf-rubber-kdu-dummy.html,16000,16000,si,N/A
2026-09-23,20:16:35,airsoftrhino,Thorntail M-LOK & Keymod...,https://airsoftrhino.cl/laser-y-linternas/2440-thorntail-m-lok-keymod-offset-adaptive-longbar-light-mount.html,15990,15990,si,N/A
2026-09-23,20:16:35,airsoftrhino,WADSN Augmented Dual...,https://airsoftrhino.cl/laser-y-linternas/2442-1396-wadsn-augmented-dual-function-tape-switch-with-lock-for-surefire-35mm-peq-bk-wd07005.html,32000,32000,si,N/A
2026-09-23,20:16:35,airsoftrhino,UT Hot Button KeyMod &...,https://airsoftrhino.cl/laser-y-linternas/2444-1400-ut-hot-button-keymod-m-lok-sf-modlite-plug-fde-no-logo-wd07013.html,29000,29000,si,N/A
2026-09-23,20:16:35,airsoftrhino,Thorntail2 KeyMod & M-LOK...,https://airsoftrhino.cl/laser-y-linternas/2445-thorntail2-keymod-m-lok-inline-light-mount-wd02013.html,14000,14000,si,N/A
2026-09-23,20:16:35,airsoftrhino,FLASHLIGHT IR FILTER...,https://airsoftrhino.cl/laser-y-linternas/2446--flashlight-ir-filter-m300m600-ir-wex600.html,14000,14000,si,N/A
2026-09-23,20:16:35,airsoftrhino,Killflash RMR red dot sight...,https://airsoftrhino.cl/opticos/2447-wadsn-cubierta-protectora-airsoft-killflash-para-trijicon-rmr-ao5027.html,16000,16000,si,N/A
2026-09-23,20:16:35,airsoftrhino,Killflash for 8-32×50E-sf...,https://airsoftrhino.cl/opticos/2449--killflash-for-8-3250e-sf-ao5322.html,22000,22000,si,N/A
2026-09-23,20:16:35,airsoftrhino,Pack 6 shell escopeta (...,https://airsoftrhino.cl/magazines/2540-3490-pack-6-shell-escopeta-30rds-cu-.html,22990,22990,si,N/A
2026-09-23,20:16:35,airsoftrhino,SRC SR-SP USP Series CO2...,https://airsoftrhino.cl/magazines/2548-src-sr-sp-usp-series-co2-magazine-4715997083528.html,30000,30000,si,N/A
2026-09-23,20:16:35,airsoftrhino,montura MP5 corta ( ME09009 ),https://airsoftrhino.cl/rieles-y-monturas/2580-montura-para-mp5-picatinny-de-22mm-.html,16000,16000,si,N/A
2026-09-23,20:16:35,airsoftrhino,PTT U94 Earmor ( WC001 ),https://airsoftrhino.cl/radio-y-comunicaciones/2582-2702-ptt-u94-earmor-wc001-.html,18000,18000,si,N/A
2026-09-23,20:16:35,airsoftrhino,WADSN SF X300V,https://airsoftrhino.cl/laser-y-linternas/2587-1551-sf-x300v-vampiro-led-luz-tactica.html,69900,69900,si,N/A
2026-09-23,20:16:35,airsoftrhino,BCM KEYMOD RAIL PANEL KIT...,https://airsoftrhino.cl/rieles-y-monturas/2589-1497--mp-bcm-keymod-rail-panel-kit-5-pcs.html,9990,9990,si,N/A
2026-09-23,20:16:35,airsoftrhino,COMET - Mira Telescopica...,https://airsoftrhino.cl/opticos/2600-comet-mira-telescopica-3-9-x40-aoe.html,45000,45000,si,N/A
2026-09-23,20:16:35,airsoftrhino,MAG UMP HICAP 420 RDS  UMAREX,https://airsoftrhino.cl/magazines/2612-mag-ump-hicap-420-rds-umarex.html,29900,29900,si,N/A
2026-09-23,20:16:35,airsoftrhino,TMC Elevated Mount For...,https://airsoftrhino.cl/opticos/2664-tmc-elevated-mount-for-replica-t1-rmr.html,22000,22000,si,N/A
2026-09-23,20:16:35,airsoftrhino,Grip aluminio curvo KEYMOD...,https://airsoftrhino.cl/grips/2689-1555--keymod-link-curved-foregrip-me06076-26891556.html,18000,18000,no,N/A
2026-09-23,20:16:35,airsoftrhino,Killflash for SRS Red Dot...,https://airsoftrhino.cl/opticos/2692-killflash-for-srs-red-dot-ao5049.html,18000,18000,si,N/A
2026-09-23,20:16:35,airsoftrhino,NGAL Laser Azul e IR (...,https://airsoftrhino.cl/laser-y-linternas/2694-1558-2694.html,179000,179000,si,N/A
2026-09-23,20:16:35,airsoftrhino,UNITY Optic Riser (Original...,https://airsoftrhino.cl/rieles-y-monturas/2695-1560-unity-optic-riser-original-logo-ws02007-.html,22000,22000,si,N/A
2026-09-23,20:16:35,airsoftrhino,FAST LPVO Mount Offset...,https://airsoftrhino.cl/rieles-y-monturas/2697-fast-lpvo-mount-offset-optic-base-rmrt1t2-ws02009.html,37000,37000,no,N/A
2026-09-23,20:16:35,airsoftrhino,UNITY FAST MICRO MOUNT (...,https://airsoftrhino.cl/rieles-y-monturas/2702-3263-unity-fast-micro-mount-a09036-.html,29000,29000,si,N/A
2026-09-23,20:16:35,airsoftrhino,antena plegable baofeng...,https://airsoftrhino.cl/radio-y-comunicaciones/2745-antena-plegable-baofeng-conector-sma-48cm.html,8990,8990,si,N/A
2026-09-23,20:16:35,airsoftrhino,antena flexible para...,https://airsoftrhino.cl/radio-y-comunicaciones/2746-antena-flexible-para-baofeng-conector-sma-36cm-789392405800.html,18000,18000,si,N/A
2026-09-23,20:16:35,airsoftrhino,GRANADA DE BALINES A...,https://airsoftrhino.cl/granadas/2726-3138-granada-de-balines-a-resorte-150-bbs-.html,5990,5990,si,N/A
2026-09-23,20:16:35,airsoftrhino,Pack de 6 dianas de metal...,https://airsoftrhino.cl/accesorios/2811-pack-de-6-dianas-de-metal-para-airsoft.html,9990,9990,si,N/A
2026-09-23,20:16:35,airsoftrhino,TD SCAR Panel Deluxe...,https://airsoftrhino.cl/rieles-y-monturas/2813-1618-td-scar-panel-deluxe-version.html,12000,12000,si,N/A
2026-09-23,20:16:35,airsoftrhino,wadsn hand stop kit (MP02057),https://airsoftrhino.cl/rieles-y-monturas/2814-1620-wadsn-hand-stop-kit-m-lok-y-key-mod.html,9000,9000,si,N/A
2026-09-23,20:16:35,airsoftrhino,TAC-SKY COMTAC III HEADSET...,https://airsoftrhino.cl/radio-y-comunicaciones/2816-1623-tac-sky-comtac-iii-headset-wys0053-.html,125990,125990,si,N/A
2026-09-23,20:16:35,airsoftrhino,Dual Function Tape Switch...,https://airsoftrhino.cl/laser-y-linternas/2819-dual-function-tape-switch-with-sf-logo.html,18000,18000,si,N/A
2026-09-23,20:16:35,airsoftrhino,RAC PTT-Kenwood (WYS0121),https://airsoftrhino.cl/radio-y-comunicaciones/2821-3446-tac-sky-ptt-kenwood-wys0121.html,69000,69000,si,N/A
2026-09-23,20:16:35,airsoftrhino,Tactical Dual Communication...,https://airsoftrhino.cl/radio-y-comunicaciones/2822-tac-sky-dual-ptt-kenwood-wys0122.html,84990,84990,si,N/A
2026-09-23,20:16:35,airsoftrhino,Altavoz de mano militar...,https://airsoftrhino.cl/repuestos-ctm-tac/2824-altavoz-de-mano-militar-h250-para-kenwood.html,29990,29990,si,N/A
2026-09-23,20:16:35,airsoftrhino,Micro T1 Red Dot With QD...,https://airsoftrhino.cl/opticos/2900-1689-aim-o-t1-redgreen-dot-with-qd-mount-low-mount.html,74990,74990,si,N/A
2026-09-23,20:16:35,airsoftrhino,WADSN MAWL C1+ Green...,https://airsoftrhino.cl/laser-y-linternas/2903-1695-wadsn-mawl-c1-green-laser-aluminum-.html,198990,198990,si,N/A
2026-09-23,20:16:35,airsoftrhino,WADSN MAWL-C1+ Green Laser...,https://airsoftrhino.cl/laser-y-linternas/2904-1697-wadsn-mawl-c1-green-laser-plastic-.html,129990,129990,si,N/A
2026-09-23,20:16:35,airsoftrhino,X300UH-B  With SF Logo...,https://airsoftrhino.cl/laser-y-linternas/2905-1700-wadsn-x300uh-b.html,69990,69990,si,N/A
2026-09-23,20:16:35,airsoftrhino,Mini Flashlight ( WADSN Logo ),https://airsoftrhino.cl/laser-y-linternas/2906-mini-flashlight-wadsn-logo-.html,9990,9990,si,N/A
2026-09-23,20:16:35,airsoftrhino,Rail Cover For MLok TMC...,https://airsoftrhino.cl/rieles-y-monturas/3217-rail-cover-for-mlok-tmc-model-a.html,7000,7000,no,N/A
2026-09-23,20:16:35,airsoftrhino,we-tech m&p9 gbb magazine,https://airsoftrhino.cl/magazines/3203-we-tech-mp9-gbb-magazine.html,30000,30000,si,N/A
2026-09-23,20:16:35,airsoftrhino,ANTENA PARA RADIO BAOFENG...,https://airsoftrhino.cl/radio-y-comunicaciones/3178-antena-para-radio-baofeng-108-cm-wz021.html,19000,19000,si,N/A
2026-09-23,20:16:35,airsoftrhino,GPNVG 18 VISION NOCTURNA DUMMY,https://airsoftrhino.cl/dummy/3173-1847-gpnvg-18-vision-nocturna-dummy.html,55000,55000,si,N/A
2026-09-23,20:16:35,airsoftrhino,Linterna M600C MINI SCOUT (...,https://airsoftrhino.cl/laser-y-linternas/3166-3597-wadsn-m600c-mini-scout-light-wd04044.html,45000,45000,si,N/A
2026-09-23,20:16:35,airsoftrhino,Riel desplazado (Rock &...,https://airsoftrhino.cl/rieles-y-monturas/3162-1839-riel-desplazado-a-la-1-en-punto-rock-lock-me08031.html,16000,16000,si,N/A
2026-09-23,20:16:35,airsoftrhino,ELCAN specter 1x / 4x TAN,https://airsoftrhino.cl/opticos/3115-elcan-4x32-prisma-variable-1-4x32.html,191990,191990,si,N/A
2026-09-23,20:16:35,airsoftrhino,NOVESKE STYLE FLASH HIDER...,https://airsoftrhino.cl/dummy/3106-1788-noveske-style-flash-hider-skull-frog-wex156-sku-.html,16000,16000,si,N/A
2026-09-23,20:16:35,airsoftrhino,CNC AK47/74 Side Rail Scope...,https://airsoftrhino.cl/rieles-y-monturas/3103-cnc-ak47-74-side-rail-scope-qd-mount-me09005-bk.html,24990,24990,si,N/A
2026-09-23,20:16:35,airsoftrhino,Sig Sauer Optics Juliet 3...,https://airsoftrhino.cl/opticos/3091-3571-v3xm-magnifier-with-flip-mount.html,139990,139990,si,N/A
2026-09-23,20:16:35,airsoftrhino,ACETECH Brighter CS Trazador,https://airsoftrhino.cl/trazadores/3025-2150-acetech-brighter-cs-tracer-unit-with-adaptor-micro-usb-charging-cable-14mm-black.html,95000,95000,si,N/A
2026-09-23,20:16:35,airsoftrhino,CLASSIC ARMY 1400Rds Drum...,https://airsoftrhino.cl/magazines/3020-classic-army-1200rds-drum-magazine-for-x9-aeg-series-.html,85000,85000,no,N/A
2026-09-23,20:16:35,airsoftrhino,KUBLAI Adjustable M-LOK...,https://airsoftrhino.cl/grips/3000-1962--kublai-adjustable-m-lok-bipod-de-.html,39000,39000,si,N/A
2026-09-23,20:16:35,airsoftrhino,Moneda de Pacto de Sangre...,https://airsoftrhino.cl/dummy/2994-moneda-de-pacto-de-sangre-continental-jonh-wick.html,14000,14000,si,N/A
2026-09-23,20:16:35,airsoftrhino,MONTURA FAST G33 Magnifier...,https://airsoftrhino.cl/rieles-y-monturas/2984-1719--fast-ftc-et-g33-magnifier-mount-original-logo-ws02002-bk-logo.html,55000,55000,si,N/A
2026-09-23,20:16:35,airsoftrhino,SRC G36 CARRYING HANDLE...,https://airsoftrhino.cl/opticos/2973-sr36-dummy-carrying-handle-scope-sg36-21.html,65000,65000,si,N/A
2026-09-23,20:16:35,airsoftrhino,MAGAZINE GBB MP7 WE TECH...,https://airsoftrhino.cl/magazines/2770-magazine-gbb-mp7-we-tech.html,54000,54000,si,N/A
2026-09-23,20:16:35,airsoftrhino,Poncho Emergencia...,https://airsoftrhino.cl/supervicencia/2945-poncho-emergencia-reflectante-sos.html,4000,4000,si,N/A
2026-09-23,20:16:35,airsoftrhino,Diana silueta humana...,https://airsoftrhino.cl/accesorios/3253-esposas-tacticas-de-plastico-negro-.html,12000,12000,si,N/A
2026-09-23,20:16:35,airsoftrhino,AIM-O TRJICON SRS 1x38 red dot,https://airsoftrhino.cl/opticos/3257-mira-reflex-de-caza-srs-energia-solar-punto-rojo.html,84990,84990,si,N/A
2026-09-23,20:16:35,airsoftrhino,FC1 reflex red dot (AO6003),https://airsoftrhino.cl/opticos/3263-1910-fc1-red-dot-sight-2-moa-reflex-sight-1x-holographic-sight-ao6003.html,95000,95000,no,N/A
2026-09-23,20:16:35,airsoftrhino,AIM-O acro P2 Red Dot Sight...,https://airsoftrhino.cl/accesorios/3266-1916-aimo-acro-type-p2-red-dot-sight-ao6011.html,94990,94990,no,N/A
2026-09-23,20:16:35,airsoftrhino,FAST  FTC ET G43 Magnifier...,https://airsoftrhino.cl/accesorios/3270-1918-fast-ftc-et-g43-magnifier-mount-ws02011.html,52000,52000,si,N/A
2026-09-23,20:16:35,airsoftrhino,Bowman IV M-Tactical...,https://airsoftrhino.cl/radio-y-comunicaciones/3274-bowman-iv-m-tactical-headset-wz023-.html,22000,22000,si,N/A
2026-09-23,20:16:35,airsoftrhino,SRC G36 KSK AEG Aluminum...,https://airsoftrhino.cl/rieles-y-monturas/3287-src-sr36-ksk-aeg-aluminum-tactical-handguard-up-21.html,96000,96000,si,N/A
2026-09-23,20:16:35,airsoftrhino,SRC 70rd M4 Low Cap Mag...,https://airsoftrhino.cl/magazines/3288-1931-src-70rd-m4-low-cap-mag-just-bb-guns-sm4-100dt.html,14000,14000,si,N/A
2026-09-23,20:16:35,airsoftrhino,M4 430R  FLASH MAG...,https://airsoftrhino.cl/magazines/3289-m4-430r-flash-mag-polymer-sm4-147-4715997084570.html,22990,22990,si,N/A
2026-09-23,20:16:35,airsoftrhino,Toxicant GB Mount for MRO...,https://airsoftrhino.cl/rieles-y-monturas/3298-toxicant-gb-airsoft-mount-for-mrobk-t-glmb-mrobk.html,49990,49990,si,N/A
2026-09-23,20:16:35,airsoftrhino,Toxicant GB Airsoft Mount...,https://airsoftrhino.cl/rieles-y-monturas/3299-toxicant-gb-airsoft-mount-for-eotechbk.html,49990,49990,no,N/A
2026-09-23,20:16:35,airsoftrhino,Toxicant GB Airsoft Mount...,https://airsoftrhino.cl/rieles-y-monturas/3300-toxicant-gb-airsoft-mount-for-t2-bk-t-glmb-t2bk.html,49990,49990,si,N/A
2026-09-23,20:16:35,airsoftrhino,SRC speedloader para...,https://airsoftrhino.cl/magazines/3333-src-bb-loader-for-co2-titan-revolver-p-118-4715997080732.html,8000,8000,si,N/A
2026-09-23,20:16:35,airsoftrhino,SHS HANDGUARD ALG Defense...,https://airsoftrhino.cl/rieles-y-monturas/3352-guardamano-13.html,105000,105000,si,N/A
2026-09-23,20:16:35,airsoftrhino,SHS HANDGUARD ALG Defense...,https://airsoftrhino.cl/rieles-y-monturas/3361-guardamano-12.html,85000,85000,si,N/A
2026-09-23,20:16:35,airsoftrhino,Mira COMET 3x9x40 AOE,https://airsoftrhino.cl/opticos/3362-mira-comet-4-16x50-aoe.html,95000,95000,si,N/A
2026-09-23,20:16:35,airsoftrhino,CYMA Tactical AK Foldable...,https://airsoftrhino.cl/grips/3376-cyma-tactical-ak-foldable-hand-grip-c57-black.html,13990,13990,si,N/A
2026-09-23,20:16:35,airsoftrhino,CYMA 27rounds Metal A...,https://airsoftrhino.cl/magazines/3377-cyma-27rounds-metal-a-square-magazine-for-g18c-.html,16000,16000,no,N/A
2026-09-23,20:16:35,airsoftrhino,we-tech M4 gbb magazine (30...,https://airsoftrhino.cl/magazines/3408-2711-we-tech-m4-gbb-magazine-30-rds.html,54990,54990,si,N/A
2026-09-23,20:16:35,airsoftrhino,Magazine Type 96 Action...,https://airsoftrhino.cl/magazines/3414-magazine-t10-t11-vsr10-action-army-50rds.html,14000,14000,si,N/A
2026-09-23,20:16:35,airsoftrhino,NGAL Laser verde y luz (...,https://airsoftrhino.cl/laser-y-linternas/3421-2007-3421.html,49000,49000,si,N/A
2026-09-23,20:16:35,airsoftrhino,telescopica Eyebre 1.5-6x20ME,https://airsoftrhino.cl/opticos/3426-telescopica-eyebre-15-6x20me-6901234531558.html,86000,86000,no,N/A
2026-09-23,20:16:35,airsoftrhino,Mira vt-z 4X32 AOE discovery,https://airsoftrhino.cl/opticos/3431-mira-vt-z-4x32-aoe-discovery-.html,59000,59000,si,N/A
2026-09-23,20:16:35,airsoftrhino,Granada Acetech ACEHIVE 40mm,https://airsoftrhino.cl/granadas/3439-cartucho-de-granada-de-gas-acetech-acehive2-80rds-de-40-mm-con-generador-de-alta-velocidad.html,59990,59990,si,N/A
2026-09-23,20:16:35,airsoftrhino,Acetech SpeedLoader SPAWNER...,https://airsoftrhino.cl/granadas/3441-sped-louder-cargador-bb-acehive-spawner.html,35990,35990,si,N/A
2026-09-23,20:16:35,airsoftrhino,MP7 Magazine Coupler (MP04015),https://airsoftrhino.cl/accesorios/3456-mp-mp7-magazine-coupler-black-mp04015.html,13990,13990,si,N/A
2026-09-23,20:16:35,airsoftrhino,Maple Leaf-Backup Magazine...,https://airsoftrhino.cl/magazines/3499-maple-leaf-backup-magazine-carrier-for-mlc-s1-stock.html,25990,25990,si,N/A
2026-09-23,20:16:35,airsoftrhino,we-tech apache 15 rds short...,https://airsoftrhino.cl/magazines/3600-we-tech-apache-15-rds-short-magazine-we-apache-15.html,55000,55000,si,N/A
2026-09-23,20:16:35,airsoftrhino,We-tech 1911 gbb magazine,https://airsoftrhino.cl/magazines/3601-we-tech-1911-gbb-magazine-.html,28000,28000,si,N/A
2026-09-23,20:16:35,airsoftrhino,we-tech MAG Ruger P08 magazine,https://airsoftrhino.cl/magazines/3603-we-p08-bk-mag-ruger-p08-magazine-bk.html,33990,33990,si,N/A
2026-09-23,20:16:35,airsoftrhino,CYMA SVD aeg magazine...,https://airsoftrhino.cl/magazines/3638-svd-aeg-magazine-mid-cap-100-rds-53169.html,18000,18000,si,N/A
2026-09-23,20:16:35,airsoftrhino,"G&P 1700rds ""ATTACK"" Drum...",https://airsoftrhino.cl/magazines/3644-gp-1700rds-attack-auto-winding-drum-mag-for-marui-ak-47-aeg.html,99990,99990,si,N/A
2026-09-23,20:16:35,airsoftrhino,M4 Mag Coupler (MP04016),https://airsoftrhino.cl/magazines/3682-m4-mag-coupler-black-mp04016-bk.html,13000,13000,si,N/A
2026-09-23,20:16:35,airsoftrhino,Rail QD Rotation Limited...,https://airsoftrhino.cl/holster-porta-replica/3689-rail-qd-rotation-limited-sling-mount-me04023.html,16000,16000,si,N/A
2026-09-23,20:16:35,airsoftrhino,QD Rotation Limited Sling...,https://airsoftrhino.cl/holster-porta-replica/3691-qd-rotation-limited-sling-mount-me04023.html,16000,16000,si,N/A
2026-09-23,20:16:35,airsoftrhino,Rotation Limited Sling...,https://airsoftrhino.cl/holster-porta-replica/3692-rotation-limited-sling-mount-me04023.html,16000,16000,si,N/A
2026-09-23,20:16:35,airsoftrhino,AP Micro NVG High Rise...,https://airsoftrhino.cl/rieles-y-monturas/3694-2132-ap-micro-nvg-high-rise-mount-no-logo-bk-tan.html,29000,29000,si,N/A
2026-09-23,20:16:35,airsoftrhino,WADSN LIGHT M603V (WEX443),https://airsoftrhino.cl/laser-y-linternas/3697-wadsn-light-m603v-wex443.html,78990,78990,si,N/A
2026-09-23,20:16:35,airsoftrhino,Rubber Ring（1pcs) (MP006),https://airsoftrhino.cl/rieles-y-monturas/3700-2139-rubber-ring1pcsstrike-industries-logo.html,2500,2500,si,N/A
2026-09-23,20:16:35,airsoftrhino,Tac-Sky AMP headset  (WYS0116),https://airsoftrhino.cl/radio-y-comunicaciones/3703-2650-tac-sky-amp-headset-wys0116.html,215000,215000,no,N/A
2026-09-23,20:16:35,airsoftrhino,Granada porta...,https://airsoftrhino.cl/accesorios/3729-herramienta-para-granadas-waterfull-ed0045-od.html,9000,9000,si,N/A
2026-09-23,20:16:35,airsoftrhino,TMC Flip mount for T1 T2...,https://airsoftrhino.cl/opticos/3733-tmc-flip-mount-for-t1-t2-and-magnifier.html,39000,39000,si,N/A
2026-09-23,20:16:35,airsoftrhino,BAOFENG UV-25 Tri-Power...,https://airsoftrhino.cl/radio-y-comunicaciones/3743-baofeng-uv-25-tri-power-walkie-talkies-.html,59990,59990,si,N/A
2026-09-23,20:16:35,airsoftrhino,Vortex Spitfire HD Gen II...,https://airsoftrhino.cl/opticos/3757-spitfire-hd-gen-ii-5x-prism-scope-ar-bdc4.html,159990,159990,si,N/A
2026-09-23,20:16:35,airsoftrhino,VORTEX SPARC + V3XM / RED...,https://airsoftrhino.cl/opticos/3761-2314--sparc-v3xm-style-red-dot-magnifier-combo.html,179990,179990,si,N/A
2026-09-23,20:16:35,airsoftrhino,Thorntail 1913 Offset Light...,https://airsoftrhino.cl/rieles-y-monturas/3772-thorntail-1913-offset-light-mount.html,22000,22000,si,N/A
2026-09-23,20:16:35,airsoftrhino,Adjustable Tactical Light...,https://airsoftrhino.cl/laser-y-linternas/3773-2700-adjustable-tactical-light-mount1-diameter.html,8000,8000,si,N/A
2026-09-23,20:16:35,airsoftrhino,DBAL-A2 (Only Green Laser)...,https://airsoftrhino.cl/laser-y-linternas/3775-2211-dbal-a2-only-green-laser.html,36000,36000,si,N/A
2026-09-23,20:16:35,airsoftrhino,WADSN X400 Flashlight /...,https://airsoftrhino.cl/laser-y-linternas/3777-x400-pistol-light-laser-module-green-wd04062-bk.html,110000,110000,no,N/A
2026-09-23,20:16:35,airsoftrhino,Laringofono MIC ( WZ033 ),https://airsoftrhino.cl/radio-y-comunicaciones/3779-laringofono-mic-wz033-.html,22000,22000,si,N/A
2026-09-23,20:16:35,airsoftrhino,WADSN M640U SCOUT LIGHT PRO...,https://airsoftrhino.cl/laser-y-linternas/3781-wadsn-m640u-scout-light-pro-black-wd04054-bk-logo.html,56000,56000,si,N/A
2026-09-23,20:16:35,airsoftrhino,SBAL-PL Red Laser and LED...,https://airsoftrhino.cl/laser-y-linternas/3783-sbal-pl-red-laser-and-led-weaponlight-with-wadsn-logo.html,105000,105000,si,N/A
2026-09-23,20:16:35,airsoftrhino,MH180-V Atlantic Siganal...,https://airsoftrhino.cl/radio-y-comunicaciones/3814-mh180-v-atlantic-siganal-headset-wz136-bk.html,32000,32000,no,N/A
2026-09-23,20:16:35,airsoftrhino,Vortex Spitfire HD Gen II...,https://airsoftrhino.cl/opticos/3835--vortex-spitfire-hd-gen-ii-5x-prism-scope.html,169000,169000,no,N/A
2026-09-23,20:16:35,airsoftrhino,linterna MODLITE con...,https://airsoftrhino.cl/laser-y-linternas/3849-2537-linterna-modlite-con-anclaje-m-lok-.html,45000,45000,no,N/A
2026-09-23,20:16:35,airsoftrhino,Killflash for G33 3X...,https://airsoftrhino.cl/opticos/1257-killflash-for-g33-3x-magnifier-ao5355-.html,11990,11990,si,N/A
2026-09-23,20:16:35,airsoftrhino,Killflash For Magnifier 4x...,https://airsoftrhino.cl/opticos/3879-killflash-for-magnifier-4x-fxd-black-aim-o-ao5353.html,16000,16000,si,N/A
2026-09-23,20:16:35,airsoftrhino,Beretta M92 mount (MP06002),https://airsoftrhino.cl/rieles-y-monturas/3881-2675-beretta-m9-mount-mp06002.html,6990,6990,si,N/A
2026-09-23,20:16:35,airsoftrhino,M1911 mount (MP06003),https://airsoftrhino.cl/rieles-y-monturas/3882-m1911-mount-mp06003.html,6990,6990,si,N/A
2026-09-23,20:16:35,airsoftrhino,Pack de 6 dianas de metal...,https://airsoftrhino.cl/accesorios/3883-pack-de-6-dianas-de-metal-para-airsoft-wa1002.html,9990,9990,si,N/A
2026-09-23,20:16:35,airsoftrhino,MOE rail mount 20mm,https://airsoftrhino.cl/rieles-y-monturas/3888-moe-rail-mount-20mm.html,10000,10000,si,N/A
2026-09-23,20:16:35,airsoftrhino,Nivelador Para Miras...,https://airsoftrhino.cl/opticos/3890-nivelador-para-miras-telescopicas-kit-profesional--6901234574401.html,6990,6990,si,N/A
2026-09-23,20:16:35,airsoftrhino,Skywoods Tactical lamp...,https://airsoftrhino.cl/laser-y-linternas/3895-linterna-tactica-skywoods.html,54990,54990,si,N/A
2026-09-23,20:16:35,airsoftrhino,5 Slot/2.2 Inch Picatinny...,https://airsoftrhino.cl/rieles-y-monturas/3907-2698-aabb-m-lok-nylon-picatinny-rail-sections-5-slots-ab277.html,9990,9990,si,N/A
2026-09-23,20:16:35,airsoftrhino,PTT manos libres para radio...,https://airsoftrhino.cl/radio-y-comunicaciones/3909-ptt-manos-libres-para-radio-motorola-mo1-.html,7990,7990,si,N/A
2026-09-23,20:16:35,airsoftrhino,Hakkotsu Thunder B Grenade...,https://airsoftrhino.cl/granadas/3910-hakkotsu-thunder-b-grenade-fire-pin-set-short-12-pcs.html,7990,7990,si,N/A
2026-09-23,20:16:35,airsoftrhino,SRC SR4 AEG 70 Rounds...,https://airsoftrhino.cl/magazines/3914-2706-src-sr4-aeg-70-rounds-low-cap-magazine-sm4-104.html,14000,14000,si,N/A
2026-09-23,20:16:35,airsoftrhino,SRC-RK74 (380 rounds) (SAK-62),https://airsoftrhino.cl/magazines/3915-src-rk74-380-rounds-sak-62-4715997072607.html,14000,14000,si,N/A
2026-09-23,20:16:35,airsoftrhino,BAOFENG DM-32 10W Radio,https://airsoftrhino.cl/radio-y-comunicaciones/3916-baofeng-dm32-dm-32uv-10w-radio-dm-32-6918014504008.html,89990,89990,si,N/A
2026-09-23,20:16:35,airsoftrhino,T238 Spitfire Tracer Unit...,https://airsoftrhino.cl/trazadores/3920-t238-spitfire-tracer.html,69990,69990,si,N/A
2026-09-23,20:16:35,airsoftrhino,Magazine for king Arms...,https://airsoftrhino.cl/magazines/3922-magazine-for-king-arms-blaser-r93-lrs1-ka-mag-47.html,14000,14000,si,N/A
2026-09-23,20:16:35,airsoftrhino,Maple Leaf VSR-10 30 Rds...,https://airsoftrhino.cl/magazines/3927-3584-vsr10-30-rds-spare-magazine-fn-spr-45m-series-.html,14000,14000,si,N/A
2026-09-23,20:16:35,airsoftrhino,SR92 Gas Extended Magazine...,https://airsoftrhino.cl/magazines/3592-sr92-gas-extended-magazine-6mm-airsoft-33-rounds-4715997083986.html,39990,39990,si,N/A
2026-09-23,20:16:35,airsoftrhino,WE G17 Gas Magazine G17/18...,https://airsoftrhino.cl/magazines/3929-we-tech-g17-tactical-master-.html,29990,29990,si,N/A
2026-09-23,20:16:35,airsoftrhino,we-tech Cybergun Desert...,https://airsoftrhino.cl/magazines/3930-we-tech-cybergun-desert-eagle-magazine-27-rounds-.html,24000,24000,no,N/A
2026-09-23,20:16:35,airsoftrhino,ASCEND 1911 gbb magazine,https://airsoftrhino.cl/magazines/3932-ascend-1911-gbb-magazine.html,28990,28990,si,N/A
2026-09-23,20:16:35,airsoftrhino,FMA Tactical NVG AN/PVS-31,https://airsoftrhino.cl/dummy/3176-fma-tactical-nvg-anpvs-31.html,18000,18000,si,N/A
2026-09-23,20:16:35,airsoftrhino,COMET 4-16x50eg,https://airsoftrhino.cl/opticos/3841-comet-4-16x50eg.html,59000,59000,si,N/A
2026-09-23,20:16:35,airsoftrhino,Bateria extendida Baofeng UV-5,https://airsoftrhino.cl/radio-y-comunicaciones/456-bateria-extendida-para-baofeng.html,12000,12000,si,N/A
2026-09-23,20:16:35,airsoftrhino,soporte de silicona para...,https://airsoftrhino.cl/radio-y-comunicaciones/2434-soporte-de-silicona-para-comtac-i-ii-wz200.html,9000,9000,si,N/A
2026-09-23,20:16:35,airsoftrhino,BCM M-LOK Rail Panel Kit...,https://airsoftrhino.cl/rieles-y-monturas/2588-1495-bcm-m-lok-rail-panel-kit-.html,9990,9990,si,N/A
2026-09-23,20:16:35,airsoftrhino,Skywoods Tactical lamp mini...,https://airsoftrhino.cl/laser-y-linternas/3897-skywoods-tactical-lamp-mini-rafale-pl480.html,44990,44990,no,N/A
2026-09-23,20:16:35,airsoftrhino,Skywoods Tactical lamp...,https://airsoftrhino.cl/laser-y-linternas/3896-skywoods-tactical-lamp-rafale-pl690.html,49990,49990,si,N/A
2026-09-23,20:16:35,airsoftrhino,LA-5C UHP PEQ-15 Green...,https://airsoftrhino.cl/laser-y-linternas/3848-3599-la-5c-uhp-peq-15-green-laser-ir-laserir-led.html,76990,76990,si,N/A
2026-09-23,20:16:35,airsoftrhino,Mira COMET 6-24X50AOIR,https://airsoftrhino.cl/opticos/3840-mira-comet-6-24x50aoir.html,99990,99990,si,N/A
2026-09-23,20:16:35,airsoftrhino,Botella porta agua /...,https://airsoftrhino.cl/supervicencia/3668-2106-camelback-militar-20-litros-coyote-.html,6000,6000,si,N/A
2026-09-23,20:16:35,airsoftrhino,Vendaje de emergencia de 4...,https://airsoftrhino.cl/supervicencia/2182-vendaje-de-emergencia-de-4-pulgadas-paquete-de-2-partes.html,9000,9000,si,N/A
2026-09-23,20:16:35,airsoftrhino,Vendaje de emergencia de 6...,https://airsoftrhino.cl/supervicencia/2181-vendaje-israeli-de-emergencia-de-6-pulgadas-paquete-de-2-partes.html,12000,12000,si,N/A
2026-09-23,20:16:35,airsoftrhino,Binocular Profesional Alta...,https://airsoftrhino.cl/opticos/3951-monocular-zoom-10x42-comet.html,19000,19000,no,N/A
2026-09-23,20:16:35,airsoftrhino,Binocular Comet Optics 50×50,https://airsoftrhino.cl/opticos/3952-monocular-zoom-10x42-comet.html,28000,28000,si,N/A
2026-09-23,20:16:35,airsoftrhino,pedernal iniciador de fuego,https://airsoftrhino.cl/supervicencia/3954-pedernal-iniciador-de-fuego-6901234535204.html,9000,9000,si,N/A
2026-09-23,20:16:35,airsoftrhino,X-CON Open Lock Latch 2 pcs...,https://airsoftrhino.cl/chalecos/3955-x-con-open-lock-latch-2-pcs-xc-op1.html,4500,4500,si,N/A
2026-09-23,20:16:35,airsoftrhino,X-CON ladder buckle3/4...,https://airsoftrhino.cl/chalecos/3956-x-con-ladder-buckle34-lanyard-hole-4-pcs-xc-34b.html,6000,6000,si,N/A
2026-09-23,20:16:35,airsoftrhino,TMC CAT Torniquete,https://airsoftrhino.cl/dummy/2226-tmc-cat-torniquete.html,9000,9000,si,N/A
2026-09-23,20:16:35,airsoftrhino,Luz VLite Tan,https://airsoftrhino.cl/funcionales/198-78-vlite-tan.html,9990,9990,si,N/A
2026-09-23,20:16:35,airsoftrhino,Radio Baofeng ( UV-5R ),https://airsoftrhino.cl/radio-y-comunicaciones/313-radio-baofeng-uv-5r-.html,35000,35000,si,N/A
2026-09-23,20:16:35,airsoftrhino,WADSN Bowman EVO 3 ( WZ029 ),https://airsoftrhino.cl/radio-y-comunicaciones/314-203-wadsn-bowman-evo-3-wz029-.html,23990,23990,si,N/A
2026-09-23,20:16:35,airsoftrhino,Laringofono para radio...,https://airsoftrhino.cl/radio-y-comunicaciones/319-laringofono-para-radio-baofeng-k2-2020602035000.html,11990,11990,no,N/A
2026-09-23,20:16:35,airsoftrhino,Laringofono HRQP para radio...,https://airsoftrhino.cl/radio-y-comunicaciones/320-laringofono-hrqp-para-radio-baofeng-k1-2020602038070.html,16000,16000,si,N/A
2026-09-23,20:16:35,airsoftrhino,TMC Peltor Adapter for ARC...,https://airsoftrhino.cl/radio-y-comunicaciones/649-tmc-peltor-adapter-for-arc-system-1-unid-wys0094.html,16000,16000,si,N/A
2026-09-23,20:16:35,airsoftrhino,TMC SpareKit for Peltor...,https://airsoftrhino.cl/radio-y-comunicaciones/654-tmc-sparekit-for-peltor-adapter-spare-tmc3315.html,6000,6000,si,N/A
2026-09-23,20:16:35,airsoftrhino,montura tipo Trirock Black...,https://airsoftrhino.cl/rieles-y-monturas/977-montura-tipo-trirock-black-30mm.html,16000,16000,si,N/A
2026-09-23,20:16:35,airsoftrhino,bayoneta dummy  M16 - M4...,https://airsoftrhino.cl/dummy/1041-1485-bayoneta-dummy-m16-m4-plastico.html,8000,8000,no,N/A
2026-09-23,20:16:35,airsoftrhino,DUMMY RADIO PRC 152,https://airsoftrhino.cl/dummy/1042-dummy-radio-prc-152-.html,20000,20000,si,N/A
2026-09-23,20:16:35,airsoftrhino,M203 Short G&P,https://airsoftrhino.cl/granadas/3771-m203-short-gp.html,229000,229000,si,N/A
2026-09-23,20:16:35,airsoftrhino,Comet LS 3-10x42E con Laser...,https://airsoftrhino.cl/opticos/1433-comet-ls-3-10x42e-con-laser-rojo.html,59000,59000,si,N/A
2026-09-23,20:16:35,airsoftrhino,mira 6x32 discoveryopt,https://airsoftrhino.cl/opticos/3839-mira-6x32-discoveryopt.html,39990,39990,no,N/A
2026-09-23,20:16:35,airsoftrhino,"Surefire HL1-A Gen 3, LED...",https://airsoftrhino.cl/laser-y-linternas/2457-wadsn-luz-led-para-helmet-gen-3-luz-led-infrarroja-blanca-y-roja.html,36000,36000,si,N/A
2026-09-23,20:16:35,airsoftrhino,Laser sight rojo,https://airsoftrhino.cl/laser-y-linternas/4007-laser-scope-verde-puntero-tactico-jgiiir-.html,25000,25000,si,N/A
2026-09-23,20:16:35,airsoftrhino,HUONJE Laser Scope Verde,https://airsoftrhino.cl/laser-y-linternas/4008-huonje-laser-scope-verde.html,16000,16000,si,N/A
2026-09-23,20:16:35,airsoftrhino,montura doble para riel de...,https://airsoftrhino.cl/rieles-y-monturas/4013-montura-doble-para-riel-de-21mm-y-tubo-de-254-mm-523-49-.html,12000,12000,si,N/A
2026-09-23,20:16:35,airsoftrhino,MAGAZINE CASE FOR AAC T10...,https://airsoftrhino.cl/magazines/4017-magazine-case-for-aac-t10-rifle-t10-08-.html,7000,7000,si,N/A
2026-09-23,20:16:35,airsoftrhino,MTEK HELMET MOUNT ADAPTER...,https://airsoftrhino.cl/radio-y-comunicaciones/2980-mtek-helmet-mount-adapter-comtac-wys0088.html,26000,26000,si,N/A
2026-09-23,20:16:35,airsoftrhino,SRC HK-416 RIEL  ( SM4-82 ),https://airsoftrhino.cl/rieles-y-monturas/2077-src-hk-416-riel-.html,55000,55000,si,N/A
2026-09-23,20:16:35,airsoftrhino,Pulsador para Surefire...,https://airsoftrhino.cl/laser-y-linternas/2443-1398-wadsn-hot-button-picatinny-rail-mount-switch-for-surefire-flashlight-tan-black-wd07010.html,29000,29000,si,N/A
2026-09-23,20:16:35,airsoftrhino,antena plegable baofeng...,https://airsoftrhino.cl/radio-y-comunicaciones/4022-antena-plegable-baofeng-conector-sma-108cm-789347140349.html,18990,18990,si,N/A
2026-09-23,20:16:35,airsoftrhino,"Baofeng- AR-152, Radio...",https://airsoftrhino.cl/radio-y-comunicaciones/2709-2000-baofeng-ar-152-radio-militar-uhfvhf.html,139000,139000,si,N/A
2026-09-23,20:16:35,airsoftrhino,SR1911 15R Full Metal Gas...,https://airsoftrhino.cl/magazines/4039-sr1911-15r-full-metal-gas-magazine-sr1911-m-meu--4715997077909.html,28000,28000,si,N/A
2026-09-23,20:16:35,airsoftrhino,ACTION ARMY CNC M-Lock Rail...,https://airsoftrhino.cl/rieles-y-monturas/2649-action-army-cnc-m-lock-rail-60mm-u01-025-.html,18000,18000,si,N/A
2026-09-23,20:16:35,airsoftrhino,Action Army AAC T10 Rail...,https://airsoftrhino.cl/rieles-y-monturas/2017-action-army-aac-t10-rail-set-b-t10-04-.html,19990,19990,si,N/A
2026-09-23,20:16:35,airsoftrhino,RUBBER RING (MP004),https://airsoftrhino.cl/rieles-y-monturas/2121-1064-rubber-ring-.html,6990,6990,si,N/A
2026-09-23,20:16:35,airsoftrhino,ACETECH Brighter C Tracer...,https://airsoftrhino.cl/trazadores/4067-3586-acetech-brighter-c-tracer-unit-pat0530-.html,69990,69990,si,N/A
2026-09-23,20:16:35,airsoftrhino,linterna tactica...,https://airsoftrhino.cl/laser-y-linternas/4075-3136-linterna-tactica-multifuncional-x300u-a.html,9990,9990,si,N/A
2026-09-23,20:16:35,airsoftrhino,Binocular Comet Optics 50×50,https://airsoftrhino.cl/opticos/4078-binocular-comet-optics-5050-2025021402129.html,34000,34000,si,N/A
2026-09-23,20:16:35,airsoftrhino,SRC SR4 FALCON AEG Magazine...,https://airsoftrhino.cl/magazines/4079-src-sr4-falcon-aeg-magazine-adapter-sm4-130--4715997082989.html,13990,13990,si,N/A
2026-09-23,20:16:35,airsoftrhino,Maple Leaf TDC Hop MLC-LTR...,https://airsoftrhino.cl/respuestos-maple-leaf-y-t-nt/3038-maple-leaf-tdc-hop-mlc-ltr-mlc-s2-sniper-rifle.html,75990,75990,si,N/A
2026-09-23,20:16:35,airsoftrhino,Magazine M4 Stanag Hi-cap...,https://airsoftrhino.cl/magazines/4119-3236-magazine-m4-stanag-hi-cap-src-300-rds-sm4-03-.html,14000,14000,si,N/A
2026-09-23,20:16:35,airsoftrhino,WADSN Linterna X300 (WD04004),https://airsoftrhino.cl/laser-y-linternas/4131-3265-wadsn-linterna-x300-wd04004.html,44990,44990,si,N/A
2026-09-23,20:16:35,airsoftrhino,WADSN Designador NGAL laser...,https://airsoftrhino.cl/laser-y-linternas/3167-1843-ngal-laser-verde-con-luz-led-version-plastico-.html,69000,69000,si,N/A
2026-09-23,20:16:35,airsoftrhino,Picatinny Wire Guide System...,https://airsoftrhino.cl/inicio/4134-4134.html,8000,8000,no,N/A
2026-09-23,20:16:35,airsoftrhino,Pulsera Luminosa color rojo...,https://airsoftrhino.cl/inicio/4137-pulsera-luminosa-de-microfibra-de-nailon-wadsn-wd03005-.html,6990,6990,si,N/A
2026-09-23,20:16:35,airsoftrhino,Linterna Sidewinder Compact...,https://airsoftrhino.cl/accesorios/4138-linterna-sidewinder-compact-ii-tan-wd05002-.html,49990,49990,si,N/A
2026-09-23,20:16:35,airsoftrhino,NOVESKE STYLE FLASH HIDER (...,https://airsoftrhino.cl/dummy/4139-3269-noveske-style-flash-hider-wex156-.html,16000,16000,si,N/A
2026-09-23,20:16:35,airsoftrhino,WADSN - Protector Linterna...,https://airsoftrhino.cl/laser-y-linternas/4140-wadsn-protector-linterna-254mm-wex603-.html,8990,8990,si,N/A
2026-09-23,20:16:35,airsoftrhino,WADSN - Protector Linterna...,https://airsoftrhino.cl/laser-y-linternas/4141-wadsn-protector-linterna-26mm-wex604-.html,8990,8990,si,N/A
2026-09-23,20:16:35,airsoftrhino,WADSN - Protector Linterna...,https://airsoftrhino.cl/laser-y-linternas/4142-wadsn-protector-linterna-28mm-wex605-.html,8990,8990,si,N/A
2026-09-23,20:16:35,airsoftrhino,SRC hi-capa extended...,https://airsoftrhino.cl/magazines/4178-src-hi-capa-gas-extended-magazine-40-rondas-exm.html,36000,36000,si,N/A
2026-09-23,20:16:35,airsoftrhino,Radio PRC-148 dummy,https://airsoftrhino.cl/accesorios/538-radio-prc-148-dummy-earmoury.html,18000,18000,si,N/A
2026-09-23,20:16:35,airsoftrhino,SBAL PL Mira Láser de Punto...,https://airsoftrhino.cl/inicio/4199-3430-sbal-pl-mira-laser-de-punto-rojo-linterna-estroboscopica-material-plastico.html,9990,9990,si,N/A
2026-09-23,20:16:35,airsoftrhino,TAC-SKY COMTAC III DUAL...,https://airsoftrhino.cl/radio-y-comunicaciones/4218-3594--tac-sky-comtac-iii-dual-silicone-earmuffs-headset-flat-dark-ewys0065-fgarth.html,159000,159000,si,N/A
2026-09-23,20:16:35,airsoftrhino,TAC-SKY ComTac V Headset (...,https://airsoftrhino.cl/radio-y-comunicaciones/4219-3450-peltor-comtac-v-hearing-defender-headset-wys0117b-fg-cb.html,169990,169990,no,N/A
2026-09-23,20:16:35,airsoftrhino,TAC-SKY ComTac VII Headset...,https://airsoftrhino.cl/radio-y-comunicaciones/4220-peltor-comtac-vii-headset-od-green-wz234-od-.html,99990,99990,no,N/A
2026-09-23,20:16:35,airsoftrhino,TAC-SKY IPSC ( WYH300B ),https://airsoftrhino.cl/radio-y-comunicaciones/4221-3453-tac-sky-ipsc-wyh300b-.html,79000,79000,si,N/A
2026-09-23,20:16:35,airsoftrhino,D-DAY MAG M4 MID-CAP VARIABLE,https://airsoftrhino.cl/magazines/4222-d-day-mag-m4-mid-cap-variable-779584147103.html,14000,14000,no,N/A
2026-09-23,20:16:35,airsoftrhino,T238 LITE R&G Tracer Unit,https://airsoftrhino.cl/trazadores/4232-t238-lite-rg-tracer-unit.html,65990,65990,si,N/A
2026-09-23,20:16:35,airsoftrhino,T238 Swift Tracer Unit,https://airsoftrhino.cl/trazadores/4240-t238-swift-tracer-unit.html,65000,65000,no,N/A
2026-09-23,20:16:35,airsoftrhino,T238 LED Grenade Tactical...,https://airsoftrhino.cl/granadas/4241-t238-led-grenade-tactical-grenade.html,59990,59990,si,N/A
2026-09-23,20:16:35,airsoftrhino,T238 BURST RGB tracer shotguns,https://airsoftrhino.cl/trazadores/4206-t238-burst-rgb-tracer.html,89990,89990,si,N/A
2026-09-23,20:16:35,airsoftrhino,SureFire X400 dummy laser...,https://airsoftrhino.cl/inicio/4242-surefire-x400-dummy-laser-rojo-y-linterna-funcional-.html,14900,14900,no,N/A
2026-09-23,20:16:35,airsoftrhino,PEQ 15 Dummy Laser Rojo y luz,https://airsoftrhino.cl/inicio/4243-3463-peq-15-dummy-laser-rojo-y-luz-.html,14900,14900,si,N/A
2026-09-23,20:16:35,airsoftrhino,WE-Tech Adaptador Trazador...,https://airsoftrhino.cl/inicio/4250-adaptador-trazador-11mm-a-14mm-ccw.html,9990,9990,si,N/A
2026-09-23,20:16:35,airsoftrhino,WE TECH MG-92 M9/M92F 25rds...,https://airsoftrhino.cl/inicio/4251-3468-we-tech-mg-92-m9m92f-25rds-magazines.html,28990,28990,si,N/A
2026-09-23,20:16:35,airsoftrhino,Magazine extendido Hi-Capa...,https://airsoftrhino.cl/inicio/4252-mg-5-1l-long-magazine-50rds-for-we-hi-capa.html,69990,69990,si,N/A
2026-09-23,20:16:35,airsoftrhino,WADSN PTT RAC EARMOR ( WC004 ),https://airsoftrhino.cl/radio-y-comunicaciones/4298-3511-ptt-rac-earmor-wc004-.html,24990,24990,si,N/A
2026-09-23,20:16:35,airsoftrhino,WADSN PTT PELTOR ( BAOFENG...,https://airsoftrhino.cl/radio-y-comunicaciones/4299-wadsn-ptt-peltor-baofeng-wz112-.html,19990,19990,si,N/A
2026-09-23,20:16:35,airsoftrhino,WADSN PTT PELTOR ( EARMOR )...,https://airsoftrhino.cl/radio-y-comunicaciones/4300--wadsn-ptt-peltor-earmor-wc002-.html,19990,19990,si,N/A
2026-09-23,20:16:35,airsoftrhino,Luz Roja VLite BK,https://airsoftrhino.cl/funcionales/4334-3561-luz-vlite-bk.html,9990,9990,si,N/A
2026-09-23,20:16:35,airsoftrhino,Sig Sauer LPVO TANGO-MSR...,https://airsoftrhino.cl/inicio/4335-3567-sig-sauer-lpvo-tango-msr-1-6x24mm.html,119990,119990,si,N/A
2026-09-23,20:16:35,airsoftrhino,M2 Red Dot,https://airsoftrhino.cl/inicio/4337-m2-red-dot-.html,54990,54990,si,N/A
2026-09-23,20:16:35,airsoftrhino,MICRO T2 - Red Dot Reflex...,https://airsoftrhino.cl/inicio/4338-micro-t2-red-dot-reflex-sight.html,69990,69990,si,N/A
2026-09-23,20:16:35,airsoftrhino,Trijicon RMR Reflex Red Dot...,https://airsoftrhino.cl/inicio/4339-trijicon-rmr-type-2-adjustable-led-reflex-red-dot-sight.html,54990,54990,si,N/A
2026-09-23,20:16:35,airsoftrhino,SIG SAUER ROMEO1 - Mira de...,https://airsoftrhino.cl/inicio/4340-sig-sauer-romeo1-mira-de-punto-rojo-de-0039-x-1181.html,74990,74990,si,N/A
2026-09-23,20:16:35,airsoftrhino,Aim-O ACOG 4X32 fibraoptica...,https://airsoftrhino.cl/opticos/4358-aim-o-acog-4x32-fibraoptica-roja.html,99990,99990,si,N/A
2026-09-23,20:16:35,airsoftrhino,Precision Grip for MLC-S2 y...,https://airsoftrhino.cl/grips/4359-precision-grip-for-mlc-s2-y-ar15m4-gbb.html,29990,29990,si,N/A
2026-09-23,20:16:35,airsoftrhino,CNC AK47/74 Side Rail Mount...,https://airsoftrhino.cl/rieles-y-monturas/4362-cnc-ak4774-side-rail-scope-mount-me09001.html,25990,25990,si,N/A
2026-09-23,20:16:35,airsoftrhino,MIAD GRIP AEG ( MP01215 ),https://airsoftrhino.cl/grips/2577-miad-grip-aeg-mp01215-.html,11990,11990,si,N/A
2026-09-23,20:16:35,airsoftrhino,Porta baston,https://airsoftrhino.cl/pouch-bolsillos-tacticos/3933-porta-baston.html,8000,8000,si,N/A
2026-09-23,20:16:35,airsoftrhino,TMC SF QD Goggle,https://airsoftrhino.cl/lentes-mascaras/371-857-tmc-sf-qd-goggle.html,23990,23990,si,N/A
2026-09-23,20:16:35,airsoftrhino,Guantes tipo Oakley,https://airsoftrhino.cl/guantes/118-102-guantes-tipo-oakley-ocreverdetan.html,10000,10000,si,N/A
2026-09-23,20:16:35,airsoftrhino,Porta baston funda plastico,https://airsoftrhino.cl/holster-porta-replica/4053-3461-porta-baston-retractil-funda-plastico.html,9990,9990,si,N/A
2026-09-23,20:16:35,airsoftrhino,"Rasput Billetera ""PAPAPA""...",https://airsoftrhino.cl/mochilas-bolsos/1470-378-rasput-billetera-papapa-cordura-500d-rpt061.html,11990,11990,si,N/A
2026-09-23,20:16:35,airsoftrhino,TMC AVS style Mag Pouch...,https://airsoftrhino.cl/pouch-bolsillos-tacticos/383-pouch-tmc-color-coyote-tipo-avs-triple.html,28000,28000,si,N/A
2026-09-23,20:16:35,airsoftrhino,Lentes Wiley X Saber...,https://airsoftrhino.cl/lentes-mascaras/372-3436-lentes-wiley-x-saber-advanced-3-micas.html,69990,69990,si,N/A
2026-09-23,20:16:35,airsoftrhino,TMC MRB Belt AOR1,https://airsoftrhino.cl/cinturones/306-tmc-mrb-belt-aor1.html,36000,36000,si,N/A
2026-09-23,20:16:35,airsoftrhino,Guantes tipo Oakley sin dedos,https://airsoftrhino.cl/guantes/119-3198-guantes-tipo-oakley-sin-dedos-ocretannegro.html,9000,9000,si,N/A
2026-09-23,20:16:35,airsoftrhino,chaleco tactico FSBE 2,https://airsoftrhino.cl/chalecos/85-907-chaleco-fse2-alternativo-nylon-color-coyote-verde-y-negro.html,26000,26000,si,N/A
2026-09-23,20:16:35,airsoftrhino,Guantes Tacticos Esdy,https://airsoftrhino.cl/guantes/1596-607-guantes-tacticos-esdy-tan-black-od.html,12000,12000,si,N/A
2026-09-23,20:16:35,airsoftrhino,shemag PAÑUELO MILITAR de...,https://airsoftrhino.cl/ropa/1049-480--shamac-panuelo-militar-de-algodon-negro-verde-coyote-gris-blanco.html,9000,9000,si,N/A
2026-09-23,20:16:35,airsoftrhino,Lentes Wiley X Saber...,https://airsoftrhino.cl/lentes-mascaras/460-lentes-wiley-x-saber-advanced-2-micas-712316063715.html,54990,54990,si,N/A
2026-09-23,20:16:35,airsoftrhino,TMC Doble pouch QUOP M4...,https://airsoftrhino.cl/pouch-bolsillos-tacticos/400-tmc-doble-pouch-quop-m4-coyote.html,12000,12000,si,N/A
2026-09-23,20:16:35,airsoftrhino,chaleco tactico jpc,https://airsoftrhino.cl/chalecos/84-359-chaleco-tactico-jpc.html,26000,26000,si,N/A
2026-09-23,20:16:35,airsoftrhino,Polera tactica manga corta...,https://airsoftrhino.cl/ropa/4024-2971-polera-tactica-manga-corta-negra.html,22990,22990,si,N/A
2026-09-23,20:16:35,airsoftrhino,Casco Fast,https://airsoftrhino.cl/cascos/1335-284-casco-fast.html,35000,35000,si,N/A
2026-09-23,20:16:35,airsoftrhino,TMC GEN2 MRB Belt (...,https://airsoftrhino.cl/cinturones/469-cinturon-mrb-tmc-multicam-tropic.html,49000,49000,si,N/A
2026-09-23,20:16:35,airsoftrhino,Lentes Wiley X Saber...,https://airsoftrhino.cl/lentes-mascaras/461-3434-lentes-wiley-x-saber-advanced-1-mica-712316003025.html,39990,39990,si,N/A
2026-09-23,20:16:35,airsoftrhino,TMC MARSOC FANNY PACK,https://airsoftrhino.cl/mochilas-bolsos/390-2942-tmc-fanny-pak-marsoc-cb.html,18000,18000,si,N/A
2026-09-23,20:16:35,airsoftrhino,Chaleco Ciras Nylon,https://airsoftrhino.cl/chalecos/83-910-chaleco-ciras-alternativo-nylon-colores-coyote-negro-verde-y-mc.html,38000,38000,si,N/A
2026-09-23,20:16:35,airsoftrhino,Polera tactica manga corta...,https://airsoftrhino.cl/ropa/2194-2964-polera-tactica-manga-corta-multicam.html,22990,22990,si,N/A
2026-09-23,20:16:35,airsoftrhino,mechanix m-pact,https://airsoftrhino.cl/guantes/1985-903-mechanix-m-pact-original-coyote-tallas-l-m-.html,37000,37000,si,N/A
2026-09-23,20:16:35,airsoftrhino,TMC GEN2 MRB Belt (...,https://airsoftrhino.cl/cinturones/1413-tmc-gen2-mrb-belt-multicam-arid-.html,49000,49000,si,N/A
2026-09-23,20:16:35,airsoftrhino,Antiparras tipo Revision,https://airsoftrhino.cl/lentes-mascaras/1088-228-antiparras-tacticas-revision-airsoft-militar-coyote-verde-negro.html,12990,12990,si,N/A
2026-09-23,20:16:35,airsoftrhino,Casco Mich 2000,https://airsoftrhino.cl/cascos/95-287-casco-mich-2001-tan.html,35000,35000,si,N/A
2026-09-23,20:16:35,airsoftrhino,Polera tactica manga corta...,https://airsoftrhino.cl/ropa/4025-2978-polera-tactica-manga-corta-multicamblack.html,22990,22990,si,N/A
2026-09-23,20:16:35,airsoftrhino,MECHANIX ORIGINAL MULTICAM,https://airsoftrhino.cl/guantes/2166-1139-mechanix-the-original-.html,36990,36990,si,N/A
2026-09-23,20:16:35,airsoftrhino,Daisy X7 Ejército Militar -...,https://airsoftrhino.cl/lentes-mascaras/1554-542--daisy-x7-ejercito-militar-tactico-.html,13000,13000,si,N/A
2026-09-23,20:16:35,airsoftrhino,CINTURÓN TÁCTICO N.A,https://airsoftrhino.cl/cinturones/1052-1447-cinturon-tactico-na.html,6000,6000,si,N/A
2026-09-23,20:16:35,airsoftrhino,TMC AVS  ( BlacK ) (SMALL...,https://airsoftrhino.cl/chalecos/468-1563-tmc-adaptive-vest-black-small-size-.html,119000,119000,si,N/A
2026-09-23,20:16:35,airsoftrhino,Pouch triple TMC para M4...,https://airsoftrhino.cl/pouch-bolsillos-tacticos/443-1008-pouch-triple-tmc-para-m4-coyote.html,22000,22000,si,N/A
2026-09-23,20:16:35,airsoftrhino,Polera tactica manga corta...,https://airsoftrhino.cl/ropa/4026-2985-polera-tactica-manga-corta-camuflajes-coyote.html,22990,22990,si,N/A
2026-09-23,20:16:35,airsoftrhino,guante tactico esqueleto,https://airsoftrhino.cl/guantes/3182-1851-guante-tactico-esqueleto.html,12000,12000,si,N/A
2026-09-23,20:16:35,airsoftrhino,Casco tactico AI-HMD357,https://airsoftrhino.cl/cascos/3124-casco-anti-disturbios-heavy-helmet.html,49000,49000,si,N/A
2026-09-23,20:16:35,airsoftrhino,Ess Crossbow 3 Micas copia AAA,https://airsoftrhino.cl/lentes-mascaras/1952-870-ess-crossbow-3-micas-copia-aaa.html,16000,16000,si,N/A
2026-09-23,20:16:35,airsoftrhino,cinturon tactico para pantalon,https://airsoftrhino.cl/cinturones/1053-876-cinturon-tactico-para-pantalon-tres-colores.html,6000,6000,si,N/A
2026-09-23,20:16:35,airsoftrhino,TMC TRI Pouch Panel AVS (...,https://airsoftrhino.cl/pouch-bolsillos-tacticos/476-843-tmc-tri-pouch-panel-avs-tmc3153.html,26000,26000,si,N/A
2026-09-23,20:16:35,airsoftrhino,G TMC Modular Chest Rig...,https://airsoftrhino.cl/chalecos/470-g-tmc-modular-chest-rig-coyote.html,64990,64990,si,N/A
2026-09-23,20:16:35,airsoftrhino,Guantes Mechanix THE...,https://airsoftrhino.cl/inicio/4246-3465-guantes-mechanix-the-original-tan.html,29990,29990,si,N/A
2026-09-23,20:16:35,airsoftrhino,Polera tactica manga corta...,https://airsoftrhino.cl/ropa/4040-3028-polera-tactica-manga-corta-camuflajes-od.html,22990,22990,si,N/A
2026-09-23,20:16:35,airsoftrhino,repuesto de boquilla o...,https://airsoftrhino.cl/mochilas-bolsos/2897-repuesto-de-boquilla-o-valvula-para-bolsa-hidratacion.html,4990,4990,si,N/A
2026-09-23,20:16:35,airsoftrhino,TMC Gafas de protección...,https://airsoftrhino.cl/lentes-mascaras/1852-772-tmc-gafas-de-proteccion-contra-impactos-ansi-z871-con-mascara-extraible.html,28990,28990,si,N/A
2026-09-23,20:16:35,airsoftrhino,cinturon tactico hebilla cobra,https://airsoftrhino.cl/cinturones/1054-275-cinturon-tactico-hebilla-cobra.html,9000,9000,si,N/A
2026-09-23,20:16:35,airsoftrhino,CORREA PORTA REPLICA UNA PUNTA,https://airsoftrhino.cl/correas/1018-245-correa-porta-replica-una-punta.html,9000,9000,si,N/A
2026-09-23,20:16:35,airsoftrhino,CORDON DE SEGURIDAD PARA...,https://airsoftrhino.cl/correas/1004-240-cordon-de-seguridad-para-pistola-coyote-.html,6000,6000,si,N/A
2026-09-23,20:16:35,airsoftrhino,Mechanix WOMEN'S SPECIALTY...,https://airsoftrhino.cl/inicio/4247-3497-mechanix-women-s-specialty-05mm-covert-talla-m-781513645611.html,44000,44000,si,N/A
2026-09-23,20:16:35,airsoftrhino,POLERA MANGA CORTA  dry fit...,https://airsoftrhino.cl/ropa/3315-2219-polera-masift-manga-corta-.html,19990,19990,si,N/A
2026-09-23,20:16:35,airsoftrhino,repuesto de boquilla para...,https://airsoftrhino.cl/mochilas-bolsos/2898-repuesto-de-boquilla-o-valvula-para-bolsa-hidratacion.html,4990,4990,si,N/A
2026-09-23,20:16:35,airsoftrhino,Correa 2 puntas,https://airsoftrhino.cl/correas/2277-1261-correa-2-puntas-.html,9000,9000,si,N/A
2026-09-23,20:16:35,airsoftrhino,Cinturon Ronin con hebilla...,https://airsoftrhino.cl/cinturones/1593-595-cinturon-roni-con-hebilla-cobra-copia-aaa.html,16000,16000,si,N/A
2026-09-23,20:16:35,airsoftrhino,G TMC Modular Chest Rig (BK),https://airsoftrhino.cl/chalecos/698-g-tmc-modular-chest-rig-bk.html,64990,64990,si,N/A
2026-09-23,20:16:35,airsoftrhino,Guante mechanix impact -...,https://airsoftrhino.cl/guantes/4317-3537-guante-mechanix-impact-.html,22000,22000,si,N/A
2026-09-23,20:16:35,airsoftrhino,TMC Maritime Helmet...,https://airsoftrhino.cl/cascos/3937-casco-maritime-coyote-tmc.html,75990,75990,no,N/A
2026-09-23,20:16:35,airsoftrhino,ANTIPARRA CON VENTILADOR (...,https://airsoftrhino.cl/lentes-mascaras/3292-1953-antiparra-con-ventilador-tan-erqygra-.html,39990,39990,si,N/A
2026-09-23,20:16:35,airsoftrhino,BOLSA DE REPUESTO PARA...,https://airsoftrhino.cl/mochilas-bolsos/2962-1715-bolsa-de-repuesto-para-cammellbac.html,7000,7000,si,N/A
2026-09-23,20:16:35,airsoftrhino,CORREA PORTA REPLICA MS2,https://airsoftrhino.cl/correas/1022-278-correa-porta-replica-ms2-negro.html,9990,9990,si,N/A
2026-09-23,20:16:35,airsoftrhino,G TMC Modular Chest Rig...,https://airsoftrhino.cl/chalecos/781-g-tmc-modular-chest-rig-khaki.html,64990,64990,si,N/A
2026-09-23,20:16:35,airsoftrhino,TMC MRB Belt Coyote,https://airsoftrhino.cl/cinturones/467-1368-cinturon-tmc-mrb-cb-.html,41000,41000,si,N/A
2026-09-23,20:16:35,airsoftrhino,TMC Maritime Helmet...,https://airsoftrhino.cl/cascos/3938-casco-maritime-coyote-tmc.html,75990,75990,no,N/A
2026-09-23,20:16:35,airsoftrhino,REPUESTO MASCARA FMA F1...,https://airsoftrhino.cl/lentes-mascaras/3293-1946-repuesto-mascara-fma-f1-full-face.html,19990,19990,si,N/A
2026-09-23,20:16:35,airsoftrhino,Molle Tactical Girdle Belt...,https://airsoftrhino.cl/cinturones/1789-736-molle-tactical-girdle-belt.html,22000,22000,si,N/A
2026-09-23,20:16:35,airsoftrhino,Polera tactica manga larga Tan,https://airsoftrhino.cl/ropa/1337-2992-polera-tactica-manga-larga-tan.html,22990,22990,si,N/A
2026-09-23,20:16:35,airsoftrhino,CAMELBACK TACTICO (2 LITROS),https://airsoftrhino.cl/mochilas-bolsos/1027-1418-camelback-militar-20-litros-coyote-.html,12000,12000,si,N/A
2026-09-23,20:16:35,airsoftrhino,CORREA PORTA REPLICA MS3 (...,https://airsoftrhino.cl/correas/1024-237-correa-porta-replica-ms3.html,12000,12000,si,N/A
2026-09-23,20:16:35,airsoftrhino,G TMC Modular Chest Rig...,https://airsoftrhino.cl/chalecos/790-g-tmc-modular-chest-rig-multicam-tropic.html,85000,85000,si,N/A
2026-09-23,20:16:35,airsoftrhino,Polera tactica manga larga...,https://airsoftrhino.cl/ropa/4029-3013-polera-tactica-manga-larga-woodland.html,22990,22990,si,N/A
2026-09-23,20:16:35,airsoftrhino,Gafas tácticas protectoras...,https://airsoftrhino.cl/lentes-mascaras/3297-1955-gafas-tacticas-protectoras-para-airsoft.html,22000,22000,si,N/A
2026-09-23,20:16:35,airsoftrhino,TMC Maritime Helmet (...,https://airsoftrhino.cl/cascos/3213-tmc-martimie-helmet-multicam-.html,85000,85000,no,N/A
2026-09-23,20:16:35,airsoftrhino,TMC 1.75 Combat Belts RONIN...,https://airsoftrhino.cl/cinturones/1830-1372-175-combat-belts-ronin-talla-l-.html,45000,45000,si,N/A
2026-09-23,20:16:35,airsoftrhino,TMC Speed Shotgun Sling  Mc...,https://airsoftrhino.cl/correas/1384-305-tmc-speed-shotgun-sling-multicam.html,10000,10000,si,N/A
2026-09-23,20:16:35,airsoftrhino,Polera tactica manga larga...,https://airsoftrhino.cl/ropa/4027-2999-polera-tactica-manga-larga-multicam.html,22990,22990,si,N/A
2026-09-23,20:16:35,airsoftrhino,Inserto óptico Wileyx,https://airsoftrhino.cl/lentes-mascaras/3491-lentes-wyleyx-saber-originales-3-micas-712316067782.html,29990,29990,si,N/A
2026-09-23,20:16:35,airsoftrhino,CASCO BALISTICO ARMIS FAST...,https://airsoftrhino.cl/cascos/3242-1869-casco-armis-fast-coyote-negro-talla-m-l-.html,199990,199990,si,N/A
2026-09-23,20:16:35,airsoftrhino,CPC TMC 2016 RANGER GREEN,https://airsoftrhino.cl/chalecos/827-1611-g-tmc-cherry-plate-carrier-2016-version-matte-cb-med-size.html,139000,139000,no,N/A
2026-09-23,20:16:35,airsoftrhino,TMC Polera tactica manga...,https://airsoftrhino.cl/ropa/4030-3020-polera-tactica-manga-larga-multicamblack.html,35000,35000,si,N/A
2026-09-23,20:16:35,airsoftrhino,TMC HLY ANSI z80.3 Goggle,https://airsoftrhino.cl/lentes-mascaras/3730-2157-g-tmc-hly-ansi-z803-goggle-kk-fg-bk.html,13000,13000,si,N/A
2026-09-23,20:16:35,airsoftrhino,Lanyard,https://airsoftrhino.cl/correas/1418-1531-lanyard.html,10000,10000,si,N/A
2026-09-23,20:16:35,airsoftrhino,G TMC Modular Chest Rig...,https://airsoftrhino.cl/chalecos/842-g-tmc-modular-chest-rig-wolf-grey.html,64990,64990,si,N/A
2026-09-23,20:16:35,airsoftrhino,Polera tactica manga larga...,https://airsoftrhino.cl/ropa/4028-3012-polera-tactica-manga-larga-multicamblack.html,22990,22990,no,N/A
2026-09-23,20:16:35,airsoftrhino,TMC Modular Assault Pack w/...,https://airsoftrhino.cl/mochilas-bolsos/2557--cordura-modular-assault-pack-w-3l-hydration-bag-od-tmc.html,49990,49990,si,N/A
2026-09-23,20:16:35,airsoftrhino,Cork Gear MRB 2.0 Belt ( MC ),https://airsoftrhino.cl/cinturones/2419-1380-cork-gear-mrb-20-belt-mc-.html,32000,32000,no,N/A
2026-09-23,20:16:35,airsoftrhino,TMC Drop Pouch for MCR...,https://airsoftrhino.cl/pouch-bolsillos-tacticos/641-1025-tmc-drop-pouch-for-mcr-multicam-tropic-.html,26990,26990,si,N/A
2026-09-23,20:16:35,airsoftrhino,Polera tactica manga larga OD,https://airsoftrhino.cl/ropa/4041-3035-polera-tactica-manga-larga-od.html,22990,22990,si,N/A
2026-09-23,20:16:35,airsoftrhino,TMC RG Belt Talla L (...,https://airsoftrhino.cl/cinturones/3001-tmc-rg-belt-talla-l-multicam-tmc3213-mc.html,95000,95000,si,N/A
2026-09-23,20:16:35,airsoftrhino,CUBRE CASCO  FAST -  MARITIME,https://airsoftrhino.cl/cascos/2161-1159-cubre-casco-fast-wendy-maritime-multicam-alternativo-.html,12000,12000,si,N/A
2026-09-23,20:16:35,airsoftrhino,MOCHILA DE ASALTO ( MAP ),https://airsoftrhino.cl/mochilas-bolsos/1838-763-mochila-de-asalto-map-.html,14000,14000,si,N/A
2026-09-23,20:16:35,airsoftrhino,Chaleco TMC SCA plate...,https://airsoftrhino.cl/chalecos/927-chaleco-sca-plate-carrier.html,129000,129000,si,N/A
2026-09-23,20:16:35,airsoftrhino,Cubre casco  MC con porta...,https://airsoftrhino.cl/cascos/3791-2234-tmc-cubre-casco-tw.html,14000,14000,si,N/A
2026-09-23,20:16:35,airsoftrhino,CAMELBACK MILITAR ( 3L ),https://airsoftrhino.cl/mochilas-bolsos/3423-2020-camelback-militar-3l-.html,17990,17990,si,N/A
2026-09-23,20:16:35,airsoftrhino,TMC ELS Belt  Talla L  (...,https://airsoftrhino.cl/cinturones/2999-tmc-els-belt-talla-l-multicam-tmc3667-mc.html,105000,105000,si,N/A
2026-09-23,20:16:35,airsoftrhino,Chaqueta softshell,https://airsoftrhino.cl/ropa/999-926-chaqueta-softshell-3-colores.html,30000,30000,si,N/A
2026-09-23,20:16:35,airsoftrhino,TMC Pouch Zip Panel NG...,https://airsoftrhino.cl/chalecos/951-2243-zip-panel-tmc-version-ng-cb.html,69000,69000,si,N/A
2026-09-23,20:16:35,airsoftrhino,Mascara Malla con Genero,https://airsoftrhino.cl/lentes-mascaras/105-633-mascara-proteccion-simple.html,8000,8000,si,N/A
2026-09-23,20:16:35,airsoftrhino,Yakeda Gear Cinturon...,https://airsoftrhino.cl/cinturones/3816-2271-yakeda-gear-cinturon-tactico-yd-2027-.html,34990,34990,no,N/A
2026-09-23,20:16:35,airsoftrhino,TMC OIA Sling,https://airsoftrhino.cl/correas/2668-1544-tmc-oia-sling-rg-black-cb-.html,23000,23000,si,N/A
2026-09-23,20:16:35,airsoftrhino,pasamontañas con protección...,https://airsoftrhino.cl/lentes-mascaras/1248-936-tmc-metal-mesh-balaclava-multicam-.html,14000,14000,si,N/A
2026-09-23,20:16:35,airsoftrhino,G TMC Modular Chest Rig (AOR1),https://airsoftrhino.cl/chalecos/1215-g-tmc-modular-chest-rig-aor1.html,68000,68000,si,N/A
2026-09-23,20:16:35,airsoftrhino,Corta viento tactico...,https://airsoftrhino.cl/ropa/1001-3048-corta-viento-tactico-militar-black.html,29990,29990,si,N/A
2026-09-23,20:16:35,airsoftrhino,Mochila militar coyote 15L...,https://airsoftrhino.cl/mochilas-bolsos/910-1760-mochila-militar-coyote-45l.html,19000,19000,si,N/A
2026-09-23,20:16:35,airsoftrhino,TMC Helmet cover for Exfil...,https://airsoftrhino.cl/liquidacion/471-291-tmc-helmet-cover-for-exfil-team-wendy-tmc2555.html,9000,9000,si,N/A
2026-09-23,20:16:35,airsoftrhino,Corta viento tactico...,https://airsoftrhino.cl/ropa/4042-3055-corta-viento-tactico-militar-od.html,29990,29990,si,N/A
2026-09-23,20:16:35,airsoftrhino,G TMC Modular Chest Rig...,https://airsoftrhino.cl/chalecos/1348-g-tmc-modular-chest-rig-ranger-green.html,64990,64990,si,N/A
2026-09-23,20:16:35,airsoftrhino,TMC Camo Balaclava,https://airsoftrhino.cl/lentes-mascaras/1251-950-tmc-camo-balaclava-mcbk-.html,8000,8000,si,N/A
2026-09-23,20:16:35,airsoftrhino,CUBRE CASCO PARA MICH 2000...,https://airsoftrhino.cl/cascos/1106-1865-cubre-casco-para-mich-2000-multicam.html,19000,19000,si,N/A
2026-09-23,20:16:35,airsoftrhino,Corta viento tactico...,https://airsoftrhino.cl/ropa/4043-3062-corta-viento-tactico-militar-tan.html,29990,29990,si,N/A
2026-09-23,20:16:35,airsoftrhino,Tactical QD FERRO Sling,https://airsoftrhino.cl/holster-porta-replica/3968-3590-tactical-qd-ferro-sling-.html,23990,23990,si,N/A
2026-09-23,20:16:35,airsoftrhino,Mascara Malla,https://airsoftrhino.cl/lentes-mascaras/1745-1163-mascara-malla.html,6000,6000,si,N/A
2026-09-23,20:16:35,airsoftrhino,Cork Gear 410 FLATPACK ( MC ),https://airsoftrhino.cl/mochilas-bolsos/1737-cork-gear-410-flatpack-mc-.html,36000,36000,no,N/A
2026-09-23,20:16:35,airsoftrhino,G Cork Gear MK4 Chest Rig...,https://airsoftrhino.cl/chalecos/1430-g-cork-gear-mk4-chest-rig-cog031-.html,70000,70000,si,N/A
2026-09-23,20:16:35,airsoftrhino,TMC Helmet cover for Exfil...,https://airsoftrhino.cl/cascos/917-tmc-helmet-cover-for-exfil-team-wendy-multicam-tmc2555.html,12000,12000,si,N/A
2026-09-23,20:16:35,airsoftrhino,Corta viento tactico...,https://airsoftrhino.cl/ropa/4044-3069-corta-viento-tactico-militar-gris.html,29990,29990,si,N/A
2026-09-23,20:16:35,airsoftrhino,Balaclava de Lycra,https://airsoftrhino.cl/lentes-mascaras/3054-3559-balaclava-de-laycra-negra.html,8000,8000,si,N/A
2026-09-23,20:16:35,airsoftrhino,TMC Cover for AF Helmet...,https://airsoftrhino.cl/cascos/1832-tmc-cover-for-af-helmet-multicam-tmc2617.html,12000,12000,si,N/A
2026-09-23,20:16:35,airsoftrhino,Tobillera para transporte...,https://airsoftrhino.cl/liquidacion/1766-tobillera-para-transporte-de-pistola-universal.html,7000,7000,si,N/A
2026-09-23,20:16:35,airsoftrhino,FMA-Máscara de medio sello...,https://airsoftrhino.cl/lentes-mascaras/3175-fma-mascara-de-medio-sello-para-casco-tactico.html,29000,29000,si,N/A
2026-09-23,20:16:35,airsoftrhino,G Daytone Ylat Pack (...,https://airsoftrhino.cl/mochilas-bolsos/2130--assault-pack-30-tmc-multicam-.html,43000,43000,si,N/A
2026-09-23,20:16:35,airsoftrhino,TMC JPC Jump Plate Carrier...,https://airsoftrhino.cl/chalecos/1474-tmc-jump-plate-carrier-20-mk-ver-cb-.html,65000,65000,si,N/A
2026-09-23,20:16:35,airsoftrhino,TMC 30A 100rd Utility Pouch...,https://airsoftrhino.cl/pouch-bolsillos-tacticos/966-1575-drop-pouch-rg-tmc.html,18000,18000,si,N/A
2026-09-23,20:16:35,airsoftrhino,TMC Combat shirt Multicam...,https://airsoftrhino.cl/ropa/299-tmc-combat-shirt-multicam-tropic-talla-l-.html,35000,35000,si,N/A
2026-09-23,20:16:35,airsoftrhino,TMC PHT  MASK,https://airsoftrhino.cl/lentes-mascaras/2559-tmc-pht-mask.html,69000,69000,si,N/A
2026-09-23,20:16:35,airsoftrhino,TMC Thigh Strap V1 (TMC2955),https://airsoftrhino.cl/holster-porta-replica/2467-1412-tmc-thigh-strap-v1-tmc2955.html,8000,8000,si,N/A
2026-09-23,20:16:35,airsoftrhino,TMC DLS MM Pack ( Khaki ),https://airsoftrhino.cl/mochilas-bolsos/2352-tmc-dls-mm-pack-khaki-.html,55000,55000,si,N/A
2026-09-23,20:16:35,airsoftrhino,TMC ORG Cutting G3 Combat...,https://airsoftrhino.cl/ropa/1208-811-tmc-org-cutting-g3-combat-shirt-rg-.html,35000,35000,si,N/A
2026-09-23,20:16:35,airsoftrhino,G TMC Modular Chest Rig...,https://airsoftrhino.cl/chalecos/700-g-tmc-modular-chest-rig-multicam-arid.html,85000,85000,si,N/A
2026-09-23,20:16:35,airsoftrhino,"Tactical sling, hard, AK...",https://airsoftrhino.cl/holster-porta-replica/2936-tactical-sling-hard-ak-47-ak74-classic-army.html,13000,13000,si,N/A
2026-09-23,20:16:35,airsoftrhino,MASCARA  FMA F1  FULL FACE,https://airsoftrhino.cl/lentes-mascaras/2764-1598-mascara-full-face-fma-f1-.html,53000,53000,si,N/A
2026-09-23,20:16:35,airsoftrhino,TMC Laser Cut PALS DLS Pack...,https://airsoftrhino.cl/mochilas-bolsos/2354-tmc-laser-cut-pals-dls-pack-khaki-.html,59000,59000,si,N/A
2026-09-23,20:16:35,airsoftrhino,TMC SD Plate Carrier (...,https://airsoftrhino.cl/chalecos/1590-798-tmc-sd-palte-carrier-multicam-black-.html,99990,99990,si,N/A
2026-09-23,20:16:35,airsoftrhino,TMC SC Utility Pouch...,https://airsoftrhino.cl/pouch-bolsillos-tacticos/1221-1441-tmc-sc-utility-pouch-multicam.html,26000,26000,si,N/A
2026-09-23,20:16:35,airsoftrhino,TMC mascara de malla  (...,https://airsoftrhino.cl/lentes-mascaras/2875-tmc-mascara-de-malla-multicam-tropic-.html,13990,13990,si,N/A
2026-09-23,20:16:35,airsoftrhino,TMC Flat BackPack Gen2  (...,https://airsoftrhino.cl/mochilas-bolsos/2418-1443-tmc-flat-backpack-gen2-cb-.html,59990,59990,si,N/A
2026-09-23,20:16:35,airsoftrhino,G TMC Modular Chest Rig...,https://airsoftrhino.cl/chalecos/1735-g-tmc-modular-chest-rig-woodland.html,89000,89000,si,N/A
2026-09-23,20:16:35,airsoftrhino,Muslera Simple para Pistola,https://airsoftrhino.cl/holster-porta-replica/1008-253-holster-pistolas-simple-de-nylon-bk-od-cb-.html,8000,8000,si,N/A
2026-09-23,20:16:35,airsoftrhino,pantalon tactico negro...,https://airsoftrhino.cl/ropa/834-2842-pantalones-tacticos-colores-y-tallas-m-hasta-xxxl.html,26000,26000,si,N/A
2026-09-23,20:16:35,airsoftrhino,pantalon tactico beige...,https://airsoftrhino.cl/ropa/3941-2850-pantalon-tactico-beige.html,26000,26000,si,N/A
2026-09-23,20:16:35,airsoftrhino,Muslera Universal de Nilon,https://airsoftrhino.cl/holster-porta-replica/1338-263-holster-universal-de-pierna-.html,11990,11990,si,N/A
2026-09-23,20:16:35,airsoftrhino,pantalon tactico OD (talla...,https://airsoftrhino.cl/ropa/3942-2867-pantalon-tactico-od-talla-asiatica.html,26000,26000,si,N/A
2026-09-23,20:16:35,airsoftrhino,ZipOn Pack for MF SCA TMC (...,https://airsoftrhino.cl/chalecos/2054-zipon-pack-for-mf-sca-tmc-rg-.html,55000,55000,si,N/A
2026-09-23,20:16:35,airsoftrhino,TMC OLD SH 3Day Pack,https://airsoftrhino.cl/mochilas-bolsos/1446-389-tmc-old-sh-3day-pack-bk-.html,79900,79900,si,N/A
2026-09-23,20:16:35,airsoftrhino,TMC Taco Pouch ( Multicam -...,https://airsoftrhino.cl/pouch-bolsillos-tacticos/1254-1006-tmc-tc-556-pouch-multicam-.html,22000,22000,si,N/A
2026-09-23,20:16:35,airsoftrhino,HEL-STAR 6 GEN III HELMET...,https://airsoftrhino.cl/cascos/800-1367-manta-strobo-helstar-6.html,29000,29000,si,N/A
2026-09-23,20:16:35,airsoftrhino,Guia de casco tactico...,https://airsoftrhino.cl/lentes-mascaras/4074-3134-guia-de-casco-tactico-ajustable-goggles-op-desmontables-op-hmj-.html,26000,26000,si,N/A
2026-09-23,20:16:35,airsoftrhino,pantalon tactico MC (talla...,https://airsoftrhino.cl/ropa/3944-2878-pantalon-tactico-od-talla-asiatica.html,26000,26000,si,N/A
2026-09-23,20:16:35,airsoftrhino,VOTAGOO 2Day Cordura Fabric...,https://airsoftrhino.cl/inicio/4289-votagoo-2day-cordura-fabric-tactical-backpack.html,129990,129990,si,N/A
2026-09-23,20:16:35,airsoftrhino,balaclava con mascara...,https://airsoftrhino.cl/lentes-mascaras/4090-3151-balaclava-con-mascara-protectora-tmc3487-.html,14000,14000,si,N/A
2026-09-23,20:16:35,airsoftrhino,pantalon tactico coyote...,https://airsoftrhino.cl/ropa/3945-2886-pantalon-tactico-od-talla-asiatica.html,26000,26000,si,N/A
2026-09-23,20:16:35,airsoftrhino,Adaptadores riel para...,https://airsoftrhino.cl/cascos/3657-2090-adaptadores-riel-para-antiparras-o-mascara-nh03006.html,4900,4900,si,N/A
2026-09-23,20:16:35,airsoftrhino,Adaptador holster molle...,https://airsoftrhino.cl/holster-porta-replica/849-3251-adaptador-holster-molle-para-chaleco.html,6000,6000,si,N/A
2026-09-23,20:16:35,airsoftrhino,VOTAGOO RUSH 24 2.0...,https://airsoftrhino.cl/inicio/4290-votagoo-rush-72-20-multicam-backpack.html,139990,139990,si,N/A
2026-09-23,20:16:35,airsoftrhino,Respirador de máscara...,https://airsoftrhino.cl/equipamiento/4179-respirador-de-mascara-facial-completa-de-silicona.html,17990,17990,si,N/A
2026-09-23,20:16:35,airsoftrhino,TMC JPC 2.0 Swimmer Cut...,https://airsoftrhino.cl/chalecos/2138-3392-tmc-jpc-20-swimmer-cut-plate-carrier-multicam-arid-.html,129000,129000,si,N/A
2026-09-23,20:16:35,airsoftrhino,TMC adaptador de riel...,https://airsoftrhino.cl/cascos/1581-tmc-adaptador-de-riel-giratorio-acr-tmc3423.html,4900,4900,si,N/A
2026-09-23,20:16:35,airsoftrhino,TMC Belt Holster Drop...,https://airsoftrhino.cl/holster-porta-replica/1468-376-tmc-belt-holster-drop-adapter-shorter-cb-.html,7000,7000,si,N/A
2026-09-23,20:16:35,airsoftrhino,Mascara de protección...,https://airsoftrhino.cl/inicio/4297-mascara-de-proteccion-facial-transparente-anti-impacto.html,26000,26000,si,N/A
2026-09-23,20:16:35,airsoftrhino,VOTAGOO High Quality...,https://airsoftrhino.cl/inicio/4291-votagoo-high-quality-tactical-backpack.html,96000,96000,si,N/A
2026-09-23,20:16:35,airsoftrhino,TMC Adaptador holster corto,https://airsoftrhino.cl/holster-porta-replica/2237-1253-tmc-adaptador-holster-corto.html,7000,7000,si,N/A
2026-09-23,20:16:35,airsoftrhino,Cork Gear AVS Plate Carrier...,https://airsoftrhino.cl/chalecos/2139-cork-gear-avs-plate-carrier-mc-.html,129000,129000,si,N/A
2026-09-23,20:16:35,airsoftrhino,TMC MARINE style med....,https://airsoftrhino.cl/mochilas-bolsos/4356-tmc-marine-style-med-backpack-multicam.html,99990,99990,si,N/A
2026-09-23,20:16:35,airsoftrhino,TMC JPC Jump Plate Carrier...,https://airsoftrhino.cl/chalecos/2230-jump-plate-carrier-gen2-multicam-tmc.html,129000,129000,no,N/A
2026-09-23,20:16:35,airsoftrhino,EXFIL RAIL 3.0 RETROFIT KIT...,https://airsoftrhino.cl/cascos/1921-942-30-helmet-rail-for-tw-helmet-de-.html,13000,13000,si,N/A
2026-09-23,20:16:35,airsoftrhino,TMC MED POUCH VERTICAL...,https://airsoftrhino.cl/pouch-bolsillos-tacticos/1381-1233-tmc-med-pouch-vertical-multicam-.html,26000,26000,si,N/A
2026-09-23,20:16:35,airsoftrhino,TMC Adaptador holster largo,https://airsoftrhino.cl/holster-porta-replica/183-271-tmc-adaptador-holster-largo.html,12000,12000,si,N/A
2026-09-23,20:16:35,airsoftrhino,TMC pantalon G3,https://airsoftrhino.cl/ropa/172-2869-pantalon-multicam-black-tmc-tallas-xl-xxl.html,85000,85000,si,N/A
2026-09-23,20:16:35,airsoftrhino,W&T el kit (WT-ELBK),https://airsoftrhino.cl/holster-porta-replica/2719-1569-g-wt-el-kit-bk-de-.html,8900,8900,si,N/A
2026-09-23,20:16:35,airsoftrhino,Zip panel 2.0 TMC multicam...,https://airsoftrhino.cl/chalecos/2355--zip-panel-20-tmc-multicam-black.html,69000,69000,si,N/A
2026-09-23,20:16:35,airsoftrhino,TMC Tri M4 STA Pouch ( DE...,https://airsoftrhino.cl/pouch-bolsillos-tacticos/1405-1328-tmc-tri-m4-sta-pouch-de-.html,24000,24000,si,N/A
2026-09-23,20:16:35,airsoftrhino,CONJUNTO DE RODILLERA Y...,https://airsoftrhino.cl/ropa/1223-1300-juego-de-rodilleras-tacticas-militares-coderas-y-rodilleras-airsof-verdet.html,10000,10000,si,N/A
2026-09-23,20:16:35,airsoftrhino,The Black Ships MA-35A Drop...,https://airsoftrhino.cl/pouch-bolsillos-tacticos/1421-2515--drop-pouch-rg-ma-35a.html,26000,26000,si,N/A
2026-09-23,20:16:35,airsoftrhino,TMC Rail for Maritime...,https://airsoftrhino.cl/cascos/1218-1567-tmc-rail-for-martimie-helmet-tmc3197.html,14000,14000,si,N/A
2026-09-23,20:16:35,airsoftrhino,Rodilleras TMC Gen4 CB,https://airsoftrhino.cl/ropa/786-1004-rodilleras-tmc-gen4-cb.html,24000,24000,si,N/A
2026-09-23,20:16:35,airsoftrhino,Bota caña alta ESDY ( TAN  ),https://airsoftrhino.cl/ropa/3826-2296-bota-cana-alta-esdy.html,49000,49000,si,N/A
2026-09-23,20:16:35,airsoftrhino,MK3 Battery Case for Helmet...,https://airsoftrhino.cl/cascos/3789-2227--mk3-batterycase-for-helmet-rg-.html,9000,9000,si,N/A
2026-09-23,20:16:35,airsoftrhino,Percha tactica para...,https://airsoftrhino.cl/chalecos/2463-percha-tactica-para-equipamiento.html,9990,9990,si,N/A
2026-09-23,20:16:35,airsoftrhino,BLACKHAWK QUICK SYSTEM KIT...,https://airsoftrhino.cl/holster-porta-replica/1788-734-blackhawk-quick-system-kit-serpa.html,13000,13000,si,N/A
2026-09-23,20:16:35,airsoftrhino,TMC Micro Med kit ( TMC3443 ),https://airsoftrhino.cl/pouch-bolsillos-tacticos/1444-656-tmc-micro-med-kit-tmc3443-.html,18000,18000,no,N/A
2026-09-23,20:16:35,airsoftrhino,Bota caña alta ESDY ( BK ),https://airsoftrhino.cl/ropa/3827-2303-bota-cana-alta-esdy.html,49000,49000,si,N/A
2026-09-23,20:16:35,airsoftrhino,TMC JPC 2.0 Swimmer Cut...,https://airsoftrhino.cl/chalecos/2528-tmc-jpc20-swimmer-cut-plate-carrier-multicam-black-.html,109990,109990,si,N/A
2026-09-23,20:16:35,airsoftrhino,TMC Helmet  50/50 AGW...,https://airsoftrhino.cl/cascos/1583-1109-pouch-contrapeso-para-casco-tmc-color-coyote.html,16990,16990,si,N/A
2026-09-23,20:16:35,airsoftrhino,TMC Adaptador de Holster...,https://airsoftrhino.cl/holster-porta-replica/1247-tmc-adaptador-de-holster-tmc2701.html,14000,14000,si,N/A
2026-09-23,20:16:35,airsoftrhino,WADSN MK3 Battery Pouch for...,https://airsoftrhino.cl/cascos/3683-2122-wadsn-mk3-battery-pouch-for-bump-type-helmets-tan-bk-od-mc-.html,18000,18000,si,N/A
2026-09-23,20:16:35,airsoftrhino,CHICOM AK CHEST RIG,https://airsoftrhino.cl/chalecos/2603-1505-ak-chest-rig.html,29000,29000,si,N/A
2026-09-23,20:16:35,airsoftrhino,TMC TACO Pouch ( TMC3359 ),https://airsoftrhino.cl/pouch-bolsillos-tacticos/1450-766-tmc-taco-pouch-tmc3359-.html,16000,16000,si,N/A
2026-09-23,20:16:35,airsoftrhino,TMC Adaptador de holster...,https://airsoftrhino.cl/holster-porta-replica/349-267-tmc-adaptador-de-holster-para-chaleco-tmc2853.html,24000,24000,si,N/A
2026-09-23,20:16:35,airsoftrhino,Traje Ghillie 4 piezas en...,https://airsoftrhino.cl/ropa/145-2890-traje-ghillie-4-piezas-en-camuflaje-jungla-y-desert.html,30000,30000,si,N/A
2026-09-23,20:16:35,airsoftrhino,TENIDA GEN 3 Alternativa Black,https://airsoftrhino.cl/ropa/4046-3111-tenida-gen-3-alternativa-black.html,49990,49990,si,N/A
2026-09-23,20:16:35,airsoftrhino,KYDEX SINGLE MAG POUCH G17...,https://airsoftrhino.cl/holster-porta-replica/2227-kydex-single-mag-pouch-g17-de.html,12000,12000,si,N/A
2026-09-23,20:16:35,airsoftrhino,TMC mag pouch SG 2.0  (TMC556),https://airsoftrhino.cl/pouch-bolsillos-tacticos/359-86-tmc-mag-pouch-sg-20-tmc556.html,11990,11990,si,N/A
2026-09-23,20:16:35,airsoftrhino,HOLSTER RIGIDO UNIVERSAL ZURDO,https://airsoftrhino.cl/holster-porta-replica/2834-1648-holster-rigido-universal-tmc-zurdo.html,14000,14000,si,N/A
2026-09-23,20:16:35,airsoftrhino,TENIDA G3 Alternativa Multicam,https://airsoftrhino.cl/ropa/1511-3083-tenida-g3-alternativa-multicam.html,49990,49990,si,N/A
2026-09-23,20:16:35,airsoftrhino,TMC pouch magazine 9mm SG...,https://airsoftrhino.cl/pouch-bolsillos-tacticos/309-92-tmc-pouch-magazine-9mm-sg-20-tmc2779.html,11990,11990,si,N/A
2026-09-23,20:16:35,airsoftrhino,TMC Back Panel BG ( RG )...,https://airsoftrhino.cl/chalecos/2673-tmc-back-panel-bg-rg-3549-rg.html,85000,85000,si,N/A
2026-09-23,20:16:35,airsoftrhino,Cork Tri Open Top Mag Pouch...,https://airsoftrhino.cl/pouch-bolsillos-tacticos/1454--cog009-tri-open-top-mag-pouch-mc-.html,22000,22000,si,N/A
2026-09-23,20:16:35,airsoftrhino,TMC holster rigido...,https://airsoftrhino.cl/holster-porta-replica/1012-256-tmc-holser-rigido-universal-tmc2581-.html,14000,14000,si,N/A
2026-09-23,20:16:35,airsoftrhino,TENIDA G3 ALTERNATIVO OD,https://airsoftrhino.cl/ropa/830-3076-tenida-g3-alternativo-od.html,49990,49990,si,N/A
2026-09-23,20:16:35,airsoftrhino,TENIDA GEN 3 Alternativa AOR1,https://airsoftrhino.cl/ropa/4045-3104-tenida-gen-3-alternativa-aor1.html,49990,49990,si,N/A
2026-09-23,20:16:35,airsoftrhino,Montura correa QD Keymond &...,https://airsoftrhino.cl/holster-porta-replica/2203-montura-keymond-para-qd-sling.html,14000,14000,si,N/A
2026-09-23,20:16:35,airsoftrhino,TMC STRAPS 15cm ( BK- CB ),https://airsoftrhino.cl/pouch-bolsillos-tacticos/1036-1184-tmc-straps-15cm-bk-cb-.html,7000,7000,si,N/A
2026-09-23,20:16:35,airsoftrhino,holster rigido universal...,https://airsoftrhino.cl/holster-porta-replica/3750-2181-holster-rigido-universal-tmc-.html,14000,14000,no,N/A
2026-09-23,20:16:35,airsoftrhino,TMC ASPC Airsoft Plate...,https://airsoftrhino.cl/chalecos/2882-tmc-aspc-airsoft-plate-carrier-rg-.html,96000,96000,si,N/A
2026-09-23,20:16:35,airsoftrhino,Tenida G3 Alternativa...,https://airsoftrhino.cl/ropa/1512-3090-tenida-g3-alternativa-multicam-black.html,49990,49990,si,N/A
2026-09-23,20:16:35,airsoftrhino,ITW FASTMag 5.56,https://airsoftrhino.cl/pouch-bolsillos-tacticos/1486-425-pouch-plastico-para-556-magazine-.html,8000,8000,si,N/A
2026-09-23,20:16:35,airsoftrhino,TMC Double Pouch Panel ( RG...,https://airsoftrhino.cl/chalecos/2885-tmc-double-pouch-panel-rg-tmc3615-rg.html,56000,56000,si,N/A
2026-09-23,20:16:35,airsoftrhino,Cubre orejas proteccion...,https://airsoftrhino.cl/cascos/2215-1226-cubre-orejas-proteccion-lateral-nh03008.html,11990,11990,si,N/A
2026-09-23,20:16:35,airsoftrhino,Holster USP,https://airsoftrhino.cl/holster-porta-replica/2189-holster-usp.html,16000,16000,no,N/A
2026-09-23,20:16:35,airsoftrhino,TENIDA  GEN 3 Alternativa TAN,https://airsoftrhino.cl/ropa/1522-3097-tenida-gen-3-alternativa-tan.html,49990,49990,si,N/A
2026-09-23,20:16:35,airsoftrhino,ITW Pistol FASTMag 9mm,https://airsoftrhino.cl/pouch-bolsillos-tacticos/1487-428-pouch-plastico-para-9mm-magazine.html,8000,8000,si,N/A
2026-09-23,20:16:35,airsoftrhino,Placa de hidratacion de...,https://airsoftrhino.cl/liquidacion/3181-3186-placa-de-hidratacion-de-175-lt.html,19000,19000,si,N/A
2026-09-23,20:16:35,airsoftrhino,TMC 4 Hole Shroud for...,https://airsoftrhino.cl/cascos/1942-tmc-4-hole-shroud-for-achmich-helmet-tmc2911.html,16000,16000,si,N/A
2026-09-23,20:16:35,airsoftrhino,TMC 378 ALS Concealment...,https://airsoftrhino.cl/holster-porta-replica/1938-854-tmc-378-als-concealment-holster-tmc3535.html,21000,21000,si,N/A
2026-09-23,20:16:35,airsoftrhino,TMC funda porta cargador de...,https://airsoftrhino.cl/pouch-bolsillos-tacticos/550-251-tmc-funda-porta-cargador-de-9mm-tmc-tmc3299.html,7000,7000,si,N/A
2026-09-23,20:16:35,airsoftrhino,Chest Rig Wide Harness Set...,https://airsoftrhino.cl/chalecos/3059-chest-rig-wide-harness-set-ranger-green-tmc3631-.html,64990,64990,si,N/A
2026-09-23,20:16:35,airsoftrhino,SET DE RODILLERAS Y CODERAS...,https://airsoftrhino.cl/ropa/2195-1215-set-de-rodilleras-y-coderas-tacticas-.html,10000,10000,si,N/A
2026-09-23,20:16:35,airsoftrhino,FMA MS2000 Distress Marker...,https://airsoftrhino.cl/cascos/2006-fma-ms2000-distress-marker-strobe-funcional-.html,26990,26990,si,N/A
2026-09-23,20:16:35,airsoftrhino,CTM Holster para AAP-01 -...,https://airsoftrhino.cl/holster-porta-replica/1458-holster-para-aap-01-black--859188228436.html,32000,32000,si,N/A
2026-09-23,20:16:35,airsoftrhino,TMC porta cartucho escopeta,https://airsoftrhino.cl/pouch-bolsillos-tacticos/1403-333-tmc-porta-cartucho-escopeta.html,9500,9500,no,N/A
2026-09-23,20:16:35,airsoftrhino,TMC Modular Chest Rig...,https://airsoftrhino.cl/chalecos/3306-tmc-modular-chest-rig-multicam-black.html,85000,85000,si,N/A
2026-09-23,20:16:35,airsoftrhino,0305 Kydex Holster For...,https://airsoftrhino.cl/holster-porta-replica/2717-0305-kydex-holster-for-marui-226-gbb.html,27990,27990,si,N/A
2026-09-23,20:16:35,airsoftrhino,ESDY - Gorro Polar,https://airsoftrhino.cl/ropa/2569-1477-esdy-gorro-polar-coyote-black-verde.html,4000,4000,si,N/A
2026-09-23,20:16:35,airsoftrhino,Princeton Tec MPLS  BLACK -...,https://airsoftrhino.cl/cascos/2197-1219-princeton-tec-mpls-led-blanco-.html,25000,25000,si,N/A
2026-09-23,20:16:35,airsoftrhino,TMC DROP LEG PNEL POUCH...,https://airsoftrhino.cl/pouch-bolsillos-tacticos/1199-tmc-drop-leg-pnel-pouch-cb-.html,19000,19000,si,N/A
2026-09-23,20:16:35,airsoftrhino,Chaleco Anticorte negro...,https://airsoftrhino.cl/defensa-personal/3658-chaleco-ciras-alternativo-nylon-colores-coyote-negro-verde-y-mc.html,36000,36000,si,N/A
2026-09-23,20:16:35,airsoftrhino,Princeton Tec MPLS3 ( Led...,https://airsoftrhino.cl/cascos/2453-1404-princeton-tec-mpls3-black-tan-led-blanco-.html,29000,29000,si,N/A
2026-09-23,20:16:35,airsoftrhino,TMC Kydex Holster GBB 1911...,https://airsoftrhino.cl/holster-porta-replica/1746-tmc-20ver-kydex-holster-set-for-gbb-1911-de-.html,38000,38000,si,N/A
2026-09-23,20:16:35,airsoftrhino,TMC Open Top Tourniquet...,https://airsoftrhino.cl/pouch-bolsillos-tacticos/1514-464-tmc-open-top-tourniquet-pouch-cb-rg-.html,12000,12000,no,N/A
2026-09-23,20:16:35,airsoftrhino,tactical chest rig con...,https://airsoftrhino.cl/chalecos/3667-2101-tactical-micro-chest-rig.html,29990,29990,no,N/A
2026-09-23,20:16:35,airsoftrhino,Adaptor for SF shroud and...,https://airsoftrhino.cl/cascos/2556-adaptor-for-sf-shroud-and-gsgm-dpam-tmc3563.html,18000,18000,si,N/A
2026-09-23,20:16:35,airsoftrhino,SOETAC Chaleco Corte laser,https://airsoftrhino.cl/chalecos/3680-2119-chaleco-ciras-alternativo-nylon-colores-coyote-negro-verde-y-mc.html,38000,38000,si,N/A
2026-09-23,20:16:35,airsoftrhino,Bonnie Alternativo,https://airsoftrhino.cl/ropa/2191-2946-bonnie-multicam-tropic-tmc.html,6000,6000,si,N/A
2026-09-23,20:16:35,airsoftrhino,TMC holster kydex 2 para...,https://airsoftrhino.cl/holster-porta-replica/1872-holster-tmc-kydex-2-para-pistola-tti-combat-master-john-wick-negra.html,45000,45000,si,N/A
2026-09-23,20:16:35,airsoftrhino,TMC Drop Pouch for MCR...,https://airsoftrhino.cl/pouch-bolsillos-tacticos/1464-1027-tmc-drop-pouch-for-mcr-cb-.html,24000,24000,si,N/A
2026-09-23,20:16:35,airsoftrhino,Holster Safariland HK P30,https://airsoftrhino.cl/holster-porta-replica/4005-holster-safariland-hk-p30-.html,47990,47990,si,N/A
2026-09-23,20:16:35,airsoftrhino,G Cork Gear 94G3 Plate...,https://airsoftrhino.cl/chalecos/3723-2148-g-cork-gear-94g3-plate-carrier-mc-bk-.html,79990,79990,si,N/A
2026-09-23,20:16:35,airsoftrhino,Bonnie color negro  ala ancha,https://airsoftrhino.cl/ropa/3363-gorro-bonnie-multicam-black-tmc.html,7000,7000,si,N/A
2026-09-23,20:16:35,airsoftrhino,TAC-SKY adaptador comtac...,https://airsoftrhino.cl/cascos/2594-1616-tac-sky-adaptador-comtac-riel-arc-wys0085-.html,29000,29000,si,N/A
2026-09-23,20:16:35,airsoftrhino,TMC Mag Single Pistol Mag...,https://airsoftrhino.cl/pouch-bolsillos-tacticos/1591-tmc-mag-single-pistol-mag-pouch-multicam.html,19990,19990,si,N/A
2026-09-23,20:16:35,airsoftrhino,CHALECO YAKEDA VT-6031,https://airsoftrhino.cl/chalecos/3738-2267-chaleco-yakeda-vt-6031.html,64990,64990,si,N/A
2026-09-23,20:16:35,airsoftrhino,TAC-SKY adaptador...,https://airsoftrhino.cl/cascos/2595-arc-new-helmet-mount-adapter-msa-de-wys0086.html,28000,28000,si,N/A
2026-09-23,20:16:35,airsoftrhino,TMC TACO SMG Mag Pouch (...,https://airsoftrhino.cl/pouch-bolsillos-tacticos/1722-1016-tmc-taco-smg-mag-pouch-tmc3371-.html,14980,14980,si,N/A
2026-09-23,20:16:35,airsoftrhino,TMC Holster Glock y...,https://airsoftrhino.cl/holster-porta-replica/1015-943-tmc-holster-glock-y-linterna-x300-tmc3033.html,49000,49000,si,N/A
2026-09-23,20:16:35,airsoftrhino,Bonnie TMC,https://airsoftrhino.cl/ropa/305-2953-bonnie-tmc.html,8000,8000,si,N/A
2026-09-23,20:16:35,airsoftrhino,TW style Helmet Comfort Pad...,https://airsoftrhino.cl/cascos/2876-tw-style-helmet-comfort-pad-replacement-kit.html,22000,22000,si,N/A
2026-09-23,20:16:35,airsoftrhino,cork gear drop pouch (...,https://airsoftrhino.cl/pouch-bolsillos-tacticos/1723-cork-gear-drop-pouch-cog005-.html,11990,11990,si,N/A
2026-09-23,20:16:35,airsoftrhino,Gorro baseball cap Varios...,https://airsoftrhino.cl/ropa/155-493-gorro-baseball-cap-varios-camuflajes.html,5000,5000,si,N/A
2026-09-23,20:16:35,airsoftrhino,TMC 20Ver Kydex Holster Set...,https://airsoftrhino.cl/holster-porta-replica/3936-2715-tmc-20ver-kydex-holster-set-for-gbb-glock-tmc3397.html,49000,49000,si,N/A
2026-09-23,20:16:35,airsoftrhino,Style Helmet Retention...,https://airsoftrhino.cl/cascos/2911-3515-tmc-style-helmet-retention-system-tmc3701.html,24990,24990,si,N/A
2026-09-23,20:16:35,airsoftrhino,Holster MC para GLock 17 (...,https://airsoftrhino.cl/holster-porta-replica/3960-3494-holster-mc-para-glock-17-gb-74r-cp-.html,59990,59990,si,N/A
2026-09-23,20:16:35,airsoftrhino,SIDEWINDER STALK HELMET...,https://airsoftrhino.cl/cascos/3272-2136-sidewinder-stalk-helmet-light-wd05001-.html,39990,39990,si,N/A
2026-09-23,20:16:35,airsoftrhino,TMC Grenade AM Pouch (...,https://airsoftrhino.cl/pouch-bolsillos-tacticos/1831-tmc-grenade-am-pouch-tmc3459-.html,18500,18500,no,N/A
2026-09-23,20:16:35,airsoftrhino,TMC ZIP PANEL Back MT VER,https://airsoftrhino.cl/pouch-bolsillos-tacticos/706-2248-mochila-tmc-para-avscpcjpc-color-coyote.html,55000,55000,si,N/A
2026-09-23,20:16:35,airsoftrhino,TMC Screws set for SFL (...,https://airsoftrhino.cl/holster-porta-replica/2909-tmc-screws-set-for-sfl-tmc2591-.html,7500,7500,si,N/A
2026-09-23,20:16:35,airsoftrhino,Cork Gear COG003 Zip Pouch...,https://airsoftrhino.cl/pouch-bolsillos-tacticos/1410-cork-gear-cog003-zip-pouch-panel-mc-.html,30000,30000,si,N/A
2026-09-23,20:16:35,airsoftrhino,TMC Montura Base Wilcox...,https://airsoftrhino.cl/cascos/1214-tmc-montura-base-wilcox-para-nvg-tmc2939.html,16000,16000,no,N/A
2026-09-23,20:16:35,airsoftrhino,TMC Aluminum hanger for GC...,https://airsoftrhino.cl/holster-porta-replica/3908-tmc-aluminum-hanger-for-gc-style-pouch-silver-.html,8000,8000,si,N/A
2026-09-23,20:16:35,airsoftrhino,TMC Night Vision Mount...,https://airsoftrhino.cl/cascos/2008-tmc-night-vision-mount-tmc2021.html,19000,19000,si,N/A
2026-09-23,20:16:35,airsoftrhino,VOTAGOO® Quick Release...,https://airsoftrhino.cl/inicio/4284-3501-votagoo-quick-release-lightweight-tactical-vest-multicam-od.html,99990,99990,si,N/A
2026-09-23,20:16:35,airsoftrhino,SHS MP7 montura de correa...,https://airsoftrhino.cl/holster-porta-replica/2773-shs-mp7-montura-de-correa.html,9990,9990,si,N/A
2026-09-23,20:16:35,airsoftrhino,BFG style Cuatruple SMG Mag...,https://airsoftrhino.cl/pouch-bolsillos-tacticos/1851-bfg-style-cuatruple-smg-mag-pouch-tmc3463.html,17990,17990,si,N/A
2026-09-23,20:16:35,airsoftrhino,TMC Soporte para Gopro (HR393),https://airsoftrhino.cl/cascos/795-soporte-para-gopro-tmc-color-coyote.html,9000,9000,no,N/A
2026-09-23,20:16:35,airsoftrhino,VOTAGOO® Tactical Military...,https://airsoftrhino.cl/inicio/4286-votagoo-tactical-military-vest.html,97990,97990,si,N/A
2026-09-23,20:16:35,airsoftrhino,VOTAGOO® Adjustable...,https://airsoftrhino.cl/inicio/4287-votagoo-adjustable-tactical-vest-with-admin-drop-pouch.html,139000,139000,si,N/A
2026-09-23,20:16:35,airsoftrhino,Montura L4 G24 NVG Wilcox...,https://airsoftrhino.cl/cascos/802-307-montura-l4-g24-nvg-wilcox-sotac-gear.html,59000,59000,si,N/A
2026-09-23,20:16:35,airsoftrhino,VOTAGOO® Tactical Vest Pad...,https://airsoftrhino.cl/inicio/4288-votagoo-tactical-vest-pad-2-pcs-.html,13990,13990,si,N/A
2026-09-23,20:16:35,airsoftrhino,Montura de casco con...,https://airsoftrhino.cl/cascos/3790-montura-de-casco-con-soporte-nvg-para-vision-nocturna-snv26.html,18990,18990,si,N/A
2026-09-23,20:16:35,airsoftrhino,TMC Porta torniquete rigido...,https://airsoftrhino.cl/pouch-bolsillos-tacticos/1923-916-tmc-porta-torniquete-rigido-tmc3539.html,8000,8000,si,N/A
2026-09-23,20:16:35,airsoftrhino,WADSN PRINCETON TEC Charge...,https://airsoftrhino.cl/cascos/3696-3432--princeton-tec-charge-mpls-ii-wd05008-bk.html,48000,48000,no,N/A
2026-09-23,20:16:35,airsoftrhino,Sling ring QD metal (ME04002),https://airsoftrhino.cl/holster-porta-replica/537-qd-sling-earmoury.html,6000,6000,si,N/A
2026-09-23,20:16:35,airsoftrhino,Helmet light set gen 3 (...,https://airsoftrhino.cl/liquidacion/4016-helmet-light-set-gen-3-wne05003-.html,18000,18000,no,N/A
2026-09-23,20:16:35,airsoftrhino,ASP Strap Sling For AEG...,https://airsoftrhino.cl/holster-porta-replica/2688-asp-strap-sling-for-aeg.html,7000,7000,no,N/A
2026-09-23,20:16:35,airsoftrhino,VLITE Helmet Light (TAN) (...,https://airsoftrhino.cl/equipamiento/4136-3271-vlite-helmet-light-tan-wzs001-.html,8990,8990,si,N/A
2026-09-23,20:16:35,airsoftrhino,Loop Sling GBB Buffer Stock...,https://airsoftrhino.cl/repuestos-gbb/3877-loop-sling-gbb-stock-buffer-tube-ambi-end-me4040.html,7990,7990,si,N/A
2026-09-23,20:16:35,airsoftrhino,TMC ATD Medic Pouch (TMC2917),https://airsoftrhino.cl/pouch-bolsillos-tacticos/1987-1547-tmc-atd-mdic-pouch-cb-.html,22000,22000,no,N/A
2026-09-23,20:16:35,airsoftrhino,Casco MICH 2000 airsoft...,https://airsoftrhino.cl/cascos/4316-casco-mich-2000-airsoft-version-ligera-04316.html,24990,24990,si,N/A
2026-09-23,20:16:35,airsoftrhino,Luz de casco Princeton Tec...,https://airsoftrhino.cl/cascos/4364-3605-wadsn-princeton-tec-charge-mpls-ii-wne05006-.html,29990,29990,si,N/A
2026-09-23,20:16:35,airsoftrhino,Montura QD para correa...,https://airsoftrhino.cl/holster-porta-replica/2201-3267-montura-m-lok-qd-para-correa-.html,12000,12000,si,N/A
2026-09-23,20:16:35,airsoftrhino,TAC-SKY adaptador EARMOR...,https://airsoftrhino.cl/cascos/4365-tac-sky-adaptador-earmor-riel-arc-wys0133-.html,29990,29990,si,N/A
2026-09-23,20:16:35,airsoftrhino,QD SLING SWIVEL ADAPTER...,https://airsoftrhino.cl/holster-porta-replica/2437--qd-sling-swivel-adapter-mount-20mm-picatinny.html,13000,13000,si,N/A
2026-09-23,20:16:35,airsoftrhino,TMC TACO 9mm Mag Pouch (...,https://airsoftrhino.cl/pouch-bolsillos-tacticos/2016-968-tmc-taco-9mm-mag-pouch-tmc3363-.html,15900,15900,si,N/A
2026-09-23,20:16:35,airsoftrhino,QD Sling Montura con Acople...,https://airsoftrhino.cl/holster-porta-replica/3684-montura-con-acople-tan-qd-daniel-def-logo-me04003-logo.html,13000,13000,si,N/A
2026-09-23,20:16:35,airsoftrhino,cinta adhesiva camuflaje,https://airsoftrhino.cl/ropa/4033-cinta-adhesiva-camuflaje-.html,6000,6000,si,N/A
2026-09-23,20:16:35,airsoftrhino,TMC TS TRIPLE M4 MAG Pouch...,https://airsoftrhino.cl/pouch-bolsillos-tacticos/2048--triple-m4-mag-pouch-tmc-multicam-.html,24000,24000,si,N/A
2026-09-23,20:16:35,airsoftrhino,Gorro transpirable,https://airsoftrhino.cl/ropa/4129-3555-gorra-transpirable-personalizable.html,6000,6000,si,N/A
2026-09-23,20:16:35,airsoftrhino,Cork Gear FL Style Drop...,https://airsoftrhino.cl/pouch-bolsillos-tacticos/2052-cork-gear-fl-style-drop-pouch-cog037.html,11990,11990,no,N/A
2026-09-23,20:16:35,airsoftrhino,Polera tactica manga larga...,https://airsoftrhino.cl/ropa/4198-3429-polera-tactica-manga-larga-negra.html,22000,22000,si,N/A
2026-09-23,20:16:35,airsoftrhino,Tactical Hunting Sling...,https://airsoftrhino.cl/holster-porta-replica/3704-tactical-hunting-sling-mount-me04045-bk.html,8000,8000,si,N/A
2026-09-23,20:16:35,airsoftrhino,The Black Ships 19 Foldable...,https://airsoftrhino.cl/pouch-bolsillos-tacticos/2053-2414-the-black-ships-19-foldable-drop-pouch-multicam-.html,22000,22000,si,N/A
2026-09-23,20:16:35,airsoftrhino,TMC Combat shirt G3 TAN (...,https://airsoftrhino.cl/ropa/4211-tmc-combat-shirt-g3-tan-talla-l-.html,35000,35000,si,N/A
2026-09-23,20:16:35,airsoftrhino,Tactical M4 Dual Side QD...,https://airsoftrhino.cl/holster-porta-replica/3878-tactical-m4-dual-side-qd-sling-mount-for-gbb-bk.html,18000,18000,si,N/A
2026-09-23,20:16:35,airsoftrhino,VOTAGOO® G3 Combat Uniform Set,https://airsoftrhino.cl/inicio/4292-3503-votagoo-g3-combat-uniform-set.html,119000,119000,si,N/A
2026-09-23,20:16:35,airsoftrhino,adaptador correa RSA,https://airsoftrhino.cl/holster-porta-replica/3889-adaptador-correa-rsa-6901234513554.html,6990,6990,no,N/A
2026-09-23,20:16:35,airsoftrhino,SRC MALETA RIGIDA PISTOLA...,https://airsoftrhino.cl/holster-porta-replica/1686-1154-src-maleta-rigida-20-315-cm-black-.html,16000,16000,si,N/A
2026-09-23,20:16:35,airsoftrhino,G SOTEC 2011 Pistol Vase,https://airsoftrhino.cl/holster-porta-replica/2992-g-sotec-2011-pistol-vase-.html,26000,26000,si,N/A
2026-09-23,20:16:35,airsoftrhino,Mochila porta replica,https://airsoftrhino.cl/holster-porta-replica/855-171-mochila-porta-replica.html,35000,35000,si,N/A
2026-09-23,20:16:35,airsoftrhino,Cork Gear KYWI Pistol Mag...,https://airsoftrhino.cl/pouch-bolsillos-tacticos/2346-cork-gear-kywi-pistol-mag-pouch-cog047-.html,9990,9990,si,N/A
2026-09-23,20:16:35,airsoftrhino,bolso porta replica (100 cm),https://airsoftrhino.cl/holster-porta-replica/2014-958-bolso-porta-replica-93-cm-.html,26000,26000,si,N/A
2026-09-23,20:16:35,airsoftrhino,bolso porta replica (120 cm),https://airsoftrhino.cl/holster-porta-replica/2602-1502-bolso-porta-replica-120-cm-.html,28000,28000,si,N/A
2026-09-23,20:16:35,airsoftrhino,TMC TS TRIPLE M4 MAG Pouch...,https://airsoftrhino.cl/pouch-bolsillos-tacticos/2350--triple-m4-mag-pouch-tmc-black-.html,16000,16000,si,N/A
2026-09-23,20:16:35,airsoftrhino,bolso porta replica (85 cm),https://airsoftrhino.cl/holster-porta-replica/2333-1308-bolso-porta-replica-85-cm.html,22990,22990,no,N/A
2026-09-23,20:16:35,airsoftrhino,bolso porta replica (90 cm),https://airsoftrhino.cl/repuestos-ctm-tac/2332-1307-bolso-porta-replica-90-cm.html,23990,23990,si,N/A
2026-09-23,20:16:35,airsoftrhino,bolso Porta Replica (100 cm),https://airsoftrhino.cl/holster-porta-replica/4107-3174-bolso-porta-replica-100-cm.html,24990,24990,si,N/A
2026-09-23,20:16:35,airsoftrhino,TMC HG style Dual Mag Pouch...,https://airsoftrhino.cl/pouch-bolsillos-tacticos/2412-1445-tmc-hg-style-dual-mag-pouch-tmc3357.html,29000,29000,si,N/A
2026-09-23,20:16:35,airsoftrhino,bolso porta replica (115cm),https://airsoftrhino.cl/holster-porta-replica/4108-3178-bolso-porta-replica-100cm-.html,25990,25990,si,N/A
2026-09-23,20:16:35,airsoftrhino,Cork Gear KYWI 556 Mag...,https://airsoftrhino.cl/pouch-bolsillos-tacticos/2413-1549-cork-gear-kywi-556-mag-pouch-cog051-.html,11000,11000,si,N/A
2026-09-23,20:16:35,airsoftrhino,bolso porta replica (120cm),https://airsoftrhino.cl/holster-porta-replica/4109-3183-bolso-porta-replica-120cm.html,27990,27990,si,N/A
2026-09-23,20:16:35,airsoftrhino,TMC 40MM SINGLE POUCH...,https://airsoftrhino.cl/pouch-bolsillos-tacticos/2414-tmc-40mm-single-pouch-multicam-.html,15000,15000,si,N/A
2026-09-23,20:16:35,airsoftrhino,TMC 6ID GP Pouch (TMC2731),https://airsoftrhino.cl/pouch-bolsillos-tacticos/2415-tmc-6id-gp-pouch-cb-.html,22000,22000,si,N/A
2026-09-23,20:16:35,airsoftrhino,TMC Kangaroo Insert - Small...,https://airsoftrhino.cl/pouch-bolsillos-tacticos/2527-tmc-kangaroo-insert-small-pocket-multicam-.html,18000,18000,si,N/A
2026-09-23,20:16:35,airsoftrhino,bolso porta replica molle...,https://airsoftrhino.cl/holster-porta-replica/2013-956-bolso-porta-replica-molle-120-cm.html,44990,44990,si,N/A
2026-09-23,20:16:35,airsoftrhino,The Black Ships MA-35A Drop...,https://airsoftrhino.cl/pouch-bolsillos-tacticos/2558--the-black-ships-ma-35a-drop-pouch-multicam.html,36000,36000,si,N/A
2026-09-23,20:16:35,airsoftrhino,SRC MALETA RIGIDA...,https://airsoftrhino.cl/holster-porta-replica/1684-1810-src-maleta-rigida-71x29x13cm-black.html,75000,75000,si,N/A
2026-09-23,20:16:35,airsoftrhino,SRC MALETA  RIGIDA 105x29x13cm,https://airsoftrhino.cl/holster-porta-replica/1683-1151-src-maleta-rigida-105x29x13cm-cm-black-.html,99990,99990,si,N/A
2026-09-23,20:16:35,airsoftrhino,CTM Holster AAP-01 para...,https://airsoftrhino.cl/holster-porta-replica/4260--holster-para-aap-01-para-zurdo-black-768689363051.html,32000,32000,si,N/A
2026-09-23,20:16:35,airsoftrhino,CTM Holster para Glock /...,https://airsoftrhino.cl/repuestos-ctm-tac/4261-ctm-holster-for-glock-aap01c-859188277823.html,29990,29990,si,N/A
2026-09-23,20:16:35,airsoftrhino,TMC TC 40mm Cart Pouch (...,https://airsoftrhino.cl/pouch-bolsillos-tacticos/2714-tmc-tc-40mm-cart-pouch-tmc3361-.html,32000,32000,si,N/A
2026-09-23,20:16:35,airsoftrhino,CTM Saf Angle System and...,https://airsoftrhino.cl/holster-porta-replica/4270-ctm-saf-angle-system-and-molle-panel-kit-768689367585.html,21990,21990,si,N/A
2026-09-23,20:16:35,airsoftrhino,VOTAGOO® QD 2 Point Sling,https://airsoftrhino.cl/inicio/4296-votagoo-qd-2-point-sling.html,35990,35990,si,N/A
2026-09-23,20:16:35,airsoftrhino,TMC Gear Retention Bands (...,https://airsoftrhino.cl/pouch-bolsillos-tacticos/2716-tmc-gear-retention-bands-multicam-.html,4500,4500,si,N/A
2026-09-23,20:16:35,airsoftrhino,TMC 973 Pouch (TMC2385),https://airsoftrhino.cl/pouch-bolsillos-tacticos/2878-tmc-973-pouch-matte-cb-tmc2385-cb.html,22000,22000,si,N/A
2026-09-23,20:16:35,airsoftrhino,TMC Hard Insert Dou Mag...,https://airsoftrhino.cl/pouch-bolsillos-tacticos/2879-tmc-hard-insert-dou-mag-pouch-multicam-tmc3077-mc.html,26000,26000,si,N/A
2026-09-23,20:16:35,airsoftrhino,TMC TC 9mm Duo Pouch (...,https://airsoftrhino.cl/pouch-bolsillos-tacticos/2881-tmc-tc-9mm-duo-pouch-tmc3353-.html,23990,23990,si,N/A
2026-09-23,20:16:35,airsoftrhino,TMC SUT Pouch (TMC3297),https://airsoftrhino.cl/pouch-bolsillos-tacticos/2888-tmc-sut-pouch-cb-tmc3297-cb.html,25990,25990,si,N/A
2026-09-23,20:16:35,airsoftrhino,TMC molle admin panel...,https://airsoftrhino.cl/pouch-bolsillos-tacticos/2889-tmc-f-molle-admin-panel-cb-tmc3633-cb.html,24900,24900,si,N/A
2026-09-23,20:16:35,airsoftrhino,TMC DOPE Insert for...,https://airsoftrhino.cl/pouch-bolsillos-tacticos/2890-1683-tmc-dope-insert-for-submachine-gun-magazie-tmc3647-.html,14900,14900,si,N/A
2026-09-23,20:16:35,airsoftrhino,TMC DOPE Insert for 9mm Mag...,https://airsoftrhino.cl/pouch-bolsillos-tacticos/2891-tmc-dope-insert-for-9mm-mag-tmc3651.html,8600,8600,si,N/A
2026-09-23,20:16:35,airsoftrhino,Cork Gear ETK EXPEDITION...,https://airsoftrhino.cl/pouch-bolsillos-tacticos/2910-1755-cork-gear-etk-expedition-trauma-kit-cog057.html,16000,16000,si,N/A
2026-09-23,20:16:35,airsoftrhino,TMC TY Dump Pouch (TMC2839),https://airsoftrhino.cl/pouch-bolsillos-tacticos/3219-1960-tmc-ty-dump-pouch-cb-.html,16000,16000,si,N/A
2026-09-23,20:16:35,airsoftrhino,soporte celular plegable (...,https://airsoftrhino.cl/pouch-bolsillos-tacticos/3183-2935-pouch-navegacion-plegable-soporte-telefono-mb-03-.html,18000,18000,si,N/A
2026-09-23,20:16:35,airsoftrhino,TMC Velcro holder for...,https://airsoftrhino.cl/pouch-bolsillos-tacticos/3135-tmc-velcro-holder-for-combat-shirt-multicam-tmc2619-mc-003135.html,9990,9990,si,N/A
2026-09-23,20:16:35,airsoftrhino,GF Tactical Gear G2 Phone...,https://airsoftrhino.cl/pouch-bolsillos-tacticos/3133-gf-tactical-gear-g2-phone-case-gf-g2c-.html,35990,35990,si,N/A
2026-09-23,20:16:35,airsoftrhino,TMC Inner Mag MP7 (TMC1789),https://airsoftrhino.cl/pouch-bolsillos-tacticos/3072-tmc-inner-mag-pouch-for-6094-plate-carrier.html,16000,16000,si,N/A
2026-09-23,20:16:35,airsoftrhino,TMC FlipLite Chest...,https://airsoftrhino.cl/pouch-bolsillos-tacticos/3060-1753-tmc-fliplite-chest-smartphone-mount-rg-mcbk.html,29000,29000,si,N/A
2026-09-23,20:16:35,airsoftrhino,POUCH PORTA GRANADA (...,https://airsoftrhino.cl/pouch-bolsillos-tacticos/3044-1734-pouch-porta-granada-.html,7000,7000,si,N/A
2026-09-23,20:16:35,airsoftrhino,TMC K Style Galaxy S7...,https://airsoftrhino.cl/liquidacion/1736-tmc-k-style-s7-phone-case-no-marking-de-.html,14000,14000,si,N/A
2026-09-23,20:16:35,airsoftrhino,TMC JT Pouch ( TMC3683 ),https://airsoftrhino.cl/pouch-bolsillos-tacticos/3301-tmc-jt-pouch-tmc3683-.html,26000,26000,si,N/A
2026-09-23,20:16:35,airsoftrhino,Cork Gear BRS style Dual...,https://airsoftrhino.cl/pouch-bolsillos-tacticos/3472-cork-gear-brs-style-dual-pistol-mag-pouch-rb-revision-cog073-.html,11990,11990,si,N/A
2026-09-23,20:16:35,airsoftrhino,TMC Radio Chassis pouch...,https://airsoftrhino.cl/pouch-bolsillos-tacticos/3477-2161-tmc-multi-platform-radio-pouch-multicam-tmc3671.html,28000,28000,si,N/A
2026-09-23,20:16:35,airsoftrhino,Cork Gear Single Mag Pouch...,https://airsoftrhino.cl/pouch-bolsillos-tacticos/3605-cork-gear-single-mag-pouch-cog021-.html,11990,11990,si,N/A
2026-09-23,20:16:35,airsoftrhino,TMC TEAR Front Flap (...,https://airsoftrhino.cl/pouch-bolsillos-tacticos/3606-tmc-tear-front-flap-tmc3669-.html,32000,32000,si,N/A
2026-09-23,20:16:35,airsoftrhino,TMC Tourniquet Holder...,https://airsoftrhino.cl/pouch-bolsillos-tacticos/3608-tmc-tourniquet-holder-mc-.html,8000,8000,si,N/A
2026-09-23,20:16:35,airsoftrhino,Cork Gear LC Mag Pouch...,https://airsoftrhino.cl/pouch-bolsillos-tacticos/3728-cork-gear-lc-mag-pouch-pancel-cog077-.html,16000,16000,si,N/A
2026-09-23,20:16:35,airsoftrhino,TMC Low Profile Admin Pouch...,https://airsoftrhino.cl/pouch-bolsillos-tacticos/3742-2388-tmc-low-profile-admin-pouch-multicam-tmc-3393.html,34990,34990,si,N/A
2026-09-23,20:16:35,airsoftrhino,TMC Tri QD Pouch for JPC2...,https://airsoftrhino.cl/pouch-bolsillos-tacticos/3847-tmc-tri-qd-pouch-for-jpc2-avs-spc-multicam-.html,34000,34000,si,N/A
2026-09-23,20:16:35,airsoftrhino,TMC funda doble cargador...,https://airsoftrhino.cl/pouch-bolsillos-tacticos/3911-tmc-double-mag-pouch-for-hk417-magazine-tmc2463.html,13000,13000,si,N/A
2026-09-23,20:16:35,airsoftrhino,porta esposas,https://airsoftrhino.cl/pouch-bolsillos-tacticos/2188-3254-porta-esposas.html,9000,9000,si,N/A
2026-09-23,20:16:35,airsoftrhino,TMC Spitfire Kangaroo...,https://airsoftrhino.cl/pouch-bolsillos-tacticos/3846-tmc-spitfire-kangaroo-magazine-flap-tmc3427.html,39990,39990,si,N/A
2026-09-23,20:16:35,airsoftrhino,TMC TY Utility Pouch (TMC2727),https://airsoftrhino.cl/pouch-bolsillos-tacticos/3845-2440-tmc-ty-utility-pouch-tmc2727.html,19990,19990,si,N/A
2026-09-23,20:16:35,airsoftrhino,TMC Multi Platform Radio...,https://airsoftrhino.cl/pouch-bolsillos-tacticos/3844-tmc-multi-platform-radio-pouch-tmc3671-.html,18000,18000,si,N/A
2026-09-23,20:16:35,airsoftrhino,TMC TORNIQUETE Medical...,https://airsoftrhino.cl/pouch-bolsillos-tacticos/3843-tmc-tourniquet-medical-pouch-a1.html,12000,12000,si,N/A
2026-09-23,20:16:35,airsoftrhino,TMC MS2000 IR STROBE POUCH...,https://airsoftrhino.cl/pouch-bolsillos-tacticos/645-tmc-ms2000-ir-strobe-pouch-multicam-.html,22000,22000,si,N/A
2026-09-23,20:16:35,airsoftrhino,Pouch porta celular ( A552 ),https://airsoftrhino.cl/pouch-bolsillos-tacticos/4055-3118-pouch-mag-m4.html,4500,4500,si,N/A
2026-09-23,20:16:35,airsoftrhino,Porta radio ( YF0018 ),https://airsoftrhino.cl/pouch-bolsillos-tacticos/4128-3243-porta-radio-yf0018-.html,4500,4500,si,N/A
2026-09-23,20:16:35,airsoftrhino,VOTAGOO® Tactical EDC Pouch,https://airsoftrhino.cl/inicio/4293-votagoo-tactical-edc-pouch.html,16900,16900,si,N/A
2026-09-23,20:16:35,airsoftrhino,VOTAGOO® IFAK Pouch COLOR,https://airsoftrhino.cl/inicio/4294-3509-votagoo-ifak-pouch-.html,19990,19990,si,N/A
2026-09-23,20:16:35,airsoftrhino,VOTAGOO® Tactical Moll IFAK...,https://airsoftrhino.cl/inicio/4295-votagoo-tactical-moll-ifak-pouch.html,22000,22000,si,N/A
2026-09-23,20:16:35,airsoftrhino,Bombona Co2 12gr,https://airsoftrhino.cl/gas/202-bombona-co2-12gr.html,800,800,si,N/A
2026-09-23,20:16:35,airsoftrhino,Bateria Lipo 11.1v 1300mA...,https://airsoftrhino.cl/baterias/197-bateria-74-v-2020002011116.html,18000,18000,si,N/A
2026-09-23,20:16:35,airsoftrhino,BLS 0.20 gr. precision blancos,https://airsoftrhino.cl/balines-bbs/2801-bls-020-gr-precision-blancos.html,9500,9500,no,N/A
2026-09-23,20:16:35,airsoftrhino,Cargador de gas ajustable...,https://airsoftrhino.cl/gas/2257-cargador-de-gas-ajustable-pps-para-cartuchos-de-co2-de-12-g-con-indicador-psi.html,55000,55000,si,N/A
2026-09-23,20:16:35,airsoftrhino,Action Army Japan gear...,https://airsoftrhino.cl/lubricantes/1270-action-army-japan-gear-grease-a08-001-.html,9000,9000,si,N/A
2026-09-23,20:16:35,airsoftrhino,Cargador Bateria Lipo 7.4v...,https://airsoftrhino.cl/baterias/203-cargador-baterias-lipo.html,11990,11990,si,N/A
2026-09-23,20:16:35,airsoftrhino,SET DE GRASA SILICONA Y...,https://airsoftrhino.cl/lubricantes/2743-set-de-grasa-silicona-y-ptfe-aim-top-.html,16000,16000,si,N/A
2026-09-23,20:16:35,airsoftrhino,Walther Airsoft Premium...,https://airsoftrhino.cl/insumos/2469--walther-airsoft-premium-green-gas.html,11990,11990,si,N/A
2026-09-23,20:16:35,airsoftrhino,BLS 0.25 gr. precision blancos,https://airsoftrhino.cl/balines-bbs/2185--bls-025gr-precision-blancos.html,10000,10000,si,N/A
2026-09-23,20:16:35,airsoftrhino,GREEN GAS ELITE FORCE...,https://airsoftrhino.cl/gas/3240-elite-force-130psi-green-gas-600ml.html,14900,14900,si,N/A
2026-09-23,20:16:35,airsoftrhino,BLS 0.28 gr. precision blancos,https://airsoftrhino.cl/balines-bbs/2187-bls-028-gr-precision-blancos.html,12000,12000,si,N/A
2026-09-23,20:16:35,airsoftrhino,2 Baterias Cr123a 16340...,https://airsoftrhino.cl/baterias/1083-2-baterias-cr123a-16340-37v-600mah-recargables.html,7000,7000,si,N/A
2026-09-23,20:16:35,airsoftrhino,Green Gas Elite Force 150...,https://airsoftrhino.cl/gas/3706-green-gas-elite-force-150-psi-600ml-siliconado.html,14900,14900,si,N/A
2026-09-23,20:16:35,airsoftrhino,BLS 0.30gr. precision blancos,https://airsoftrhino.cl/balines-bbs/1758-balines-bls-de-precision-blancos-030gr.html,16000,16000,si,N/A
2026-09-23,20:16:35,airsoftrhino,KIT DE HPA PARA GLOCK /...,https://airsoftrhino.cl/gas/3444-kit-de-hpa-tanque-de-acero-.html,290000,290000,si,N/A
2026-09-23,20:16:35,airsoftrhino,BATERÍA LIPO 7.4v 1500mAh...,https://airsoftrhino.cl/baterias/1853-bateria-lipo-74v-1500mah-25c-zop-power-mini-tamiya.html,18000,18000,si,N/A
2026-09-23,20:16:35,airsoftrhino,BLS 0.32gr. precisión blancos,https://airsoftrhino.cl/balines-bbs/1759-balines-bls-de-precision-blancos-032gr.html,18000,18000,si,N/A
2026-09-23,20:16:35,airsoftrhino,Aim Top Formula G Alcohol...,https://airsoftrhino.cl/insumos/3136-aim-top-formula-g-alcohol-aniti-freeze-suplemento-aditivo-para-cargadores-de-gas.html,7990,7990,si,N/A
2026-09-23,20:16:35,airsoftrhino,BLS 0.36gr. precisión blancos,https://airsoftrhino.cl/balines-bbs/1760--balines-bls-de-precision-blancos-036gr.html,33000,33000,si,N/A
2026-09-23,20:16:35,airsoftrhino,4uantum smooth /...,https://airsoftrhino.cl/lubricantes/3503-4uantum-smooth-performance-lubricant.html,12890,12890,no,N/A
2026-09-23,20:16:35,airsoftrhino,BLS 0.40g Precision Marfil,https://airsoftrhino.cl/balines-bbs/2519-bls-040g-precision-marfil-.html,43000,43000,si,N/A
2026-09-23,20:16:35,airsoftrhino,4uantum speed,https://airsoftrhino.cl/lubricantes/3504-4uantum-speed-axle-oil.html,9890,9890,si,N/A
2026-09-23,20:16:35,airsoftrhino,PACK DE PILAS CR2032 Panasonic,https://airsoftrhino.cl/insumos/1865-pack-de-pilas-cr2032.html,8000,8000,si,N/A
2026-09-23,20:16:35,airsoftrhino,4uantum gear (lubricante de...,https://airsoftrhino.cl/lubricantes/3505-4uantum-gear-heat-resistant-gear-lubricant.html,9990,9990,si,N/A
2026-09-23,20:16:35,airsoftrhino,BLS 0.45gr. precision marfil,https://airsoftrhino.cl/balines-bbs/984-balines-bls-de-precision-blancos-045gr.html,52000,52000,si,N/A
2026-09-23,20:16:35,airsoftrhino,4uantum seal (sellante para...,https://airsoftrhino.cl/lubricantes/3506-4uantum-seal-airtight-sealant.html,9990,9990,si,N/A
2026-09-23,20:16:35,airsoftrhino,BLS 0.48gr. precision marfil,https://airsoftrhino.cl/balines-bbs/1757-balines-bls-de-precision-blancos-048gr.html,56000,56000,no,N/A
2026-09-23,20:16:35,airsoftrhino,BLS 0.25g Trazador AZUL –...,https://airsoftrhino.cl/balines-bbs/4257-bls-025g-trazador-azul-botella-de-3400bbs.html,27990,27990,si,N/A
2026-09-23,20:16:35,airsoftrhino,4UANTUM LOCK THREAD LOCKER,https://airsoftrhino.cl/lubricantes/3507-4uantum-lock-thread-locker.html,7990,7990,si,N/A
2026-09-23,20:16:35,airsoftrhino,PACK DE PILAS LR44,https://airsoftrhino.cl/baterias/1880-pack-de-pilas-lr44.html,6000,6000,si,N/A
2026-09-23,20:16:35,airsoftrhino,Aim Top silicona de alta...,https://airsoftrhino.cl/lubricantes/3595-aim-top-silicona-de-alta-concentracion-para-aeg-gbb-50ml-gs-10--859188395725.html,9000,9000,si,N/A
2026-09-23,20:16:35,airsoftrhino,BLS trazadores verde 0.25 gr.,https://airsoftrhino.cl/balines-bbs/985-balines-trazadores-bls-verde-025-gr.html,28000,28000,si,N/A
2026-09-23,20:16:35,airsoftrhino,AIM Advanced Silicone Oil /...,https://airsoftrhino.cl/lubricantes/3596-aim-advanced-silicone-oil-grease-spray-set.html,24000,24000,si,N/A
2026-09-23,20:16:35,airsoftrhino,BLS trazadores rojo 0.25 gr.,https://airsoftrhino.cl/balines-bbs/986-balines-trazadores-bls-rojo-025-gr.html,30000,30000,si,N/A
2026-09-23,20:16:35,airsoftrhino,PROMOCION BALIN 0.28g BLS +...,https://airsoftrhino.cl/inicio/4281-promosion-balin-028-bls-cantimplra-bls-.html,14000,14000,si,N/A
2026-09-23,20:16:35,airsoftrhino,Silicona Defensor 25 ml,https://airsoftrhino.cl/lubricantes/3794-silicona-defensor-25-ml.html,4000,4000,si,N/A
2026-09-23,20:16:35,airsoftrhino,BLS 0.25g Botella 3400bbs...,https://airsoftrhino.cl/balines-bbs/4255-bls-025g-botella-3400bbs-supreme-grade.html,8500,8500,si,N/A
2026-09-23,20:16:35,airsoftrhino,UMAREX Spray de Silicona 200ml,https://airsoftrhino.cl/lubricantes/4047-lubricante-para-replicas-multi-care-spray-de-silicona-200ml-4000844610034.html,13990,13990,si,N/A
2026-09-23,20:16:35,airsoftrhino,BLS 0.20g Botella 3400bbs...,https://airsoftrhino.cl/balines-bbs/4256-bls-020g-botella-3400bbs-supreme-grade.html,6990,6990,si,N/A
2026-09-23,20:16:35,airsoftrhino,AIP Gear Grease 10g,https://airsoftrhino.cl/lubricantes/4169-aip-gear-grease-10g.html,9000,9000,si,N/A
2026-09-23,20:16:35,airsoftrhino,Cargador de baterias Li-ion...,https://airsoftrhino.cl/baterias/2552-cargador-de-baterias-li-ion--7885611702825.html,8000,8000,si,N/A
2026-09-23,20:16:35,airsoftrhino,Lubricante de silicona...,https://airsoftrhino.cl/lubricantes/4305-lubricante-de-silicona-perfecto.html,12000,12000,si,N/A
2026-09-23,20:16:35,airsoftrhino,Cargador de baterias Li-ion...,https://airsoftrhino.cl/baterias/2553-cargador-de-baterias-li-ion.html,7500,7500,si,N/A
2026-09-23,20:16:35,airsoftrhino,BBs King Arms 0.36g,https://airsoftrhino.cl/balines-bbs/4036-bbs-king-arms-036g.html,15000,15000,si,N/A
2026-09-23,20:16:35,airsoftrhino,MADBULL 0.40g Ultimate...,https://airsoftrhino.cl/balines-bbs/4035-madbull-050g-ultimate-stainless-bbs.html,25000,25000,no,N/A
2026-09-23,20:16:35,airsoftrhino,CARGADOR BALANCEADOR...,https://airsoftrhino.cl/baterias/3445-cargador-balanceador-victory-battery.html,19990,19990,si,N/A
2026-09-23,20:16:35,airsoftrhino,Bateria LIPO 11.1V 1500 mah...,https://airsoftrhino.cl/baterias/3446-bateria-victory-battery-lipo-111v-1500-mah-15c.html,24990,24990,no,N/A
2026-09-23,20:16:35,airsoftrhino,bolsa de seguridad para...,https://airsoftrhino.cl/baterias/3980-bolsa-de-seguridad-para-baterias-lipo.html,9990,9990,no,N/A
2026-09-23,20:16:35,airsoftrhino,Batería LIPO 11.1V 1300 MAH...,https://airsoftrhino.cl/baterias/3981-bateria-lipo-111v-1300-mah-20c.html,24990,24990,si,N/A
2026-09-23,20:16:35,airsoftrhino,Speedloader / Cargador...,https://airsoftrhino.cl/insumos/3310-400-rounds-bb-loader-src-p-107.html,6000,6000,si,N/A
2026-09-23,20:16:35,airsoftrhino,PEQ-15 - Caja Porta bateria...,https://airsoftrhino.cl/baterias/1992-914-peq-15-caja-porta-bateria-para-aeg-ex1401t-.html,8000,8000,si,N/A
2026-09-23,20:16:35,airsoftrhino,MAWL-C1 Battery Case...,https://airsoftrhino.cl/baterias/2899-1685-mawl-c1-battery-case-modular-dummy-ex-025-.html,17900,17900,si,N/A
2026-09-23,20:16:35,airsoftrhino,Speed Loader con botella...,https://airsoftrhino.cl/balines-bbs/2192-1186--speed-loader-con-botella-3000-rondas-6-mm-bbs-cargador-m4-manivela-.html,22000,22000,si,N/A
2026-09-23,20:16:35,airsoftrhino,BATERiA LIPO 11.1v 1300mAh...,https://airsoftrhino.cl/baterias/4188-bateria-lipo-111v-1300mah-25c-zop-power-mini-tamiya-nunchuk-2020002021115.html,18000,18000,no,N/A
2026-09-23,20:16:35,airsoftrhino,Bateria 11.1v 3.000mAh...,https://airsoftrhino.cl/baterias/4208-bateria-111v-3000mah-lapiz-tamiya-litio-valkiria.html,35990,35990,no,N/A
2026-09-23,20:16:35,airsoftrhino,Bateria 7.4v 3.000mAh Deans...,https://airsoftrhino.cl/baterias/4210-bateria-74v-3000mah-deans-lapiz-litio-valkiria.html,35990,35990,no,N/A
2026-09-23,20:16:35,airsoftrhino,Bateria 11.1v 3.000mAh...,https://airsoftrhino.cl/baterias/4254-bateria-111v-3000mah-lapiz-deans-litio-valkiria.html,35990,35990,si,N/A
2026-09-23,20:16:35,airsoftrhino,maxell CR1632,https://airsoftrhino.cl/baterias/4258-maxell-cr1632.html,8000,8000,si,N/A
2026-09-23,20:16:35,airsoftrhino,Skyrc B6 Neo Cargador de...,https://airsoftrhino.cl/inicio/4301-skyrc-b6-neo-smart-charger-lipo-battery-balance-charger.html,59990,59990,si,N/A
2026-09-23,20:16:35,airsoftrhino,BATERiA LIPO 7.4v 1500mAh...,https://airsoftrhino.cl/baterias/4315-bateria-lipo-74v-1500mah-25c-zop-power-mini-tamiya-nunchuk-2020002012748.html,18000,18000,si,N/A
2026-09-23,20:16:35,airsoftrhino,Bateria LiPo 11.1V 1100mAh...,https://airsoftrhino.cl/baterias/4357-bateria-lipo-111v-1100mah-20c-victory-battery.html,22990,22990,si,N/A
2026-09-23,20:16:35,airsoftrhino,Maple Leaf Glock Chamber...,https://airsoftrhino.cl/respuestos-maple-leaf-y-t-nt/1806-maple-leaf-glock-chamber-set-crazy-jet-97mm-rubber-60-macaron.html,64990,64990,si,N/A
2026-09-23,20:16:35,airsoftrhino,Maple Leaf Glock Chamber...,https://airsoftrhino.cl/respuestos-maple-leaf-y-t-nt/2707-maple-leaf-glock-chamber-set-crazy-jet-84mm-rubber-60-macaron.html,64990,64990,si,N/A
2026-09-23,20:16:35,airsoftrhino,Valvula AAC21 CO2 ( B03-009 ),https://airsoftrhino.cl/repuestos-action-army/492-valvula-aac21-co2-b03-009-.html,11990,11990,si,N/A
2026-09-23,20:16:35,airsoftrhino,"""BUFF"" Short Stroke Kit...",https://airsoftrhino.cl/repuestos-gbb/2515-buff-short-stroke-kit-glock--5060929930319.html,14990,14990,si,N/A
2026-09-23,20:16:35,airsoftrhino,Gatillo reforzado VSR-10...,https://airsoftrhino.cl/repuestos-action-army/496-gatillo-reforzado-vsr-10-b01-011-90-.html,130000,130000,si,N/A
2026-09-23,20:16:35,airsoftrhino,CTM AAP-01/C Stainless...,https://airsoftrhino.cl/repuestos-ctm-tac/4262-ctm-aap-01c-stainless-steel-hammer-15-piece-v2-768689365604.html,69990,69990,si,N/A
2026-09-23,20:16:35,airsoftrhino,GATE USB-Link para Software...,https://airsoftrhino.cl/gate/2489-gate-usb-link.html,31500,31500,si,N/A
2026-09-23,20:16:35,airsoftrhino,Action Army VSR-10 Hop-Up...,https://airsoftrhino.cl/repuestos-action-army/497-chamber-para-hopup-action-army-vsr10-t10.html,65000,65000,no,N/A
2026-09-23,20:16:35,airsoftrhino,CTM AAP-01/C 7075 Aluminio...,https://airsoftrhino.cl/repuestos-ctm-tac/4263-ctm-aap-01c-7075-aluminio-electroplate-handle-gold--768689369473.html,29990,29990,si,N/A
2026-09-23,20:16:35,airsoftrhino,GATE Blu-Link,https://airsoftrhino.cl/gate/2491-gate-blu-link.html,64500,64500,si,N/A
2026-09-23,20:16:35,airsoftrhino,CTM Stainless Steel...,https://airsoftrhino.cl/repuestos-ctm-tac/4264-stainless-steel-easy-pull-trigger-spring-768689356541.html,6990,6990,si,N/A
2026-09-23,20:16:35,airsoftrhino,Maple Leaf Cañon Crazy Jet...,https://airsoftrhino.cl/respuestos-maple-leaf-y-t-nt/1809-maple-leaf-canon-crazy-jet-97mm-para-pistolas-gbb.html,30000,30000,no,N/A
2026-09-23,20:16:35,airsoftrhino,Action Army - Resorte de...,https://airsoftrhino.cl/repuestos-action-army/500-action-army-resorte-de-gatillo-vsr10-b01-016-.html,4500,4500,si,N/A
2026-09-23,20:16:35,airsoftrhino,SRC Pins para M4/M16 (...,https://airsoftrhino.cl/repuestos-aeg/417-src-pins-para-m4m16-sm4-26--4715997070436.html,8000,8000,si,N/A
2026-09-23,20:16:35,airsoftrhino,CTM Muelle de martillo...,https://airsoftrhino.cl/repuestos-ctm-tac/4265-ctm-muelle-de-martillo-reforzado-y-muelle-de-fiador-del-martillo-para-aap-01c-768689358378.html,6990,6990,si,N/A
2026-09-23,20:16:35,airsoftrhino,Conector T-Dean,https://airsoftrhino.cl/repuestos-aeg/256-conector-t-aeg.html,3000,3000,si,N/A
2026-09-23,20:16:35,airsoftrhino,CTM Gatillo ajustable de...,https://airsoftrhino.cl/repuestos-ctm-tac/4266-3474-ctm-gatillo-ajustable-de-aluminio-cnc-aap-01c-.html,24990,24990,si,N/A
2026-09-23,20:16:35,airsoftrhino,Maple Leaf Cañon Crazy Jet...,https://airsoftrhino.cl/respuestos-maple-leaf-y-t-nt/2079-maple-leaf-canon-crazy-jet-117mm-para-pistolas-gbb.html,30000,30000,si,N/A
2026-09-23,20:16:35,airsoftrhino,Action Army Adaptador HPA...,https://airsoftrhino.cl/repuestos-action-army/502-action-army-adaptador-hpa-eu-para-kjwe-a11-002-.html,14500,14500,si,N/A
2026-09-23,20:16:35,airsoftrhino,Action Army Resorte M100 AEG,https://airsoftrhino.cl/repuestos-aeg/498-action-army-resorte-m100-aeg.html,14000,14000,si,N/A
2026-09-23,20:16:35,airsoftrhino,CTM AAP-01/C CNC Aluminium...,https://airsoftrhino.cl/repuestos-ctm-tac/4267-3479-ctm-aap-01c-cnc-aluminium-guide-rod-v2.html,17990,17990,si,N/A
2026-09-23,20:16:35,airsoftrhino,T238 J-Caged Ball Bearing -...,https://airsoftrhino.cl/t238/4235-t238-ball-bearing-8mm.html,19990,19990,si,N/A
2026-09-23,20:16:35,airsoftrhino,FUTURE ENERGY MAG LIP M1911...,https://airsoftrhino.cl/repuestos-gbb/2639-future-energy-mag-lip-m1911-meu-fe-ugpt-0011-.html,7000,7000,no,N/A
2026-09-23,20:16:35,airsoftrhino,Maple Leaf Cañon Crazy Jet...,https://airsoftrhino.cl/respuestos-maple-leaf-y-t-nt/1810-maple-leaf-canon-crazy-jet-131mm-para-aac-aap-01.html,38000,38000,no,N/A
2026-09-23,20:16:35,airsoftrhino,Resorte M140 AEG Action Army,https://airsoftrhino.cl/repuestos-aeg/619-resorte-m140-aeg-action-army.html,14000,14000,si,N/A
2026-09-23,20:16:35,airsoftrhino,CTM Nozzle Block CNC AAP-01/C,https://airsoftrhino.cl/repuestos-ctm-tac/4268-3482-ctm-nozzle-block-cnc-aap-01c.html,13990,13990,si,N/A
2026-09-23,20:16:35,airsoftrhino,T238 J-Caged Ball Bearing -...,https://airsoftrhino.cl/t238/4236--t238-ball-bearing-9mm.html,19990,19990,si,N/A
2026-09-23,20:16:35,airsoftrhino,SRC SET DE NOZZLE + housing...,https://airsoftrhino.cl/repuestos/2640-src-set-de-nozzle-housing-sr92.html,22000,22000,si,N/A
2026-09-23,20:16:35,airsoftrhino,Action Army VSR-10 Hop-Up...,https://airsoftrhino.cl/repuestos-action-army/508-action-army-vsr-10-hop-up-chamber-stopper-b01-017-.html,4500,4500,si,N/A
2026-09-23,20:16:35,airsoftrhino,CTM CNC Enlarged Upper Lock...,https://airsoftrhino.cl/repuestos-ctm-tac/4269-3487-ctm-cnc-enlarged-upper-lock-for-aap01c.html,11990,11990,si,N/A
2026-09-23,20:16:35,airsoftrhino,Pist0n con fibra de nylon...,https://airsoftrhino.cl/repuestos-action-army/504-piston-con-fibra-de-nylon-action-army.html,15000,15000,si,N/A
2026-09-23,20:16:35,airsoftrhino,Goma Hop Up VSR-10 Action...,https://airsoftrhino.cl/repuestos-action-army/510-goma-hop-up-vsr10-action-army-b01-006-.html,7000,7000,si,N/A
2026-09-23,20:16:35,airsoftrhino,CTM Enhanced Nozzle Set For...,https://airsoftrhino.cl/repuestos-ctm-tac/4283-ctm-enhanced-nozzle-set-for-aap-01-768689358910.html,29990,29990,si,N/A
2026-09-23,20:16:35,airsoftrhino,Maple Leaf Cañon Crazy Jet...,https://airsoftrhino.cl/respuestos-maple-leaf-y-t-nt/2081-maple-leaf-canon-crazy-jet-370mm-para-gbb-ml-cj370-.html,69990,69990,no,N/A
2026-09-23,20:16:35,airsoftrhino,Cableado trasero switch V2...,https://airsoftrhino.cl/repuestos-aeg/979-cableado-trasero-switch-v2-de-baja-resistencia-pw0204-.html,11990,11990,si,N/A
2026-09-23,20:16:35,airsoftrhino,Action Army Resorte para...,https://airsoftrhino.cl/repuestos-action-army/512-action-army-resorte-para-l96-marui-m130.html,13990,13990,si,N/A
2026-09-23,20:16:35,airsoftrhino,VALVULA DE ENTRADA PARA...,https://airsoftrhino.cl/repuestos-gbb/2645-valvula-de-entrada-para-hi-capa-src-.html,8000,8000,si,N/A
2026-09-23,20:16:35,airsoftrhino,Gear delayer G2 ( IN0914 ),https://airsoftrhino.cl/repuestos-aeg/981-gear-delayer-g2-in0914-.html,4000,4000,si,N/A
2026-09-23,20:16:35,airsoftrhino,Maple Leaf Crazy Jet 510mm...,https://airsoftrhino.cl/repuestos-sniper/3224-maple-leaf-crazy-jet-510mm.html,72000,72000,no,N/A
2026-09-23,20:16:35,airsoftrhino,GATE EON POWER HYBRID...,https://airsoftrhino.cl/gate/2863-eon-power-hybrid-piston-head-cnc-rev-3-ph-ph3--5904121821221.html,28000,28000,no,N/A
2026-09-23,20:16:35,airsoftrhino,SRC BASE MAGAZINE HI-CAPA,https://airsoftrhino.cl/repuestos-gbb/2646-base-para-magazine-hi-capa-src.html,6000,6000,si,N/A
2026-09-23,20:16:35,airsoftrhino,Set shimming para réplica...,https://airsoftrhino.cl/repuestos-aeg/982-set-shimming-para-replica-aeg.html,6000,6000,si,N/A
2026-09-23,20:16:35,airsoftrhino,GATE EON PROTECTOR Cylinder...,https://airsoftrhino.cl/gate/2864-eon-protector-cylinder-head-cnc-rev-3-ch-p3--5904121821238.html,28000,28000,si,N/A
2026-09-23,20:16:35,airsoftrhino,Cabeza Cilindro para M14 (...,https://airsoftrhino.cl/repuestos-action-army/518-cabeza-cilindro-para-m14-a02-004-.html,11990,11990,si,N/A
2026-09-23,20:16:35,airsoftrhino,adaptador bipode L96 WELL,https://airsoftrhino.cl/repuestos-sniper/3934-adaptador-bipode-l96-well.html,18000,18000,si,N/A
2026-09-23,20:16:35,airsoftrhino,GATE MOSFET PicoSSR 3,https://airsoftrhino.cl/gate/2865-gate-mosfet-picossr-3-5904730532020.html,19890,19890,si,N/A
2026-09-23,20:16:35,airsoftrhino,Ice Pick Gbb Flute Valve...,https://airsoftrhino.cl/repuestos-gbb/2734-ice-pick-gbb-flute-valve-system-evolution-pi-032--4712472371514.html,22990,22990,si,N/A
2026-09-23,20:16:35,airsoftrhino,Metal Shim Set ( IN0911 ),https://airsoftrhino.cl/repuestos-aeg/1149-metal-shim-set-in0911-.html,6000,6000,si,N/A
2026-09-23,20:16:35,airsoftrhino,Ice Pick GBB Flute Valve...,https://airsoftrhino.cl/repuestos-gbb/2735-ice-pick-gbb-flute-valve-system-gold-pi-004--4712472371040.html,26990,26990,si,N/A
2026-09-23,20:16:35,airsoftrhino,SHS 8mm Ball bushing,https://airsoftrhino.cl/repuestos-aeg/1153-shs-steel-8mm-ball-bearing-bushing-6-pcs.html,7990,7990,si,N/A
2026-09-23,20:16:35,airsoftrhino,Action Army Silencer...,https://airsoftrhino.cl/repuestos-action-army/520-extensor-barrel-vsr10-action-army.html,9000,9000,si,N/A
2026-09-23,20:16:35,airsoftrhino,GATE Mini Fusible [2 pcs],https://airsoftrhino.cl/gate/2867-gate-mini-fusible-2-pcs--5904730532044.html,3500,3500,si,N/A
2026-09-23,20:16:35,airsoftrhino,SRC CABEZA CILINDRO M4 /...,https://airsoftrhino.cl/repuestos-aeg/1640-src-cabeza-cilindro-m4-m16-up-02--4715997070962.html,13900,13900,si,N/A
2026-09-23,20:16:35,airsoftrhino,T238 Juego de...,https://airsoftrhino.cl/t238/4273-t238-juego-de-destornilladores-profesionales-titanio-6-piezas.html,25000,25000,si,N/A
2026-09-23,20:16:35,airsoftrhino,Turbo Valve GBB Magazine...,https://airsoftrhino.cl/repuestos-gbb/2737-turbo-valve-gbb-magazine-output-valve-shim-for-we-pi-002--4712472371026.html,19000,19000,si,N/A
2026-09-23,20:16:35,airsoftrhino,SRC CABEZA DE PISTON DE...,https://airsoftrhino.cl/repuestos-aeg/1641-src-cabeza-de-piston-de-aluminio-rodamientos-up-05--4715997070979.html,13000,13000,si,N/A
2026-09-23,20:16:35,airsoftrhino,Action Army Reinforced...,https://airsoftrhino.cl/repuestos-action-army/610-action-army-reinforced-piston-for-vsr-10-90-b01-015-.html,45000,45000,si,N/A
2026-09-23,20:16:35,airsoftrhino,T238 Juego de galgas de...,https://airsoftrhino.cl/t238/4274-t238-juego-de-galgas-de-espesores-de-alta-precision.html,12000,12000,si,N/A
2026-09-23,20:16:35,airsoftrhino,Bolt-Catch 1A1 [CNC],https://airsoftrhino.cl/gate/2869-1651-bolt-catch-1a1-cnc-.html,14990,14990,si,N/A
2026-09-23,20:16:35,airsoftrhino,Striker Hop Up Chamber Kit...,https://airsoftrhino.cl/repuestos-gbb/2738-striker-hop-up-chamber-kit-for-tokyo-marui-mk23-pi-031--4712472371507.html,92000,92000,si,N/A
2026-09-23,20:16:35,airsoftrhino,SRC gearbox V2 8mm Full Set...,https://airsoftrhino.cl/repuestos-aeg/1643-src-gearbox-v2-8mm-full-set-up-26-1-.html,82000,82000,si,N/A
2026-09-23,20:16:35,airsoftrhino,Action Army Reinforced...,https://airsoftrhino.cl/repuestos-action-army/611-action-army-reinforced-piston-for-vsr-10-45-usr11-.html,32000,32000,si,N/A
2026-09-23,20:16:35,airsoftrhino,T238 AEG Unload Adapter...,https://airsoftrhino.cl/t238/4275-t238-aeg-unload-adapter-electric-speed-loader.html,5000,5000,si,N/A
2026-09-23,20:16:35,airsoftrhino,GATE Gatillo Nova [CNC] (...,https://airsoftrhino.cl/gate/2870-1653-gate-gatillo-nova-cnc-nt-2b1-.html,35990,35990,si,N/A
2026-09-23,20:16:35,airsoftrhino,SRC SR4 PALANCA DE CARGA M4...,https://airsoftrhino.cl/repuestos/1645-src-sr4-palanca-de-carga-m4-4715997070535.html,16000,16000,si,N/A
2026-09-23,20:16:35,airsoftrhino,T238 Metal Loading Wheel...,https://airsoftrhino.cl/t238/4282-metal-loading-wheel-set-for-t238-electric-speed-loader.html,8990,8990,si,N/A
2026-09-23,20:16:35,airsoftrhino,SRC LIBERADOR DE MAGAZINE...,https://airsoftrhino.cl/repuestos-aeg/1646-src-liberador-de-magazine-m4-m16-sm4-39--4715997070566.html,8000,8000,si,N/A
2026-09-23,20:16:35,airsoftrhino,T238 Gear Switch For DTU (...,https://airsoftrhino.cl/t238/4285-t238-gear-switch-for-dtu-10-un-.html,7990,7990,si,N/A
2026-09-23,20:16:35,airsoftrhino,SRC STEEL BOLT CATCH ( UP-31 ),https://airsoftrhino.cl/repuestos-aeg/1647-src-steel-bolt-catch-up-31--4715997072935.html,8900,8900,si,N/A
2026-09-23,20:16:35,airsoftrhino,Action Army Resorte M130 AEG,https://airsoftrhino.cl/repuestos-action-army/618-action-army-resorte-m130-aeg.html,13990,13990,si,N/A
2026-09-23,20:16:35,airsoftrhino,SRC STEEL SELECTOR M4 - M16,https://airsoftrhino.cl/repuestos-aeg/1648-src-steel-selector-m4-m16-4715997072942.html,7000,7000,si,N/A
2026-09-23,20:16:35,airsoftrhino,Action Army Resorte VSR-10...,https://airsoftrhino.cl/repuestos-action-army/1949-action-army-resorte-vsr-10-m120.html,19990,19990,si,N/A
2026-09-23,20:16:35,airsoftrhino,SRC nozzle aluminio con...,https://airsoftrhino.cl/repuestos-aeg/1649-src-nozzle-aluminio-con-o-ring-m4-m16-up-34--4715997072966.html,8000,8000,si,N/A
2026-09-23,20:16:35,airsoftrhino,SRC MOSFET ( UP-44 ),https://airsoftrhino.cl/repuestos-aeg/1650-src-mosfet-up-44--4715997074168.html,17900,17900,si,N/A
2026-09-23,20:16:35,airsoftrhino,Action Army Resorte VSR-10...,https://airsoftrhino.cl/repuestos-action-army/513-action-army-resorte-vsr-10-m130.html,19990,19990,si,N/A
2026-09-23,20:16:35,airsoftrhino,Maple Leaf Chamber Set for...,https://airsoftrhino.cl/respuestos-maple-leaf-y-t-nt/2082-maple-leaf-chamber-set-for-maruiwekj-hi-capa-series.html,32000,32000,si,N/A
2026-09-23,20:16:35,airsoftrhino,SRC Piston 14 dientes...,https://airsoftrhino.cl/repuestos-aeg/1651-src-piston-14-dientes-metalicos-up-53--4715997083115.html,11990,11990,si,N/A
2026-09-23,20:16:35,airsoftrhino,Action Army Resorte VSR-10...,https://airsoftrhino.cl/repuestos-action-army/626-action-army-resorte-vsr-10-m150.html,17990,17990,si,N/A
2026-09-23,20:16:35,airsoftrhino,Maple Leaf Kit 5 pcs...,https://airsoftrhino.cl/respuestos-maple-leaf-y-t-nt/1813-maple-leaf-kit-5-pcs-o-rings-para-valvulas-de-entrada-para-magazine-gbb.html,4500,4500,si,N/A
2026-09-23,20:16:35,airsoftrhino,SRC Cableado trasero Switch...,https://airsoftrhino.cl/repuestos/1652-src-high-temperature-switch-m4-16-frontal-tracero-.html,16000,16000,si,N/A
2026-09-23,20:16:35,airsoftrhino,Action Army Resorte VSR-10...,https://airsoftrhino.cl/repuestos-action-army/627-action-army-resorte-vsr-10-m170.html,17990,17990,si,N/A
2026-09-23,20:16:35,airsoftrhino,Maple Leaf T key para GLOCK...,https://airsoftrhino.cl/respuestos-maple-leaf-y-t-nt/1814-maple-leaf-t-key-para-glock-vfc-gris.html,8000,8000,si,N/A
2026-09-23,20:16:35,airsoftrhino,Action Army T10 / VSR-10...,https://airsoftrhino.cl/repuestos-action-army/861-canon-estriado-vsr10.html,55000,55000,si,N/A
2026-09-23,20:16:35,airsoftrhino,SRC MAG LIP M92,https://airsoftrhino.cl/repuestos-gbb/2836-mag-lip-sr92.html,7000,7000,si,N/A
2026-09-23,20:16:35,airsoftrhino,Maple Leaf I Key for TM /...,https://airsoftrhino.cl/respuestos-maple-leaf-y-t-nt/1815-maple-leaf-i-key-for-tm-we-gbb-pistol-gris.html,9600,9600,si,N/A
2026-09-23,20:16:35,airsoftrhino,SRC GEAR BOX PIN M4 - M16 (...,https://airsoftrhino.cl/repuestos-aeg/1654-src-gear-box-pin-m4-m16-sm4-33--4715997070504.html,4000,4000,si,N/A
2026-09-23,20:16:35,airsoftrhino,GATE HPA Engine QD fitting...,https://airsoftrhino.cl/gate/3561-gate-hpa-engine-qd-fitting-engine-side-6-mm-us-standard-qdf-us--5904121821382.html,24000,24000,si,N/A
2026-09-23,20:16:35,airsoftrhino,SRC magazine LIP Hi-CAPA,https://airsoftrhino.cl/repuestos-gbb/2837-mag-lip-src-hi-capa.html,8000,8000,si,N/A
2026-09-23,20:16:35,airsoftrhino,SRC DUST COVER M4 - M16 (...,https://airsoftrhino.cl/repuestos-aeg/1655-src-dust-cover-m4-m16.html,9000,9000,si,N/A
2026-09-23,20:16:35,airsoftrhino,GATE HPA QD fitting [Engine...,https://airsoftrhino.cl/gate/3562-gate-hpa-qd-fitting-engine-side-6-mm-eu-standard-qdf-eu--5904121821375.html,24000,24000,si,N/A
2026-09-23,20:16:35,airsoftrhino,SRC GATILLO M4 - M16 (...,https://airsoftrhino.cl/repuestos-aeg/1656-src-gatillo-m4-m16-sm4-43--4715997070603.html,6000,6000,si,N/A
2026-09-23,20:16:35,airsoftrhino,Action Army CA M24 LTR Hop...,https://airsoftrhino.cl/repuestos-action-army/1306-action-army-ca-m24-ltr-hop-up-chamber-for-gen-1-b07-003-.html,59000,59000,si,N/A
2026-09-23,20:16:35,airsoftrhino,GATE PULSAR Solenoid Valve...,https://airsoftrhino.cl/gate/3563-gate-pulsar-solenoid-valve-o-rings-4-pcs--5904121821290.html,16000,16000,no,N/A
2026-09-23,20:16:35,airsoftrhino,RESORTE GATILLO  SR92,https://airsoftrhino.cl/repuestos/2841-resorte-gatillo-sr92.html,6000,6000,si,N/A
2026-09-23,20:16:35,airsoftrhino,Action Army T10 Tactical...,https://airsoftrhino.cl/repuestos-action-army/1308-865-action-army-t10-tactical-trigger-type-a-t10-25-.html,19990,19990,si,N/A
2026-09-23,20:16:35,airsoftrhino,GATE PULSAR S HPA Engine...,https://airsoftrhino.cl/gate/3564-gate-pulsar-s-hpa-engine-repair-kit-o-ring-5904121821283.html,9890,9890,si,N/A
2026-09-23,20:16:35,airsoftrhino,Maple Leaf Stainless Steel...,https://airsoftrhino.cl/respuestos-maple-leaf-y-t-nt/2101-maple-leaf-stainless-steel-cylinder-head-for-vsr.html,25990,25990,si,N/A
2026-09-23,20:16:35,airsoftrhino,Action Army Rail set for...,https://airsoftrhino.cl/repuestos-action-army/1309-action-army-rail-set-for-the-aap-01.html,14000,14000,si,N/A
2026-09-23,20:16:35,airsoftrhino,SRC SR4 SEMI /AUTO CONTROL...,https://airsoftrhino.cl/repuestos/1660-src-sr4-semi-auto-control-lever--4715997073017.html,4900,4900,si,N/A
2026-09-23,20:16:35,airsoftrhino,Action Army AAP-01 Rear...,https://airsoftrhino.cl/repuestos/1310-action-army-aap01-rear-mount.html,7500,7500,si,N/A
2026-09-23,20:16:35,airsoftrhino,Maple Leaf carcasa VSR-10...,https://airsoftrhino.cl/liquidacion/2342-maple-leaf-carcasa-vsr-10-cnc-zero-trigger-box-gen-3-ml-vtbg3-.html,32000,32000,si,N/A
2026-09-23,20:16:35,airsoftrhino,Action Army Thumb Stopper...,https://airsoftrhino.cl/repuestos-action-army/1311-625-action-army-thumb-stopper-for-aap-01-u01-008-.html,29990,29990,si,N/A
2026-09-23,20:16:35,airsoftrhino,Maple Leaf VSR-10 Piston...,https://airsoftrhino.cl/respuestos-maple-leaf-y-t-nt/2357-maple-leaf-vsr-piston-upgrade-aluminum-90-mlc-338-.html,30000,30000,si,N/A
2026-09-23,20:16:35,airsoftrhino,CNC AAP-01 Charging handle...,https://airsoftrhino.cl/repuestos-action-army/1314-220-cnc-aap-01-charging-handle-type-1-u01-009-.html,19000,19000,si,N/A
2026-09-23,20:16:35,airsoftrhino,SRC PIN EXTRACTOR TOOL 2MM...,https://airsoftrhino.cl/repuestos-aeg/1668-src-pin-extractor-tool-2mm-3mm-p-110--4715997078685.html,18000,18000,si,N/A
2026-09-23,20:16:35,airsoftrhino,CNC AAP-01 Charging Ring (...,https://airsoftrhino.cl/repuestos-action-army/1317-3112-cnc-aap-01-charging-ring-u01-010-.html,18000,18000,si,N/A
2026-09-23,20:16:35,airsoftrhino,Action Army 30000R Infinity...,https://airsoftrhino.cl/repuestos-action-army/1748-action-army-30000r-infinity-motor-long-axis.html,69000,69000,si,N/A
2026-09-23,20:16:35,airsoftrhino,CNC AAP-01 up-receiver...,https://airsoftrhino.cl/repuestos-action-army/1318-cnc-aap-01-up-receiver-connector-u01-011-.html,16000,16000,si,N/A
2026-09-23,20:16:35,airsoftrhino,maple leaf VSR-10 M165 spring,https://airsoftrhino.cl/respuestos-maple-leaf-y-t-nt/2590-maple-leaf-vsr-10-m165-spring.html,26990,26990,si,N/A
2026-09-23,20:16:35,airsoftrhino,Maple Leaf OMEGA Hop...,https://airsoftrhino.cl/respuestos-maple-leaf-y-t-nt/1808-maple-leaf-omega-hop-tensioner-edicion-solida.html,6000,6000,si,N/A
2026-09-23,20:16:35,airsoftrhino,CNC AAP-01 Magwell ( U01-012 ),https://airsoftrhino.cl/repuestos/1319-224-cnc-aap01-magwell-bk-red.html,39990,39990,si,N/A
2026-09-23,20:16:35,airsoftrhino,Maple Leaf Cañon Crazy Jet...,https://airsoftrhino.cl/respuestos-maple-leaf-y-t-nt/3223--maple-leaf-canon-crazy-jet-123mm-para-pistolas-gbb.html,32000,32000,no,N/A
2026-09-23,20:16:35,airsoftrhino,Maple Leaf VSR-10 Chamber...,https://airsoftrhino.cl/respuestos-maple-leaf-y-t-nt/2592-maple-leaf-vsr-10-chamber-click-pin.html,3980,3980,si,N/A
2026-09-23,20:16:35,airsoftrhino,Maple Leaf MR Hop 2021 AEG,https://airsoftrhino.cl/respuestos-maple-leaf-y-t-nt/1818-754-maple-leaf-mr-hop-up-bucking-aeg.html,13000,13000,si,N/A
2026-09-23,20:16:35,airsoftrhino,Action Army Magazine Lip...,https://airsoftrhino.cl/repuestos/1320-action-army-magazine-lip-aap-01-u01-002-.html,14000,14000,si,N/A
2026-09-23,20:16:35,airsoftrhino,Maple Leaf Crazy Jet 86mm...,https://airsoftrhino.cl/respuestos-maple-leaf-y-t-nt/3222-maple-leaf-canon-86mm-602-inner-barrel-for-vfc-g19g19x-ml-cj86-.html,32000,32000,si,N/A
2026-09-23,20:16:35,airsoftrhino,Maple Leaf Hop Up Chamber...,https://airsoftrhino.cl/respuestos-maple-leaf-y-t-nt/2755-maple-leaf-hop-up-chamber-glock-gbb-we-tm-vfc.html,25000,25000,si,N/A
2026-09-23,20:16:35,airsoftrhino,SRC GEARBOX V2 8MM ( UP-23 ),https://airsoftrhino.cl/repuestos-aeg/1845-src-gearbox-v2-8mm-up-23--4715997072805.html,24000,24000,si,N/A
2026-09-23,20:16:35,airsoftrhino,ACTION ARMY AAP-01 valvula...,https://airsoftrhino.cl/repuestos-action-army/1322-action-army-aap-01-valvula-de-salida-u01-004-.html,11990,11990,si,N/A
2026-09-23,20:16:35,airsoftrhino,"""Open Bolt"" M4/PDW Magazine...",https://airsoftrhino.cl/repuestos/3205-open-bolt-m4pdw-magazine-conversion-kit.html,8000,8000,si,N/A
2026-09-23,20:16:35,airsoftrhino,SRC GEARBOX V3 8mm FULL SET...,https://airsoftrhino.cl/repuestos-aeg/1897-src-gearbox-v3-8mm-full-set-up-27-1--4715997072867.html,78990,78990,si,N/A
2026-09-23,20:16:35,airsoftrhino,Action Army - AAP-01 Gas...,https://airsoftrhino.cl/repuestos-action-army/1323-action-army-aap-01-gas-route-seal-n-76-u01-013-.html,6500,6500,si,N/A
2026-09-23,20:16:35,airsoftrhino,Maple Leaf Adaptador...,https://airsoftrhino.cl/repuestos/3235-maple-leaf-adaptador-supresor-vsr-10.html,28000,28000,si,N/A
2026-09-23,20:16:35,airsoftrhino,SRC Air Nozzle - G36 Series...,https://airsoftrhino.cl/repuestos-aeg/1898-src-air-nozzle-g36-series-nozzle-aluminum-up-36--4715997072980.html,8000,8000,si,N/A
2026-09-23,20:16:35,airsoftrhino,Action Army AAP-01 Loading...,https://airsoftrhino.cl/repuestos-action-army/1324-action-army-aap-01-loading-nozzle-no71-u01-014-.html,9990,9990,si,N/A
2026-09-23,20:16:35,airsoftrhino,Action Army-Piercing...,https://airsoftrhino.cl/repuestos-gbb/3095-action-army-piercing-nozzleanstechventil-f-aap-01-co2-magazin-u01-020-b-.html,9990,9990,si,N/A
2026-09-23,20:16:35,airsoftrhino,SRC M4 / M16 STAINLESS...,https://airsoftrhino.cl/repuestos-aeg/1901-src-m4-m16-stainless-steel-6mm-bushings-sm4-19--4715997070368.html,8000,8000,si,N/A
2026-09-23,20:16:35,airsoftrhino,AAP-01 HOP-UP CHAMBER CNC (...,https://airsoftrhino.cl/repuestos-action-army/1507-aap-01-hop-up-chamber-cnc-u01-019-.html,59990,59990,si,N/A
2026-09-23,20:16:35,airsoftrhino,RA-TECH SCAR Complete CNC...,https://airsoftrhino.cl/repuestos/3084-we-scar-l-steel-complete-bolt-carrier-with-magnetic-locking-npas-aluminum-loading-nozzle-ra-tech.html,249000,249000,no,N/A
2026-09-23,20:16:35,airsoftrhino,SRC Mosfet Extension Wiring...,https://airsoftrhino.cl/repuestos-aeg/1904-src-mosfet-extension-wiring-set-up-60--4715997083160.html,29000,29000,si,N/A
2026-09-23,20:16:35,airsoftrhino,CNC Steel Hammer for...,https://airsoftrhino.cl/repuestos-action-army/1508-cnc-steel-hammer-for-aap-01-marui-g18-u01-018.html,45990,45990,si,N/A
2026-09-23,20:16:35,airsoftrhino,Maple Leaf Crazy Jet (...,https://airsoftrhino.cl/repuestos-sniper/3142-maple-leaf-crazy-jet-470mm-vsr-10-.html,64990,64990,no,N/A
2026-09-23,20:16:35,airsoftrhino,RA-TECH return spring for...,https://airsoftrhino.cl/repuestos/3083-ra-tech-return-spring-for-ra-tech-aluminum-nozzle-rag-we-251-.html,13000,13000,si,N/A
2026-09-23,20:16:35,airsoftrhino,SRC GearBox V2 8mm QD y...,https://airsoftrhino.cl/repuestos-aeg/1906-src-gearbox-full-set-sr4--4715997083061.html,97000,97000,si,N/A
2026-09-23,20:16:35,airsoftrhino,Action Army Piston for...,https://airsoftrhino.cl/repuestos/1750--action-army-piston-for-marui-m40a5.html,33990,33990,si,N/A
2026-09-23,20:16:35,airsoftrhino,Maple  Crazy Jet Inner...,https://airsoftrhino.cl/repuestos/3141--maple-ml-cjv430-430mm-crazy-jet-inner-barrel-for-vsr-marui-vsr-10-fn-spr.html,65000,65000,si,N/A
2026-09-23,20:16:35,airsoftrhino,RA STEEL CNC TRIGGER...,https://airsoftrhino.cl/repuestos-gbb/3082-ra-steel-cnc-trigger-assembly-rag-we-176-.html,165000,165000,si,N/A
2026-09-23,20:16:35,airsoftrhino,SRC 22:1 ULTRA HIGH TORQUE...,https://airsoftrhino.cl/repuestos-aeg/1947-src-221-ultra-high-torque-gear-up-59--4715997075561.html,22000,22000,no,N/A
2026-09-23,20:16:35,airsoftrhino,Action Army - T10 VSR-10...,https://airsoftrhino.cl/repuestos-action-army/493-action-army-t10-vsr-10-spring-guide-b01-003-.html,28000,28000,si,N/A
2026-09-23,20:16:35,airsoftrhino,GATE AOE Spacer 1 unid (...,https://airsoftrhino.cl/gate/4161-gate-aoe-spacer-aoe-s--5902020754992.html,3990,3990,si,N/A
2026-09-23,20:16:35,airsoftrhino,Maple Leaf Crazy Jet Inner...,https://airsoftrhino.cl/repuestos/3140-maple-leaf-cjv303-303mm-crazy-jet-inner-barrel-for-vsr-marui-vsr-10-g-spec-fn-spr.html,65000,65000,si,N/A
2026-09-23,20:16:35,airsoftrhino,RA-TECH NPAS (FOR WE OPEN...,https://airsoftrhino.cl/repuestos-gbb/3081-ra-tech-npas-for-we-open-bolt-sistem-rag-we-162-.html,22000,22000,si,N/A
2026-09-23,20:16:35,airsoftrhino,SRC HIGH SPEED MOTOR...,https://airsoftrhino.cl/repuestos-aeg/1988-src-high-speed-motor-cuello-largo-p-105--4715997075028.html,46990,46990,si,N/A
2026-09-23,20:16:35,airsoftrhino,TMC Steel Hammer for...,https://airsoftrhino.cl/repuestos/3064-tmc-steel-hammer-for-aap01-g18c-gbb-tmc-ap01-sh-.html,14000,14000,si,N/A
2026-09-23,20:16:35,airsoftrhino,AAP-01 Valvula ENTRADA...,https://airsoftrhino.cl/repuestos-action-army/1835-aap-01-valvula-magazine-u01-003.html,9000,9000,si,N/A
2026-09-23,20:16:35,airsoftrhino,Maple Leaf Pistol Hop Up...,https://airsoftrhino.cl/respuestos-maple-leaf-y-t-nt/3040-maple-leaf-pistol-hop-up-adjustment-wheel-for-1911meuhi-capap226.html,11000,11000,si,N/A
2026-09-23,20:16:35,airsoftrhino,Maple Leaf AEG Spring M100,https://airsoftrhino.cl/respuestos-maple-leaf-y-t-nt/3035-maple-leaf-aeg-spring-m100.html,14000,14000,si,N/A
2026-09-23,20:16:35,airsoftrhino,Action Army AAP-01 RMR...,https://airsoftrhino.cl/repuestos-action-army/1977-action-army-aap-01-rmr-adapter-front-sight-set-u01-016-.html,35000,35000,no,N/A
2026-09-23,20:16:35,airsoftrhino,Maple Leaf Pistol Hop Up...,https://airsoftrhino.cl/repuestos-gbb/3039-maple-leaf-pistol-hop-up-adjustment-wheel-for-wemaruivfckjw.html,11000,11000,no,N/A
2026-09-23,20:16:35,airsoftrhino,T.N.T T-Hop UP Rubber...,https://airsoftrhino.cl/respuestos-maple-leaf-y-t-nt/3034-tnt-t-hop-up-rubber-kwa-mp7-60-grados-gbb.html,25000,25000,si,N/A
2026-09-23,20:16:35,airsoftrhino,Cilindro AEG teflonado...,https://airsoftrhino.cl/repuestos-action-army/499-cilindro-aeg-teflonado-action-army-a03-004.html,22000,22000,si,N/A
2026-09-23,20:16:35,airsoftrhino,T.N.T T-Hop Up Rubber KSC...,https://airsoftrhino.cl/respuestos-maple-leaf-y-t-nt/3033-tnt-t-hop-up-rubber-ksc-mp9-60-grados-gbb.html,25000,25000,si,N/A
2026-09-23,20:16:35,airsoftrhino,SHS gearbox spring set V2 (...,https://airsoftrhino.cl/repuestos-aeg/2069-shs-gearbox-spring-set-v2-th0037-.html,4990,4990,si,N/A
2026-09-23,20:16:35,airsoftrhino,T.N.T T-Hop Up Rubber...,https://airsoftrhino.cl/respuestos-maple-leaf-y-t-nt/3032-tnt-t-hop-up-rubber-kwa-ar-m4-60-grados-gbb.html,25000,25000,si,N/A
2026-09-23,20:16:35,airsoftrhino,T.N.T T-Hop UP Rubber...,https://airsoftrhino.cl/respuestos-maple-leaf-y-t-nt/3031-tnt-t-hop-up-rubber-terminator-60-grados-vsr.html,25000,25000,si,N/A
2026-09-23,20:16:35,airsoftrhino,SHS PISTON 19 DIENTES AZUL...,https://airsoftrhino.cl/repuestos-aeg/2087-shs-piston-19-dientes-azul-tt0087-.html,15990,15990,si,N/A
2026-09-23,20:16:35,airsoftrhino,SHS PISTON 19 DIENTES...,https://airsoftrhino.cl/repuestos-aeg/2088-shs-piston-19-dientes-amarillo-tt0040-.html,16000,16000,si,N/A
2026-09-23,20:16:35,airsoftrhino,T.N.T WEPSTAS RETROFIT KIT...,https://airsoftrhino.cl/respuestos-maple-leaf-y-t-nt/3028-tnt-wepstas-retrofit-kit-350mm-gbb.html,179000,179000,no,N/A
2026-09-23,20:16:35,airsoftrhino,M4 NOZZLE WITH DOUBLE O...,https://airsoftrhino.cl/repuestos/2107-m4-nozzle-with-double-o-rings-fb01001-.html,9000,9000,si,N/A
2026-09-23,20:16:35,airsoftrhino,Maple Leaf VSR-10 CNC 90°...,https://airsoftrhino.cl/respuestos-maple-leaf-y-t-nt/3422-maple-leaf-vsr-10-cnc-90-zero-trigger-group-gen-3.html,79990,79990,si,N/A
2026-09-23,20:16:35,airsoftrhino,WADSN Hop-Up Chamber for...,https://airsoftrhino.cl/repuestos/2109-wadsn-hop-up-chamber-for-g36-series-cnc-fb02204-.html,32000,32000,si,N/A
2026-09-23,20:16:35,airsoftrhino,Action Army Inner Barrel...,https://airsoftrhino.cl/repuestos-action-army/2024-action-army-inner-barrel-spacer-kit-for-vsr-10.html,19000,19000,si,N/A
2026-09-23,20:16:35,airsoftrhino,magazine lip for VFC Glock...,https://airsoftrhino.cl/repuestos/2991-magazine-lip-for-vfc-glock-gbb-tmc-vgi-lp-.html,8000,8000,si,N/A
2026-09-23,20:16:35,airsoftrhino,SHS guia de resorte AEG V2...,https://airsoftrhino.cl/repuestos-aeg/2110-shs-guia-de-resorte-aeg-v2-wd0026-.html,11990,11990,si,N/A
2026-09-23,20:16:35,airsoftrhino,Action Army Inner Barrel...,https://airsoftrhino.cl/repuestos-action-army/2025-action-army-inner-barrel-spacer-set-for-vsr-10-g-spec.html,19000,19000,si,N/A
2026-09-23,20:16:35,airsoftrhino,Maple Leaf Cañon Crazy Jet...,https://airsoftrhino.cl/respuestos-maple-leaf-y-t-nt/3494-maple-leaf-canon-crazy-jet-290mm-para-gbb-ml-cj290-.html,59990,59990,si,N/A
2026-09-23,20:16:35,airsoftrhino,Action Army AAP-01C...,https://airsoftrhino.cl/repuestos/2979-action-army-aap01c-silencer-adapter-14mm-ccw-aap-01.html,16000,16000,si,N/A
2026-09-23,20:16:35,airsoftrhino,M4 ALUMINIUM AIR SEAL...,https://airsoftrhino.cl/repuestos-aeg/2111-m4-aluminium-air-seal-nozzle-po03001-.html,9000,9000,no,N/A
2026-09-23,20:16:35,airsoftrhino,TAPPET FOR VER 2 ( PO03037 ),https://airsoftrhino.cl/repuestos/2112-tappet-for-ver-2-po03037-.html,5000,5000,si,N/A
2026-09-23,20:16:35,airsoftrhino,Llave triangular para...,https://airsoftrhino.cl/repuestos/2039-2141--llave-triangular-para-extraccion-de-valvulas-de-gas.html,18000,18000,si,N/A
2026-09-23,20:16:35,airsoftrhino,ACTION ARMY VSR-10 / T10...,https://airsoftrhino.cl/repuestos-action-army/2118-action-army-vsr-10-t10-guide-rings.html,5990,5990,si,N/A
2026-09-23,20:16:35,airsoftrhino,Maple Leaf AR15/M4...,https://airsoftrhino.cl/respuestos-maple-leaf-y-t-nt/3496-maple-leaf-ar15m4-picatinny-stock-adapter-gbb.html,37990,37990,si,N/A
2026-09-23,20:16:35,airsoftrhino,SHS MK18 Mod 0 LMT Stock crane,https://airsoftrhino.cl/repuestos-aeg/2190-2930-shs-mk18-mod-0-lmt-stock-crane.html,16000,16000,si,N/A
2026-09-23,20:16:35,airsoftrhino,4UANTUM Friction Pro-High...,https://airsoftrhino.cl/repuestos-gbb/3501-friction-pro-high-performance-gbb-bucking-.html,14000,14000,si,N/A
2026-09-23,20:16:35,airsoftrhino,GUIA DE RESORTE AEG V3 (...,https://airsoftrhino.cl/repuestos-aeg/2214-guia-de-resorte-aeg-v3-fb05002-.html,11990,11990,si,N/A
2026-09-23,20:16:35,airsoftrhino,Maple Leaf- Rubber magazine...,https://airsoftrhino.cl/respuestos-maple-leaf-y-t-nt/4065-maple-leaf-rubber-magazine-gasket-for-vfc-glock-pistol-gbb-vfc-mgr-1-.html,9000,9000,si,N/A
2026-09-23,20:16:35,airsoftrhino,Aim-Top valvula reforzada...,https://airsoftrhino.cl/repuestos-gbb/3598-3294-aim-top-valvula-reforzada-gbb-top-1-2-.html,8000,8000,si,N/A
2026-09-23,20:16:35,airsoftrhino,Maple Leaf-Plastic o-ring...,https://airsoftrhino.cl/repuestos/4066-maple-leaf-plastic-o-ring-for-vsr-cylinder-vrcr-.html,12000,12000,si,N/A
2026-09-23,20:16:35,airsoftrhino,Maple Leaf-Crazy Jet Inner...,https://airsoftrhino.cl/respuestos-maple-leaf-y-t-nt/4072-maple-leaf-crazy-jet-inner-barrel-gbb-aeg-275mm-ml-cj275-.html,64990,64990,si,N/A
2026-09-23,20:16:35,airsoftrhino,Cilindro AEG Tipo C (...,https://airsoftrhino.cl/repuestos-aeg/2218-cilindro-aeg-tipo-c-fb05005-.html,11990,11990,no,N/A
2026-09-23,20:16:35,airsoftrhino,MAPLE LEAF-CRAZY JET INNER...,https://airsoftrhino.cl/respuestos-maple-leaf-y-t-nt/4070-maple-leaf-crazy-jet-inner-barrel-150mm-gbb-pistol-ml-cj150-.html,38000,38000,no,N/A
2026-09-23,20:16:35,airsoftrhino,5KU Selector Switch Charge...,https://airsoftrhino.cl/repuestos-action-army/3613-5ku-selector-switch-charge-handle-for-aap-01-type-2-abaap-012-.html,19000,19000,si,N/A
2026-09-23,20:16:35,airsoftrhino,Maple Leaf Set culata...,https://airsoftrhino.cl/respuestos-maple-leaf-y-t-nt/4073-maple-leaf-set-culata-plegable-con-adaptador-de-riel-mlc-s2tb-.html,84990,84990,si,N/A
2026-09-23,20:16:35,airsoftrhino,5KU Selector Switch Charge...,https://airsoftrhino.cl/repuestos-action-army/3614-5ku-selector-switch-charge-handle-for-aap-01-type-1-abaap-013-.html,19000,19000,si,N/A
2026-09-23,20:16:35,airsoftrhino,Maple Leaf Precision inner...,https://airsoftrhino.cl/respuestos-maple-leaf-y-t-nt/4076-maple-leaf-precision-inner-barrel-97mm-para-pistolas-gbb-ml-g97-.html,19990,19990,si,N/A
2026-09-23,20:16:35,airsoftrhino,SHS piston 14 dientes (...,https://airsoftrhino.cl/repuestos-aeg/2248-shs-piston-14-dientes.html,13990,13990,si,N/A
2026-09-23,20:16:35,airsoftrhino,Maple Leaf Hot Shot Hop Up...,https://airsoftrhino.cl/liquidacion/2797-maple-leaf-hot-shot-hop-up-rubber-for-srs-75-grados.html,8990,8990,si,N/A
2026-09-23,20:16:35,airsoftrhino,PULSAR H Nozzle 21.15 mm...,https://airsoftrhino.cl/gate/3663-pulsar-h-nozzle-2115-mm-m4m16-n-ph-2115--5904121821955.html,39890,39890,si,N/A
2026-09-23,20:16:35,airsoftrhino,SHS AEG HOP UP Bucking 70...,https://airsoftrhino.cl/repuestos-aeg/2251-shs-aeg-hop-up-bucking-70-degree-ahu-0007-.html,8000,8000,si,N/A
2026-09-23,20:16:35,airsoftrhino,Maple Leaf Super Macaron...,https://airsoftrhino.cl/respuestos-maple-leaf-y-t-nt/1819-756-maple-leaf-super-macaron-hop-up-bucking-for-aeg-60-70-.html,13000,13000,si,N/A
2026-09-23,20:16:35,airsoftrhino,Maple Leaf Super Macaron 50°,https://airsoftrhino.cl/liquidacion/4082-maple-leaf-super-macaron-50.html,8990,8990,si,N/A
2026-09-23,20:16:35,airsoftrhino,PULSAR H Nozzle 21.40 mm...,https://airsoftrhino.cl/gate/3664-pulsar-h-nozzle-2140-mm-m4m16-n-ph-2140--5904121821962.html,39890,39890,si,N/A
2026-09-23,20:16:35,airsoftrhino,SHS Selector Plate V2 (...,https://airsoftrhino.cl/repuestos-aeg/2252-shs-selector-plate-v2-nb0019-.html,7990,7990,si,N/A
2026-09-23,20:16:35,airsoftrhino,Action Army T10 VSR-10...,https://airsoftrhino.cl/repuestos-action-army/2176-1147-action-army-t10-vsr-front-rail.html,40000,40000,si,N/A
2026-09-23,20:16:35,airsoftrhino,Maple Leaf Macaron 50° 2019...,https://airsoftrhino.cl/liquidacion/4083-maple-leaf-macaron-50-2019-aeg.html,8990,8990,si,N/A
2026-09-23,20:16:35,airsoftrhino,PULSAR H Nozzle 24.50 mm...,https://airsoftrhino.cl/gate/3665-pulsar-h-nozzle-2450-mm-sr-25-n-ph-2450--5904121821979.html,39890,39890,si,N/A
2026-09-23,20:16:35,airsoftrhino,SHS selector plate g36 (...,https://airsoftrhino.cl/repuestos-aeg/2253-shs-selector-plate-g36-nb0022-.html,7990,7990,si,N/A
2026-09-23,20:16:35,airsoftrhino,Action Army Inner Barrel...,https://airsoftrhino.cl/repuestos-action-army/2177-action-army-inner-barrel-spacer-kit-for-t10-t11-t10-31.html,11990,11990,si,N/A
2026-09-23,20:16:35,airsoftrhino,Maple Leaf SUPER Hop Up...,https://airsoftrhino.cl/liquidacion/2145-3161-maple-leaf-super-hop-up-kwaksc-gbb.html,8990,8990,si,N/A
2026-09-23,20:16:35,airsoftrhino,Maple Leaf 2021 SUPER...,https://airsoftrhino.cl/respuestos-maple-leaf-y-t-nt/2565-3146-maple-leaf-2021-super-silicone-aeg-hop-rubber-.html,13000,13000,si,N/A
2026-09-23,20:16:35,airsoftrhino,SHS valvula mag Gas Type B...,https://airsoftrhino.cl/repuestos-action-army/2258-shs-valvula-mag-gas-type-b-pps-pt-07-.html,6990,6990,si,N/A
2026-09-23,20:16:35,airsoftrhino,SHS Switch Interruptor de...,https://airsoftrhino.cl/repuestos-aeg/2255-shs-switch-interruptor-de-gatillo-v3-nb0026-.html,8000,8000,no,N/A
2026-09-23,20:16:35,airsoftrhino,Maple Leaf Hop-Up Chamber...,https://airsoftrhino.cl/respuestos-maple-leaf-y-t-nt/2798-maple-leaf-hop-up-chamber-set-for-umarex-vfc-gbb.html,38000,38000,si,N/A
2026-09-23,20:16:35,airsoftrhino,Maple Leaf SUPER Silicone...,https://airsoftrhino.cl/respuestos-maple-leaf-y-t-nt/2727-3158-maple-leaf-super-silicone-hop-up-bucking-for-ksckwa-gbb.html,8990,8990,si,N/A
2026-09-23,20:16:35,airsoftrhino,SHS Cableado V2 Trasero...,https://airsoftrhino.cl/repuestos-aeg/2256-shs-cableado-v2-trasero-t-dean-nb0042-.html,22000,22000,si,N/A
2026-09-23,20:16:35,airsoftrhino,Action Army T10 Spring...,https://airsoftrhino.cl/repuestos-action-army/2021-action-army-t10-spring-guide-stoper-t10-20-.html,16000,16000,si,N/A
2026-09-23,20:16:35,airsoftrhino,Maple Leaf 2021 SUPER...,https://airsoftrhino.cl/liquidacion/4085-maple-leaf-2021-super-silicone-aeg-hop-rubber-50.html,8990,8990,si,N/A
2026-09-23,20:16:35,airsoftrhino,SHS CNC GATILLO M4 ( M4-38 ),https://airsoftrhino.cl/repuestos-aeg/2261-3239-shs-cnc-gatillo-m4-m4-38-.html,9000,9000,si,N/A
2026-09-23,20:16:35,airsoftrhino,Maple Leaf 2021 SUPER...,https://airsoftrhino.cl/liquidacion/4086-maple-leaf-2021-super-silicone-aeg-hop-rubber-80.html,8990,8990,si,N/A
2026-09-23,20:16:35,airsoftrhino,Action Army AAP-01...,https://airsoftrhino.cl/repuestos-action-army/2544-1461-action-army-aap-01-adjustable-trigger.html,29000,29000,si,N/A
2026-09-23,20:16:35,airsoftrhino,Maple Leaf Macaron 80° 2019...,https://airsoftrhino.cl/liquidacion/4087-maple-leaf-macaron-80-2019-aeg.html,8990,8990,si,N/A
2026-09-23,20:16:35,airsoftrhino,Action Army VSR-10 Hop-Up...,https://airsoftrhino.cl/repuestos-action-army/2545-action-army-vsr-10-hop-up-chamber-damping-type-.html,69000,69000,si,N/A
2026-09-23,20:16:35,airsoftrhino,WE-Tech OEM – Lips de...,https://airsoftrhino.cl/repuestos-gbb/4068-we-tech-oem-lips-de-alimentacion-gbb-we-smg8-130-.html,14000,14000,si,N/A
2026-09-23,20:16:35,airsoftrhino,MAPLE LEAF MR HOP 2020...,https://airsoftrhino.cl/respuestos-maple-leaf-y-t-nt/3973-2915-maple-leaf-mr-hop-2020-gbbvsr-10.html,13000,13000,si,N/A
2026-09-23,20:16:35,airsoftrhino,We-Tech valvula salida mp7...,https://airsoftrhino.cl/repuestos-gbb/4069-we-tech-valvula-salida-mp7-we-smg8-133-.html,9990,9990,si,N/A
2026-09-23,20:16:35,airsoftrhino,SHS  M14 Nozzle  TZ0061,https://airsoftrhino.cl/repuestos-aeg/2273-shs-m14-nozzle.html,8000,8000,si,N/A
2026-09-23,20:16:35,airsoftrhino,MAPLE LEAF MR HOP 2021 FOR...,https://airsoftrhino.cl/respuestos-maple-leaf-y-t-nt/1885-790-maple-leaf-mr-hop-2021-for-gbbvsr-10.html,13000,13000,si,N/A
2026-09-23,20:16:35,airsoftrhino,Maple Leaf TM Socom MK23...,https://airsoftrhino.cl/respuestos-maple-leaf-y-t-nt/4105-maple-leaf-tm-socom-mk23-gbb-hop-up-chamber-compatible-ssx-23.html,25990,25990,si,N/A
2026-09-23,20:16:35,airsoftrhino,Maple Leaf Mr Hop 2021 AEG 80°,https://airsoftrhino.cl/liquidacion/4088-maple-leaf-mr-hop-2021-aeg-80.html,8990,8990,si,N/A
2026-09-23,20:16:35,airsoftrhino,T.N.T T-Hop UP Rubber...,https://airsoftrhino.cl/respuestos-maple-leaf-y-t-nt/4116-tnt-t-hop-up-rubber-buking-50-grados-gbb.html,25000,25000,si,N/A
2026-09-23,20:16:35,airsoftrhino,Maple Leaf Mr Hop 2021 AEG 50°,https://airsoftrhino.cl/liquidacion/4089-maple-leaf-mr-hop-2021-aeg-60.html,8990,8990,si,N/A
2026-09-23,20:16:35,airsoftrhino,AAP-01 Extended Mag Release...,https://airsoftrhino.cl/repuestos-action-army/2648-1524-aap-01-extended-mag-release-black-red.html,26000,26000,si,N/A
2026-09-23,20:16:35,airsoftrhino,5KU Selector Switch Charge...,https://airsoftrhino.cl/repuestos-action-army/4158-5ku-selector-switch-charge-handle-for-aap-01-type-1-abaap-013-.html,19000,19000,si,N/A
2026-09-23,20:16:35,airsoftrhino,Maple Leaf MR Hop 2020 GBB...,https://airsoftrhino.cl/liquidacion/4093-maple-leaf-mr-hop-2020-gbb-vsr-10-50-grados.html,8990,8990,si,N/A
2026-09-23,20:16:35,airsoftrhino,actinon army VSR-10 / T10...,https://airsoftrhino.cl/repuestos-action-army/2654-actinon-army-vsr10-t10-scope-rail-b01-039-.html,29900,29900,no,N/A
2026-09-23,20:16:35,airsoftrhino,Guarder Hop Up Bucking for...,https://airsoftrhino.cl/repuestos-gbb/4159-guarder-hop-up-bucking-for-maruikjwe-gbb-70-gb-01-02--4711225779553.html,13000,13000,si,N/A
2026-09-23,20:16:35,airsoftrhino,Maple Leaf Cañon AEG 6.02Ø...,https://airsoftrhino.cl/respuestos-maple-leaf-y-t-nt/2289-maple-leaf-canon-aeg-602o-290mm-ml-a290-.html,34000,34000,si,N/A
2026-09-23,20:16:35,airsoftrhino,Maple Leaf Autobot 2021 Hop...,https://airsoftrhino.cl/respuestos-maple-leaf-y-t-nt/1816-3164-maple-leaf-autobot-2021-hopup-gbb-pistol-vsr-10.html,13000,13000,si,N/A
2026-09-23,20:16:35,airsoftrhino,Action Army - Sound...,https://airsoftrhino.cl/repuestos-action-army/516-supresor-para-t10-action-army.html,26000,26000,no,N/A
2026-09-23,20:16:35,airsoftrhino,SRC magazine LIP 1911,https://airsoftrhino.cl/repuestos-gbb/4183-magazine-lip-1911.html,8000,8000,si,N/A
2026-09-23,20:16:35,airsoftrhino,Maple Leaf Autobot 2021 GBB...,https://airsoftrhino.cl/liquidacion/4091-maple-leaf-autobot-2021-gbb-vsr-10-50-grados.html,8990,8990,si,N/A
2026-09-23,20:16:35,airsoftrhino,Maple Leaf Cañon AEG 6.02Ø...,https://airsoftrhino.cl/respuestos-maple-leaf-y-t-nt/2290-maple-leaf-canon-aeg-602o-370mm-ml-a370-.html,39000,39000,si,N/A
2026-09-23,20:16:35,airsoftrhino,AAP-01 MARTILLO STOCK (...,https://airsoftrhino.cl/repuestos-action-army/4194-aap-01-martillo-stock-aap01-09-52-.html,12000,12000,si,N/A
2026-09-23,20:16:35,airsoftrhino,Maple Leaf Autobot 2021 GBB...,https://airsoftrhino.cl/liquidacion/4096-maple-leaf-autobot-2021-gbb-vsr-10-80-grados.html,8990,8990,si,N/A
2026-09-23,20:16:35,airsoftrhino,AAP-01 ROTOR HAMMER (...,https://airsoftrhino.cl/repuestos-action-army/4195-aap-01-rotor-hammer-aap01-09-54-.html,6990,6990,si,N/A
2026-09-23,20:16:35,airsoftrhino,Maple Leaf Desepticons 2021...,https://airsoftrhino.cl/respuestos-maple-leaf-y-t-nt/1817-1041-maple-leaf-decepticons-v2-hop-up-bucking-for-marui-tm-we-gbb-pistol-vsr.html,13000,13000,si,N/A
2026-09-23,20:16:35,airsoftrhino,AAP-01 knocker ( AAP01-09-45 ),https://airsoftrhino.cl/repuestos-action-army/4196-aap-01-knocker-aap01-09-45-.html,9990,9990,si,N/A
2026-09-23,20:16:35,airsoftrhino,Maple Leaf desepticons 2021...,https://airsoftrhino.cl/liquidacion/4092-maple-leaf-desepticons-2021-gbb-vsr-10-50-grados.html,8990,8990,si,N/A
2026-09-23,20:16:35,airsoftrhino,tapa de motor grip AEG...,https://airsoftrhino.cl/repuestos/2310-tapa-de-motor-grip-aeg-.html,7000,7000,si,N/A
2026-09-23,20:16:35,airsoftrhino,We-Tech MAGAZINE LIP KIT...,https://airsoftrhino.cl/repuestos-gbb/4202-we-tech-magazine-lip-kit-open-bolt-m4-scar-pdw-.html,9990,9990,si,N/A
2026-09-23,20:16:35,airsoftrhino,Maple Leaf desepticons 2021...,https://airsoftrhino.cl/liquidacion/4094-maple-leaf-desepticons-2021-gbb-vsr-10-80-grados.html,8990,8990,si,N/A
2026-09-23,20:16:35,airsoftrhino,SRC Hi-capa 5.1 GBB Pistol...,https://airsoftrhino.cl/inicio/4216-3443-src-hi-capa-51-gbb-pistol-alloy-magwell-gold-silver.html,18000,18000,si,N/A
2026-09-23,20:16:35,airsoftrhino,Maple Leaf desepticons 2021...,https://airsoftrhino.cl/liquidacion/4095-maple-leaf-desepticons-2021-gbb-vsr-10-85-grados.html,8990,8990,si,N/A
2026-09-23,20:16:35,airsoftrhino,Action Army - POM piston...,https://airsoftrhino.cl/repuestos-action-army/3233-action-army-pom-piston-head-a04-001-.html,22000,22000,si,N/A
2026-09-23,20:16:35,airsoftrhino,SRC Hi-Capa 5.1 Threaded...,https://airsoftrhino.cl/repuestos-gbb/4217-3444-src-hi-capa-51-threaded-outer-barrel-full-kit-silver-gold.html,29990,29990,si,N/A
2026-09-23,20:16:35,airsoftrhino,Maple Leaf Tornado Valve...,https://airsoftrhino.cl/respuestos-maple-leaf-y-t-nt/4098-maple-leaf-tornado-valve-for-we-m4-gbb-magazine.html,17990,17990,si,N/A
2026-09-23,20:16:35,airsoftrhino,LLAVE PARA NPAS RATECH,https://airsoftrhino.cl/inicio/4248-rag-kj-006-ra-npas-adjust-tool-.html,22000,22000,si,N/A
2026-09-23,20:16:35,airsoftrhino,Maple Leaf Hot Shot Hop Up...,https://airsoftrhino.cl/liquidacion/4099-maple-leaf-hot-shot-hop-up-rubber-for-ghk-70-grados.html,8990,8990,si,N/A
2026-09-23,20:16:35,airsoftrhino,BBA MWS AEG Rail Adapter,https://airsoftrhino.cl/inicio/4303-bba-mws-aeg-rail-adapter.html,26990,26990,si,N/A
2026-09-23,20:16:35,airsoftrhino,Maple Leaf Hot Shot Hop Up...,https://airsoftrhino.cl/liquidacion/4100-maple-leaf-hot-shot-hop-up-60-grados.html,8990,8990,si,N/A
2026-09-23,20:16:35,airsoftrhino,Action Army Drum Mag...,https://airsoftrhino.cl/repuestos-action-army/3096-action-army-drum-mag-loading-set-u01-026-1-.html,26000,26000,si,N/A
2026-09-23,20:16:35,airsoftrhino,SRC ROTARY STYLE HOP-UP M4...,https://airsoftrhino.cl/repuestos-aeg/2330-src-rotary-style-hop-up-m4-m16-polimero-sm4-139--4715997083054.html,9000,9000,si,N/A
2026-09-23,20:16:35,airsoftrhino,Crimson NPAS for VFC / APFG...,https://airsoftrhino.cl/repuestos-gbb/4304-crimson-npas-for-vfc-apfg-maruyama.html,15990,15990,si,N/A
2026-09-23,20:16:35,airsoftrhino,Maple Leaf Cool Shot Hop Up...,https://airsoftrhino.cl/liquidacion/4101-maple-leaf-cool-shot-hop-up-rubber-for-ghk-gbb-70-grados.html,8990,8990,si,N/A
2026-09-23,20:16:35,airsoftrhino,Maple Leaf Cañon AEG 6.02Ø...,https://airsoftrhino.cl/respuestos-maple-leaf-y-t-nt/2338-maple-leaf-canon-aeg-602o-410mm-.html,42000,42000,si,N/A
2026-09-23,20:16:35,airsoftrhino,"Hi-Capa "" Ion "" Nozzle Springs",https://airsoftrhino.cl/waldo-dymanics/4306-hi-capa-ion-nozzle-springs.html,15990,15990,si,N/A
2026-09-23,20:16:35,airsoftrhino,Maple Leaf Leva Hop Up de...,https://airsoftrhino.cl/liquidacion/4102-maple-leaf-leva-hop-up-de-acero-ksckwa.html,8990,8990,si,N/A
2026-09-23,20:16:35,airsoftrhino,SHS CABEZA CILINDRO V7 M14...,https://airsoftrhino.cl/repuestos-aeg/2274-shs-cabeza-cilindro-v7-m14-gt0011-.html,12000,12000,si,N/A
2026-09-23,20:16:35,airsoftrhino,Muelles de retroceso...,https://airsoftrhino.cl/waldo-dymanics/4307-3519-muelles-de-retroceso-hi-capa-ion.html,15990,15990,si,N/A
2026-09-23,20:16:35,airsoftrhino,Maple Leaf VSR-10 Enchanced...,https://airsoftrhino.cl/liquidacion/4103-maple-leaf-vsr-10-enchanced-stock-bolts.html,8990,8990,si,N/A
2026-09-23,20:16:35,airsoftrhino,"AAP-01/Glock Series ""Ion""...",https://airsoftrhino.cl/waldo-dymanics/4308-aap-01glock-series-ion-nozzle-springs.html,12990,12990,si,N/A
2026-09-23,20:16:35,airsoftrhino,Maple Leaf VSR-10 Enlarged...,https://airsoftrhino.cl/liquidacion/4104-maple-leaf-vsr-10-enlarged-magazine-catch-set.html,8990,8990,si,N/A
2026-09-23,20:16:35,airsoftrhino,Cañon AEG Action Army 6.01...,https://airsoftrhino.cl/repuestos-action-army/2365-canon-aeg-action-army-601-455mm-.html,35990,35990,si,N/A
2026-09-23,20:16:35,airsoftrhino,Tokyo Marui MWS Gas...,https://airsoftrhino.cl/waldo-dymanics/4309-tokyo-marui-mws-gas-blowback-ion-nozzle-springs.html,16990,16990,si,N/A
2026-09-23,20:16:35,airsoftrhino,Action Army T10 Snake flash...,https://airsoftrhino.cl/repuestos-action-army/2977-action-army-t10-snake-flash-supressor-t10-039.html,39990,39990,no,N/A
2026-09-23,20:16:35,airsoftrhino,SRC RESORTE M90 AEG    sm4-31,https://airsoftrhino.cl/repuestos-aeg/2373-m120-400-fps-spring-aeg-src.html,8000,8000,si,N/A
2026-09-23,20:16:35,airsoftrhino,"AAP-01 ""Xeno"" Short Stroke Kit",https://airsoftrhino.cl/waldo-dymanics/4310-aap-01-xeno-short-stroke-kit.html,17990,17990,si,N/A
2026-09-23,20:16:35,airsoftrhino,AAP-01 Ion Recoil Spring 130%,https://airsoftrhino.cl/waldo-dymanics/4311-aap-01-ion-recoil-spring-004311.html,16990,16990,si,N/A
2026-09-23,20:16:35,airsoftrhino,SRC SR16 Dummy Bolt ( SM4-38 ),https://airsoftrhino.cl/repuestos-aeg/2377-src-sr16-dummy-bolt-sm4-38--4715997070559.html,4000,4000,si,N/A
2026-09-23,20:16:35,airsoftrhino,"VFC M4/416 ""Ion"" Winter...",https://airsoftrhino.cl/waldo-dymanics/4312-vfc-m4416-ion-winter-recoil-spring.html,27990,27990,no,N/A
2026-09-23,20:16:35,airsoftrhino,Valvula Gas Action Army...,https://airsoftrhino.cl/repuestos-action-army/3278-valvula-gas-action-army-m700-b03-004-.html,11990,11990,si,N/A
2026-09-23,20:16:35,airsoftrhino,SRC G36 - KV culata...,https://airsoftrhino.cl/repuestos-aeg/1774-sr36kv-retractable-folding-stock.html,32000,32000,si,N/A
2026-09-23,20:16:35,airsoftrhino,"VFC/GHK M4 Enhanced ""Ion""...",https://airsoftrhino.cl/waldo-dymanics/4313-vfcghk-m4-enhanced-ion-recoil-spring.html,27990,27990,no,N/A
2026-09-23,20:16:35,airsoftrhino,SRC M16 Fixed Stock AEG (...,https://airsoftrhino.cl/repuestos-aeg/1776-m16-fixed-stock-aeg-sm4-57-.html,26000,26000,no,N/A
2026-09-23,20:16:35,airsoftrhino,WE SMG 8 MP7 Loading Nozzle,https://airsoftrhino.cl/inicio/4314-we-smg-8-mp7-loading-nozzle.html,25000,25000,no,N/A
2026-09-23,20:16:35,airsoftrhino,Maple Leaf Tactical Folding...,https://airsoftrhino.cl/respuestos-maple-leaf-y-t-nt/3497-3223-maple-leaf-tactical-folding-stock-for-vsr-10-mlc-338-with-hinge-mlc-s2-.html,54900,54900,si,N/A
2026-09-23,20:16:35,airsoftrhino,Lightweight Handguard for...,https://airsoftrhino.cl/repuestos-action-army/3280-1922-lightweight-handguard-for-aap0101c-bk-u01-032-1.html,36990,36990,si,N/A
2026-09-23,20:16:35,airsoftrhino,SRC Culata PDW Retractil...,https://airsoftrhino.cl/repuestos-aeg/1539-culata-pdw-retractil-para-m4-sm4-134-.html,49000,49000,si,N/A
2026-09-23,20:16:35,airsoftrhino,SRC NOZZLE SR92,https://airsoftrhino.cl/repuestos/4333-src-nozzle-sr92.html,12000,12000,si,N/A
2026-09-23,20:16:35,airsoftrhino,Maple Leaf Wonder...,https://airsoftrhino.cl/respuestos-maple-leaf-y-t-nt/4171-maple-leaf-wonder-gbbvsr10-70-.html,13000,13000,si,N/A
2026-09-23,20:16:35,airsoftrhino,90 degree piston for...,https://airsoftrhino.cl/repuestos-action-army/3339-90-degree-piston-for-l96-marui-system-b04-003-.html,34000,34000,si,N/A
2026-09-23,20:16:35,airsoftrhino,SRC ANTI-REVERSE LATCH (...,https://airsoftrhino.cl/repuestos-aeg/2403-src-anti-reverse-latch-sm4-14--4715997070313.html,7000,7000,si,N/A
2026-09-23,20:16:35,airsoftrhino,Action Army - TM L96 Spring...,https://airsoftrhino.cl/repuestos-action-army/3340-action-army-tm-l96-spring-guide-b04-004-.html,28000,28000,si,N/A
2026-09-23,20:16:35,airsoftrhino,SRC Hop-Up Bucking SR4 AEG...,https://airsoftrhino.cl/repuestos-aeg/2404-src-hop-up-bucking-sr4-aeg-sm4-129--4715997079279.html,6000,6000,si,N/A
2026-09-23,20:16:35,airsoftrhino,ACTION ARMY TOKYO MARUI...,https://airsoftrhino.cl/repuestos-action-army/3342-action-army-tokyo-marui-m40a5-spring-guide-b06-002-.html,28000,28000,si,N/A
2026-09-23,20:16:35,airsoftrhino,SRC tubo de culata de 6...,https://airsoftrhino.cl/repuestos-aeg/2406-6-position-retractable-stock-buffer-src-sm4-49--4715997072577.html,23990,23990,si,N/A
2026-09-23,20:16:35,airsoftrhino,TMC Juego de repuestos para...,https://airsoftrhino.cl/repuestos/2131-tmc-juego-de-repuestos-para-glock-17-vfc-tmc-vg17-sp-.html,11990,11990,si,N/A
2026-09-23,20:16:35,airsoftrhino,Maple Leaf piston de peso...,https://airsoftrhino.cl/respuestos-maple-leaf-y-t-nt/4360-maple-leaf-piston-de-peso-variable-para-zero-trigger-7075-aluminum.html,82990,82990,si,N/A
2026-09-23,20:16:35,airsoftrhino,SRC Guia de resorte simple...,https://airsoftrhino.cl/repuestos-aeg/2409-src-guia-de-resorte-simple-up-51--4715997079286.html,2000,2000,si,N/A
2026-09-23,20:16:35,airsoftrhino,SHS Cabeza de Cilindro Ver....,https://airsoftrhino.cl/repuestos-aeg/2424-cabeza-de-cilindro-ver-ii-bore-up-shs-gt0083-aluminio.html,12000,12000,si,N/A
2026-09-23,20:16:35,airsoftrhino,Action Army Contactos para...,https://airsoftrhino.cl/repuestos-action-army/505-action-army-contactos-para-motor-aeg-a10-009-.html,7000,7000,si,N/A
2026-09-23,20:16:35,airsoftrhino,CONVERSION ALUMINUM KIT...,https://airsoftrhino.cl/repuestos-aeg/2428-conversion-aluminum-kit-silenced-cylinder-head-piston-head-for-ver2-shs-shs-sk-0001.html,20000,20000,si,N/A
2026-09-23,20:16:35,airsoftrhino,SHS magazine release V.2...,https://airsoftrhino.cl/repuestos-aeg/2429-1614-shs-magazine-release-v2-cnc-m4-54-.html,16000,16000,si,N/A
2026-09-23,20:16:35,airsoftrhino,SHS M4 SAFETY SELECTOR...,https://airsoftrhino.cl/repuestos-aeg/2430-1613-shs-m4-safety-selector-lever-m4-58-.html,9000,9000,si,N/A
2026-09-23,20:16:35,airsoftrhino,GATE EON tappet plate V2 (...,https://airsoftrhino.cl/gate/2494-gate-eon-tappet-plate-v2-tp-v2--5904121820736.html,28000,28000,no,N/A
2026-09-23,20:16:35,airsoftrhino,CYMA Nozzle Plate For L96...,https://airsoftrhino.cl/repuestos-sniper/3643-cyma-nozzle-plate-for-l96-air-cocking-sniper-rifle-cm703-01-.html,8000,8000,si,N/A
2026-09-23,20:16:35,airsoftrhino,GATE HIGH SPEED Piston Head...,https://airsoftrhino.cl/gate/2496-gate-high-speed-piston-head-pom-ph-hs2--5904121821245.html,25000,25000,no,N/A
2026-09-23,20:16:35,airsoftrhino,Action Army Specialized...,https://airsoftrhino.cl/repuestos-action-army/3873-action-army-specialized-trigger-vsr10.html,149000,149000,si,N/A
2026-09-23,20:16:35,airsoftrhino,GATE Quantum Trigger (...,https://airsoftrhino.cl/gate/2498-gate-quantum-trigger-qt-1b1--5902020754770.html,32000,32000,si,N/A
2026-09-23,20:16:35,airsoftrhino,cañon Action Army kj m700 /...,https://airsoftrhino.cl/repuestos-action-army/3948-canon-kj-m700-psg1-640mm-.html,59990,59990,si,N/A
2026-09-23,20:16:35,airsoftrhino,GATE Installation Kit for...,https://airsoftrhino.cl/gate/2499-gate-installation-kit-for-aster-v2-5904730532785.html,9990,9990,si,N/A
2026-09-23,20:16:35,airsoftrhino,Cañon Action Army L96 6.01...,https://airsoftrhino.cl/repuestos/3949-canon-action-army-l96-601-510mm-.html,35990,35990,si,N/A
2026-09-23,20:16:35,airsoftrhino,GATE AEG Heatshrinks Set...,https://airsoftrhino.cl/gate/2500-gate-aeg-heatshrinks-set-termo-contraible-5904730532136.html,6000,6000,si,N/A
2026-09-23,20:16:35,airsoftrhino,GATE Flat Connectors...,https://airsoftrhino.cl/gate/2501-gate-flat-connectors-28x05-male-female-set--5904730532129.html,3500,3500,si,N/A
2026-09-23,20:16:35,airsoftrhino,Action Army Piston...,https://airsoftrhino.cl/repuestos-action-army/507-piston-reforzado-para-type-96-well-mb01-piston.html,33000,33000,no,N/A
2026-09-23,20:16:35,airsoftrhino,Action Army T10 Tactical...,https://airsoftrhino.cl/repuestos-action-army/4054-3115-action-army-t10-tactical-trigger-type-b.html,19990,19990,si,N/A
2026-09-23,20:16:35,airsoftrhino,SRC Cabeza de cilindro G36...,https://airsoftrhino.cl/repuestos-aeg/2529-cabeza-de-cilindro-g36-src.html,11990,11990,si,N/A
2026-09-23,20:16:35,airsoftrhino,Goma Hop Rubber ( A09-002 ),https://airsoftrhino.cl/repuestos-action-army/4056-goma-hop-rubber-a09-002-.html,7000,7000,si,N/A
2026-09-23,20:16:35,airsoftrhino,SRC Aluminum AK-Style Air...,https://airsoftrhino.cl/repuestos-aeg/2531-src-aluminum-ak-style-air-nozzle-up-35--4715997072973.html,8000,8000,si,N/A
2026-09-23,20:16:35,airsoftrhino,SRC adaptador CW to CCW -...,https://airsoftrhino.cl/repuestos-aeg/1899-src-adaptador-cw-to-ccw-14mm-up-42--4715997073697.html,8000,8000,no,N/A
2026-09-23,20:16:35,airsoftrhino,Action Army - Aluminum...,https://airsoftrhino.cl/repuestos-action-army/2547-action-army-aluminum-piston-head-a04-003-.html,11990,11990,si,N/A
2026-09-23,20:16:35,airsoftrhino,AAP-01/01C Barrel Extension...,https://airsoftrhino.cl/repuestos-action-army/3281-1924-aap0101c-barrel-extension-70mm-fde-red-.html,29000,29000,si,N/A
2026-09-23,20:16:35,airsoftrhino,Maple Leaf Cañon AEG 6.02Ø...,https://airsoftrhino.cl/repuestos-aeg/2564-maple-leaf-canon-aeg-602o-250mm.html,34000,34000,si,N/A
2026-09-23,20:16:35,airsoftrhino,AAP-01/01C Barrel Extension...,https://airsoftrhino.cl/repuestos/3282-3420-aap0101c-barrel-extension-130mm-uo1-032-.html,36000,36000,si,N/A
2026-09-23,20:16:35,airsoftrhino,WADSN BALL BEARING 8MM (...,https://airsoftrhino.cl/repuestos-aeg/2574-wadsn-ball-bearing-8mm-fb06008-.html,9000,9000,no,N/A
2026-09-23,20:16:35,airsoftrhino,Type96 mag catch Action...,https://airsoftrhino.cl/inicio/4277-type96-mag-catch-action-army-b02-015.html,16000,16000,si,N/A
2026-09-23,20:16:35,airsoftrhino,WADSN BALL BEARING 7MM (...,https://airsoftrhino.cl/repuestos-aeg/2575-wadsn-ball-bearing-7mm-fb06007-.html,9000,9000,si,N/A
2026-09-23,20:16:35,airsoftrhino,Action Army M700 Hop-up...,https://airsoftrhino.cl/inicio/4278-action-army-m700-hop-up-omega-nub-black-b03-016.html,6990,6990,si,N/A
2026-09-23,20:16:35,airsoftrhino,BALL BEARING 9MM ( FB06009 ),https://airsoftrhino.cl/repuestos-aeg/2576-ball-bearing-9mm-fb06009-.html,9000,9000,si,N/A
2026-09-23,20:16:35,airsoftrhino,Action Army T10 Monopod...,https://airsoftrhino.cl/inicio/4279-action-army-t10-monopod-t10-05.html,79990,79990,si,N/A
2026-09-23,20:16:35,airsoftrhino,SHS BALL BEARING 6MM (...,https://airsoftrhino.cl/repuestos-aeg/2599-shs-ball-bearing-6mm-zt0017-.html,9000,9000,si,N/A
2026-09-23,20:16:35,airsoftrhino,ACTION ARMY Kit de...,https://airsoftrhino.cl/repuestos-action-army/4280-action-army-kit-de-herramientas-cargador-corto-t11.html,9990,9990,si,N/A
2026-09-23,20:16:35,airsoftrhino,A&K Hop Up Chamber Set for...,https://airsoftrhino.cl/repuestos/2624-ak-hop-up-chamber-set-for-masada-aeg-g009--859188426474.html,32000,32000,si,N/A
2026-09-23,20:16:35,airsoftrhino,selector plate v3 para AK (...,https://airsoftrhino.cl/repuestos-aeg/2627-selector-plate-v3-para-ak-pw0201-.html,9000,9000,si,N/A
2026-09-23,20:16:35,airsoftrhino,Battleaxe M14 Tappet Plate...,https://airsoftrhino.cl/repuestos-aeg/2628-battleaxe-m14-tappet-plate-gearbox-bx-bw0068-.html,13000,13000,si,N/A
2026-09-23,20:16:35,airsoftrhino,deepfire air nozzle m14 AEG...,https://airsoftrhino.cl/repuestos-aeg/2632-deepfire-air-nozzle-m14-aeg-dpfe-cpn08p-.html,8000,8000,si,N/A
2026-09-23,20:16:35,airsoftrhino,Nozzle aluminio MP5 seal...,https://airsoftrhino.cl/repuestos-aeg/2634-nozzle-aluminio-mp5-seal-nozle.html,8000,8000,si,N/A
2026-09-23,20:16:35,airsoftrhino,AIR SEAL NOZZLE THOMPSON (...,https://airsoftrhino.cl/repuestos-aeg/2638-air-seal-nozzle-thompson-in0706-.html,9000,9000,si,N/A
2026-09-23,20:16:35,airsoftrhino,TMC TAPPET PLATE FOR V2...,https://airsoftrhino.cl/repuestos/2665-tmc-tappet-plate-for-v2-gearbox-tmc-v2tp-rd-.html,5000,5000,si,N/A
2026-09-23,20:16:35,airsoftrhino,TMC CT Stock CTR G2 CULATA,https://airsoftrhino.cl/repuestos-aeg/2671-1701-tmc-ct-stock-ctr-g2-culata.html,19990,19990,si,N/A
2026-09-23,20:16:35,airsoftrhino,SRC gearbox spring set V2 (...,https://airsoftrhino.cl/repuestos-aeg/2678-src-gearbox-spring-setv2-4715997070641.html,7990,7990,no,N/A
2026-09-23,20:16:35,airsoftrhino,SRC selector plate  ( SM4-13 ),https://airsoftrhino.cl/repuestos-aeg/2679-src-selector-plate-sm4-13--4715997070306.html,8000,8000,si,N/A
2026-09-23,20:16:35,airsoftrhino,Maple Leaf Cañon AEG 6.02Ø...,https://airsoftrhino.cl/respuestos-maple-leaf-y-t-nt/2729-maple-leaf-canon-aeg-602o-229mm-ml-a229-.html,34000,34000,si,N/A
2026-09-23,20:16:35,airsoftrhino,Maple Leaf Cañon AEG 6.02Ø...,https://airsoftrhino.cl/respuestos-maple-leaf-y-t-nt/2730-maple-leaf-canon-aeg-602o-455mm.html,42000,42000,si,N/A
2026-09-23,20:16:35,airsoftrhino,Maple Leaf Cañon AEG 6.02Ø...,https://airsoftrhino.cl/respuestos-maple-leaf-y-t-nt/2731-maple-leaf-canon-aeg-602o-510mm-.html,46000,46000,si,N/A
2026-09-23,20:16:35,airsoftrhino,Maple Leaf Cañon AEG 6.02Ø...,https://airsoftrhino.cl/respuestos-maple-leaf-y-t-nt/2732-maple-leaf-canon-aeg-602o-540mm-.html,47000,47000,si,N/A
2026-09-23,20:16:35,airsoftrhino,SRC V2 Cylinder head ( UP-61 ),https://airsoftrhino.cl/repuestos-aeg/2752-src-v2-cylinder-head-up-61--4715997083252.html,13900,13900,si,N/A
2026-09-23,20:16:35,airsoftrhino,SHS GEAR SET SPEED SR25 (...,https://airsoftrhino.cl/repuestos-aeg/2774-shs-gear-set-speed-sr25-cl14013-.html,31990,31990,si,N/A
2026-09-23,20:16:35,airsoftrhino,SHS spring set V7 gearbox (...,https://airsoftrhino.cl/repuestos-aeg/2776-shs-spring-set-v7-gearbox-th0044-.html,7990,7990,si,N/A
2026-09-23,20:16:35,airsoftrhino,SHS SR25 AR10 nozzle 24mm (...,https://airsoftrhino.cl/repuestos-aeg/2777-shs-sr25-ar10-nozzle-24mm-tz0094-.html,9990,9990,no,N/A
2026-09-23,20:16:35,airsoftrhino,SHS Tappet Plate V3 ( NB0025 ),https://airsoftrhino.cl/repuestos-aeg/2780-shs-tappet-plate-v3-nb0025-.html,6990,6990,si,N/A
2026-09-23,20:16:35,airsoftrhino,SHS Tappet Plate V7 ( NB0038 ),https://airsoftrhino.cl/repuestos-aeg/2781-shs-tappet-plate-v7-nb0038-.html,6990,6990,no,N/A
2026-09-23,20:16:35,airsoftrhino,SHS M14 Gear set ( CL6010 ),https://airsoftrhino.cl/repuestos-aeg/2788-shs-m14-gear-set-cl6010-.html,29990,29990,si,N/A
2026-09-23,20:16:35,airsoftrhino,SHS Selector Plate V3 AK (...,https://airsoftrhino.cl/repuestos-aeg/2789-shs-selector-plate-v3-ak-nb0020-.html,7990,7990,si,N/A
2026-09-23,20:16:35,airsoftrhino,SHS MP5K nozzle 21mm (...,https://airsoftrhino.cl/repuestos-aeg/2790-shs-mp5k-nozzle-21mm-tz0087-.html,8990,8990,si,N/A
2026-09-23,20:16:35,airsoftrhino,SHS 9mm Ball bushing (...,https://airsoftrhino.cl/repuestos-aeg/2793-shs-9mm-ball-bushing-zt0020-.html,8990,8990,si,N/A
2026-09-23,20:16:35,airsoftrhino,SHS 8mm Ball bushing (...,https://airsoftrhino.cl/repuestos-aeg/2794-shs-7mm-ball-bushing-zt0018-.html,8990,8990,si,N/A
2026-09-23,20:16:35,airsoftrhino,SHS 6mm Ball bushing (...,https://airsoftrhino.cl/repuestos-aeg/2795-shs-6mm-ball-bushing-zt0017-.html,8990,8990,si,N/A
2026-09-23,20:16:35,airsoftrhino,SHS M4 hop up chamber parts...,https://airsoftrhino.cl/repuestos-aeg/2796-shs-m4-hop-up-chamber-parts-t-t-0027-.html,8990,8990,si,N/A
2026-09-23,20:16:35,airsoftrhino,Action Army 40000R Infinity...,https://airsoftrhino.cl/repuestos-action-army/2799-action-army-40000r-infinity-motor-long-axis.html,69000,69000,si,N/A
2026-09-23,20:16:35,airsoftrhino,SRC Steel Gear set & 8mm...,https://airsoftrhino.cl/repuestos-aeg/2803-src-steel-gear-set-8mm-bearing-set-up-25--4715997072829.html,28000,28000,si,N/A
2026-09-23,20:16:35,airsoftrhino,SRC G36 2X LOCK PIN SET...,https://airsoftrhino.cl/repuestos-aeg/2806-src-g36-2x-lock-pin-set-sg36-26-4715997072362.html,8000,8000,si,N/A
2026-09-23,20:16:35,airsoftrhino,ENGRANAJE CONICO DE ACERO...,https://airsoftrhino.cl/repuestos-aeg/2842-engranaje-conico-de-acero-v2-src-up-11--4715997071624.html,6000,6000,si,N/A
2026-09-23,20:16:35,airsoftrhino,Tappet Plate SRC SM4-12,https://airsoftrhino.cl/repuestos-aeg/2844-tappet-plate-src-sm4-12.html,6000,6000,si,N/A
2026-09-23,20:16:35,airsoftrhino,PLASTIC FIBER OPTIC BACK (...,https://airsoftrhino.cl/repuestos-aeg/2845-plastic-fiber-optic-back-sm4-127--4715997078777.html,9000,9000,si,N/A
2026-09-23,20:16:35,airsoftrhino,ACTION ARMY - Spring Guide...,https://airsoftrhino.cl/repuestos/3232-action-army-spring-guide-ver-ii-a07-003-.html,26000,26000,si,N/A
2026-09-23,20:16:35,airsoftrhino,Action Army Cilindro de...,https://airsoftrhino.cl/repuestos/3231-action-army-cilindro-de-nitroflon-de-34-orificios-a03-004-.html,26000,26000,no,N/A
2026-09-23,20:16:35,airsoftrhino,GATE Cable de baja...,https://airsoftrhino.cl/gate/3130-gate-cable-de-baja-resistencia-2x-60-cm-2x2-pies--5904730532143.html,8900,8900,si,N/A
2026-09-23,20:16:35,airsoftrhino,PULSAR D Dual Solenoid HPA...,https://airsoftrhino.cl/gate/3129-pulsar-d-dual-solenoid-hpa-engine-titan-ii-bluetooth-expert-for-v2-gb.html,540000,540000,si,N/A
2026-09-23,20:16:35,airsoftrhino,Maple Leaf Cañon AEG 6.02Ø...,https://airsoftrhino.cl/respuestos-maple-leaf-y-t-nt/3085-maple-leaf-canon-aeg-602o-470mm-.html,39990,39990,si,N/A
2026-09-23,20:16:35,airsoftrhino,T.N.T.  S +AIR-CUSHION...,https://airsoftrhino.cl/respuestos-maple-leaf-y-t-nt/3029-tnt-s-air-cushion-380mm-aeg.html,108990,108990,si,N/A
2026-09-23,20:16:35,airsoftrhino,Attack Shark Flash Hider(B)...,https://airsoftrhino.cl/repuestos/2969-attack-shark-flash-hiderb-up-41b.html,24000,24000,si,N/A
2026-09-23,20:16:35,airsoftrhino,Aluminum Silent Cylinder...,https://airsoftrhino.cl/repuestos-aeg/3271-aluminum-silent-cylinder-head-for-ver2-fb02003-.html,9990,9990,si,N/A
2026-09-23,20:16:35,airsoftrhino,Action Army 35000R Infinity...,https://airsoftrhino.cl/repuestos-action-army/3276--action-army-35000r-infinity-motor-long-axis.html,69000,69000,si,N/A
2026-09-23,20:16:35,airsoftrhino,Cañon AEG Action Army 6.01...,https://airsoftrhino.cl/repuestos-action-army/3343-canon-aeg-action-army-601-540mm-.html,35990,35990,no,N/A
2026-09-23,20:16:35,airsoftrhino,Cañon AEG Action Army 6.01...,https://airsoftrhino.cl/repuestos-action-army/3344-canon-aeg-action-army-601-250mm-.html,28990,28990,si,N/A
2026-09-23,20:16:35,airsoftrhino,Cañon AEG Action Army 6.01...,https://airsoftrhino.cl/repuestos-action-army/3345-canon-aeg-action-army-601-290mm-.html,32990,32990,si,N/A
2026-09-23,20:16:35,airsoftrhino,Cañon AEG Action Army 6.01...,https://airsoftrhino.cl/repuestos-action-army/3346-canon-aeg-action-army-601-370mm-d01-016.html,33990,33990,si,N/A
2026-09-23,20:16:35,airsoftrhino,SHS INTERNO CAMARA HOP UP...,https://airsoftrhino.cl/repuestos-aeg/3354-shs-interno-camara-hop-up-m4-polimero-t-t0093-.html,13000,13000,si,N/A
2026-09-23,20:16:35,airsoftrhino,SHS Cilindro de acero...,https://airsoftrhino.cl/repuestos-aeg/3355-shs-cilindro-de-acero-inoxidable-qg0002-.html,13000,13000,si,N/A
2026-09-23,20:16:35,airsoftrhino,SHS Cilindro de acero...,https://airsoftrhino.cl/repuestos-aeg/3356-shs-cilindro-de-acero-inoxidable-aeg-qg0001-.html,13000,13000,si,N/A
2026-09-23,20:16:35,airsoftrhino,Golden Eagle VIPER...,https://airsoftrhino.cl/repuestos-aeg/3368-golden-eagle-viper-retractable-stock-for-ar-type-stock.html,19990,19990,no,N/A
2026-09-23,20:16:35,airsoftrhino,PLASTIC FIBER OPTIC FRONT...,https://airsoftrhino.cl/repuestos-aeg/3438--set-plastic-fiber-optic-front-sight-sm4-126.html,9000,9000,si,N/A
2026-09-23,20:16:35,airsoftrhino,4UANTUM Friction Pro-High...,https://airsoftrhino.cl/repuestos-aeg/3500-4uantum-friction-pro-high-performance-aeg-bucking-aeg-001-.html,14000,14000,si,N/A
2026-09-23,20:16:35,airsoftrhino,Maple Leaf Cañon AEG 6.02Ø...,https://airsoftrhino.cl/respuestos-maple-leaf-y-t-nt/3517-maple-leaf-canon-aeg-602o-250mm-.html,34000,34000,no,N/A
2026-09-23,20:16:35,airsoftrhino,Maple Leaf Cañon AEG 6.02Ø...,https://airsoftrhino.cl/respuestos-maple-leaf-y-t-nt/3518-maple-leaf-canon-aeg-602o-310mm-.html,38000,38000,si,N/A
2026-09-23,20:16:35,airsoftrhino,NOZZLE METALICO PARA G36...,https://airsoftrhino.cl/repuestos-aeg/3533-nozzle-metalico-para-g36-aeg-big-dragon-bd1128-.html,9000,9000,si,N/A
2026-09-23,20:16:35,airsoftrhino,NOZZLE METALICO PARA M14...,https://airsoftrhino.cl/repuestos-aeg/3534-nozzle-metalico-para-m14-big-dragon-bd1124-.html,9000,9000,si,N/A
2026-09-23,20:16:35,airsoftrhino,GATE POM Sealed Nozzle...,https://airsoftrhino.cl/gate/3568-gate-pom-sealed-nozzle-1960-mm-ak47--5904121820521.html,14900,14900,si,N/A
2026-09-23,20:16:35,airsoftrhino,GATE POM Sealed Nozzle...,https://airsoftrhino.cl/gate/3569-gate-pom-sealed-nozzle-2125mm-m4m16--5902020754954.html,14900,14900,no,N/A
2026-09-23,20:16:35,airsoftrhino,GATE POM Sealed Nozzle...,https://airsoftrhino.cl/gate/3570-gate-pom-sealed-nozzle-2140-mm-m4m16--5902020754930.html,14900,14900,si,N/A
2026-09-23,20:16:35,airsoftrhino,GATE POM Sealed Nozzle...,https://airsoftrhino.cl/gate/3571-gate-pom-sealed-nozzle-2400-mm-sr25--5902020754916.html,14900,14900,si,N/A
2026-09-23,20:16:35,airsoftrhino,Tactical Stock SRC  ( SM4-64 ),https://airsoftrhino.cl/repuestos-aeg/3584-tactical-stock-src-sm4-64.html,14000,14000,si,N/A
2026-09-23,20:16:35,airsoftrhino,SRC TAPPET PLATE AK V3 (...,https://airsoftrhino.cl/repuestos-aeg/3585-src-tappet-plate-ak-v3-sak-06--4715997071174.html,8000,8000,si,N/A
2026-09-23,20:16:35,airsoftrhino,SRC SELECTOR PLATE V3  AK...,https://airsoftrhino.cl/repuestos-aeg/3586-src-selector-plate-v3-ak-series-sak-10--4715997071211.html,8000,8000,si,N/A
2026-09-23,20:16:35,airsoftrhino,SRC semi/auto control lever...,https://airsoftrhino.cl/repuestos-aeg/3587-src-semiauto-control-lever-v3-ak-series-sak-11-4715997071228.html,6000,6000,si,N/A
2026-09-23,20:16:35,airsoftrhino,AK FLASH HIDER (SAK-19),https://airsoftrhino.cl/repuestos-aeg/3588-ak-flash-hider-src-sak-19-4715997071303.html,13990,13990,si,N/A
2026-09-23,20:16:35,airsoftrhino,METAL HOP UP CHAMBER G36...,https://airsoftrhino.cl/repuestos-aeg/3589-metal-hop-up-chamber-g36-src-sg36-02--4715997072126.html,16000,16000,si,N/A
2026-09-23,20:16:35,airsoftrhino,SRC TAPPET PLATE G36 (...,https://airsoftrhino.cl/repuestos-aeg/3590-src-tappet-plate-g36-sg36-16--4715997072263.html,8000,8000,si,N/A
2026-09-23,20:16:35,airsoftrhino,PULSAR S HPA Engine & TITAN...,https://airsoftrhino.cl/gate/3619-pulsar-s-hpa-engine-titan-ii-bluetooth-expert-for-v2-gb.html,368990,368990,si,N/A
2026-09-23,20:16:35,airsoftrhino,CYMA M14 AEG Plastic Hop-Up...,https://airsoftrhino.cl/repuestos-aeg/3641-cyma-m14-aeg-plastic-hop-up-chamber-set-hop-m14-.html,16000,16000,si,N/A
2026-09-23,20:16:35,airsoftrhino,CYMA Drangunov SVDS AEG...,https://airsoftrhino.cl/repuestos-aeg/3645-cyma-drangunov-svds-aeg-sniper-rifle-steel-gear-set-svd-gear-set-.html,35000,35000,si,N/A
2026-09-23,20:16:35,airsoftrhino,CYMA SVD series AEG...,https://airsoftrhino.cl/repuestos-aeg/3648-cyma-svd-series-aeg-aluminum-cylinder-head-c350-.html,16000,16000,si,N/A
2026-09-23,20:16:35,airsoftrhino,SHS Gearbox V3 QD AK Series...,https://airsoftrhino.cl/repuestos-aeg/3669-shs-gearbox-v3-qd-ak-series-bx0042-.html,36990,36990,si,N/A
2026-09-23,20:16:35,airsoftrhino,SHS gearbox spring set V3 (...,https://airsoftrhino.cl/repuestos-aeg/3672-shs-gearbox-spring-set-v3-th0038-.html,4990,4990,si,N/A
2026-09-23,20:16:35,airsoftrhino,SHS SHS NEODYMIUM MAGNET...,https://airsoftrhino.cl/repuestos/3674-shs-shs-neodymium-magnet-ultra-high-torque-aeg.html,55000,55000,no,N/A
2026-09-23,20:16:35,airsoftrhino,SHS Metal Sector Delayer...,https://airsoftrhino.cl/repuestos/3676-shs-metal-sector-delayer-chip-pm0044.html,4000,4000,si,N/A
2026-09-23,20:16:35,airsoftrhino,WADSN BEARING METAL 8MM (...,https://airsoftrhino.cl/repuestos-aeg/3695-wadsn-bearing-metal-8mm-in0204-.html,10990,10990,si,N/A
2026-09-23,20:16:35,airsoftrhino,WADSN Hop-Up Chamber for AK...,https://airsoftrhino.cl/repuestos-aeg/3698-hop-up-chamber-for-ak-series-cnc-fb02203-.html,32000,32000,si,N/A
2026-09-23,20:16:35,airsoftrhino,WADSN Hop-Up Chamber for M4...,https://airsoftrhino.cl/repuestos-aeg/3699-wadsn-hop-up-chamber-for-m4-series-cnc-fb02202-.html,32000,32000,si,N/A
2026-09-23,20:16:35,airsoftrhino,SRC Kit madera para AK74...,https://airsoftrhino.cl/repuestos-aeg/3751-src-m16-culata-llena.html,79000,79000,si,N/A
2026-09-23,20:16:35,airsoftrhino,Kit para SVD Dragunov,https://airsoftrhino.cl/repuestos-aeg/3753-src-m16-culata-llena.html,39990,39990,si,N/A
2026-09-23,20:16:35,airsoftrhino,AIM TOP AEG Spring M115,https://airsoftrhino.cl/repuestos-aeg/3810-aim-top-aeg-spring-m115.html,12890,12890,si,N/A
2026-09-23,20:16:35,airsoftrhino,AIM TOP AEG Spring M130,https://airsoftrhino.cl/repuestos-aeg/3812-aim-top-aeg-spring-m130-.html,13990,13990,si,N/A
2026-09-23,20:16:35,airsoftrhino,Motor cuello largo  AIM TOP...,https://airsoftrhino.cl/repuestos/3813-motor-cuello-largo-aim-top-m120.html,59000,59000,si,N/A
2026-09-23,20:16:35,airsoftrhino,xcortech xet304μ mosfet,https://airsoftrhino.cl/repuestos-aeg/3872-xcortech-xet304-mosfet.html,25000,25000,si,N/A
2026-09-23,20:16:35,airsoftrhino,T238 Motor Brushless Basic...,https://airsoftrhino.cl/t238/3917-t238-motor-brushless-37000rpm-long-shaft.html,97990,97990,si,N/A
2026-09-23,20:16:35,airsoftrhino,T238 CILINDRO AEG ( 100 % ),https://airsoftrhino.cl/t238/3923-t238-aeg-ptfe-coating-cylinder-100-.html,12990,12990,si,N/A
2026-09-23,20:16:35,airsoftrhino,Sujeción y tornillo para...,https://airsoftrhino.cl/repuestos-aeg/3880--click-to-expand-wadsn-stock-tube-holder-screw-for-m4-wex166.html,6000,6000,si,N/A
2026-09-23,20:16:35,airsoftrhino,A&K Masada PRS-2 style AEG...,https://airsoftrhino.cl/repuestos-aeg/3711-ak-massada-prs-2-style-aeg-stock-black.html,59000,59000,si,N/A
2026-09-23,20:16:35,airsoftrhino,Cyma Culata minimalista MFT...,https://airsoftrhino.cl/repuestos-aeg/3385-cyma-culata-minimalista-mft-m4-m16-aeg.html,29990,29990,no,N/A
2026-09-23,20:16:35,airsoftrhino,A&K Type 2 Crane Stock for...,https://airsoftrhino.cl/repuestos-aeg/3392-ak-type-2-crane-stock-for-marui-gp-m4416-.html,26000,26000,no,N/A
2026-09-23,20:16:35,airsoftrhino,SRC Steel Gear Set ( UP-10 ),https://airsoftrhino.cl/repuestos-aeg/4063-src-steel-gear-set-up-10--4715997072010.html,22000,22000,si,N/A
2026-09-23,20:16:35,airsoftrhino,Maple Leaf MR Hop 2020 AEG,https://airsoftrhino.cl/respuestos-maple-leaf-y-t-nt/4106-3170-maple-leaf-mr-hop-2020-aeg.html,13000,13000,si,N/A
2026-09-23,20:16:35,airsoftrhino,SHS Set Shims Of Gearbox (...,https://airsoftrhino.cl/repuestos-aeg/4120-shs-set-shims-of-gearbox-dq0028-.html,5990,5990,si,N/A
2026-09-23,20:16:35,airsoftrhino,SHS Steel Bushings 6MM (...,https://airsoftrhino.cl/repuestos-aeg/4121-shs-steel-bushings-6mm-zt0025-.html,9000,9000,si,N/A
2026-09-23,20:16:35,airsoftrhino,SHS Switch Interruptor de...,https://airsoftrhino.cl/repuestos-aeg/4123-shs-switch-interruptor-de-gatillo-v2-nb0027-.html,8000,8000,si,N/A
2026-09-23,20:16:35,airsoftrhino,SHS Cabeza de Piston...,https://airsoftrhino.cl/repuestos-aeg/4124-shs-cabeza-de-piston-bore-up-pt0029-.html,14990,14990,si,N/A
2026-09-23,20:16:35,airsoftrhino,Selector Plate G36,https://airsoftrhino.cl/liquidacion/4144-selector-plate-g36.html,10000,10000,si,N/A
2026-09-23,20:16:35,airsoftrhino,CYMA G18C AEP pistol Tappet...,https://airsoftrhino.cl/repuestos-aeg/4146-cyma-g18c-aep-pistol-tappet-plate-cm030-part-1-.html,8000,8000,si,N/A
2026-09-23,20:16:35,airsoftrhino,CYMA G18C AEP Pistol...,https://airsoftrhino.cl/repuestos-aeg/4147-3279-cyma-g18c-aep-pistol-gearbox-switch-cm030-part-12-.html,16000,16000,si,N/A
2026-09-23,20:16:35,airsoftrhino,Piñón de motor tipo O (...,https://airsoftrhino.cl/repuestos-aeg/4149-pinon-de-motor-tipo-o-fb06001-.html,6990,6990,si,N/A
2026-09-23,20:16:35,airsoftrhino,Aluminum spring guide v2 (...,https://airsoftrhino.cl/repuestos/4155-aluminum-spring-guide-v2-po03006-.html,13000,13000,si,N/A
2026-09-23,20:16:35,airsoftrhino,SHS Cabeza de Piston (...,https://airsoftrhino.cl/repuestos-aeg/4157-shs-cabeza-de-piston-bore-up-pt0029-.html,12000,12000,si,N/A
2026-09-23,20:16:35,airsoftrhino,Spartan Doctrina adaptador...,https://airsoftrhino.cl/repuestos-aeg/4160-spartan-doctrina-adaptador-de-silenciador-g36c-14-mm-ccw-spd-ad-10-.html,6500,6500,si,N/A
2026-09-23,20:16:35,airsoftrhino,Tappet Plate  Ver3 ( IN0504 ),https://airsoftrhino.cl/repuestos-aeg/4163-tappet-plate-ver3-in0504-.html,5000,5000,si,N/A
2026-09-23,20:16:35,airsoftrhino,SRC herramienta para motor,https://airsoftrhino.cl/repuestos-aeg/4182-src-herramienta-para-motor-4715997070658.html,45000,45000,si,N/A
2026-09-23,20:16:35,airsoftrhino,T238 AEG Piston Rack Pro...,https://airsoftrhino.cl/t238/4203-t238-aeg-piston-rack-pro-edition.html,14000,14000,si,N/A
2026-09-23,20:16:35,airsoftrhino,MOTOR GEAR SRC  SM4-42,https://airsoftrhino.cl/inicio/4214-motor-gear-src-sm4-42.html,4900,4900,si,N/A
2026-09-23,20:16:35,airsoftrhino,T238 Motor Brushless Basic...,https://airsoftrhino.cl/t238/4271-t238-brushless-25k-rpm-cuello-corto.html,97990,97990,si,N/A
2026-09-23,20:16:35,airsoftrhino,T238 DTU V2 QUALITY Micro...,https://airsoftrhino.cl/t238/4272-t238-dtu-v2-quality-micro-switch-v2-gearbox.html,49990,49990,si,N/A
2026-09-23,20:16:35,airsoftrhino,Resorte M150 AEG Action Army,https://airsoftrhino.cl/repuestos-aeg/4276--resorte-m150-aeg-action-army.html,14000,14000,si,N/A
2026-09-23,20:16:35,airsoftrhino,Tubo de culata AR15 Specna...,https://airsoftrhino.cl/inicio/4327-tubo-de-culata-ar15-specna-arms-polimero.html,10990,10990,si,N/A
2026-09-23,20:16:35,airsoftrhino,Specna Arms PRIME AR15...,https://airsoftrhino.cl/inicio/4328-specna-arms-prime-ar15-lower-receiver-black.html,22000,22000,si,N/A
2026-09-23,20:16:35,airsoftrhino,Upper Receiver for Specna...,https://airsoftrhino.cl/inicio/4329-upper-receiver-for-specna-arms-polimero.html,22000,22000,si,N/A
2026-09-23,20:16:35,airsoftrhino,PDW Specna Arms CORE SA-C07...,https://airsoftrhino.cl/inicio/4330-3557-pdw-specna-arms-core-sa-c07-para-color-negro-tan.html,59990,59990,si,N/A
2026-09-23,20:16:35,airsoftrhino,T238 DTU V3 QUALITY Micro...,https://airsoftrhino.cl/t238/4332-t238-dtu-v3-quality-micro-switch-v3-gearbox.html,49990,49990,si,N/A
2026-09-23,20:16:35,airsoftrhino,T238 18AWG Teflon Wires,https://airsoftrhino.cl/repuestos-aeg/4345-t238-18awg-teflon-wires.html,4990,4990,si,N/A
2026-09-23,20:16:35,airsoftrhino,guardamanos MOE Style SR4...,https://airsoftrhino.cl/repuestos-aeg/4019-guardamanos-moe-style-sr4-series-sr4-120-.html,16000,16000,si,N/A
2026-09-23,20:16:35,airsoftrhino,Golden Eagle M870 Gas Pump...,https://airsoftrhino.cl/repuestos/3900-golden-eagle-m870-gas-pump-action-shotgun-o-ring-set-gol-mc-89a-.html,14000,14000,si,N/A
2026-09-23,20:16:35,airsoftrhino,Golden Eagle M870 Gas Pump...,https://airsoftrhino.cl/repuestos/3901-golden-eagle-m870-gas-pump-action-shotgun-o-ring-b-set-gol-mc-89b.html,14000,14000,si,N/A
2026-09-23,20:16:35,airsoftrhino,SRC MP5 Flash hider (SR5-04),https://airsoftrhino.cl/repuestos/3906-src-mp5-flash-hider-sr5-04.html,9990,9990,si,N/A
2026-09-23,20:16:35,airsoftrhino,Revolver Umarex HDR 50 T4E .50,https://airsoftrhino.cl/traumaticas/3616-revolver-umarex-hdr-50-t4e-50.html,169000,169000,si,N/A
2026-09-23,20:16:35,airsoftrhino,Pistola Umarex HDP 50 T4E...,https://airsoftrhino.cl/traumaticas/1669-pistola-umarex-t4e-hdp-50-calibre-50-traumatica-.html,179000,179000,si,N/A
2026-09-23,20:16:35,airsoftrhino,T4E GLOCK 17 Gen5 T4E Cal...,https://airsoftrhino.cl/traumaticas/4201-t4e-glock-17-gen5-t4e-cal-43-co2-4000844771759.html,499990,499990,no,N/A
2026-09-23,20:16:35,airsoftrhino,T4E HDB 68 ESCOPETA,https://airsoftrhino.cl/traumaticas/3003-t4e-hdb-68-escopeta-4000844739469.html,230000,230000,si,N/A
2026-09-23,20:16:35,airsoftrhino,ESCOPETA UMAREX T4E HDX 68...,https://airsoftrhino.cl/traumaticas/2941-escopeta-umarex-t4e-hdx-68-40-joules.html,589000,589000,si,N/A
2026-09-23,20:16:35,airsoftrhino,T4E Carabina TC 68 BLK .68...,https://airsoftrhino.cl/traumaticas/4200-t4e-carabina-tc-68-blk-68-co2-40j-24067x-4000844887443.html,699990,699990,no,N/A
2026-09-23,20:16:35,airsoftrhino,balin Traumático Cal .43 /...,https://airsoftrhino.cl/balines/3736-bbs-traumatico-cal-50-caucho-negro-50-unidades-003736.html,18990,18990,si,N/A
2026-09-23,20:16:35,airsoftrhino,Balines polimero cal .50...,https://airsoftrhino.cl/balines/1687-50-bolas-de-goma-cal-50-para-traumaticas-4000844767653.html,19990,19990,si,N/A
2026-09-23,20:16:35,airsoftrhino,Bolsa de 100 Bolas de Goma...,https://airsoftrhino.cl/balines/4259-bolsa-de-100-bolas-de-goma-cal-68-para-traumaticas.html,32990,32990,si,N/A
2026-09-23,20:16:35,airsoftrhino,BBS Traumático Cal .68 /...,https://airsoftrhino.cl/balines/3804-50-bolas-de-goma-cal-50-para-traumaticas-4000844774880.html,19990,19990,si,N/A
2026-09-23,20:16:35,airsoftrhino,Nuez original para revolver...,https://airsoftrhino.cl/traumaticas/2766-nuez-original-para-revolver-hdr50-umarex-1-unid--4000844652805.html,11990,11990,si,N/A
2026-09-23,20:16:35,airsoftrhino,Nueces originales para...,https://airsoftrhino.cl/traumaticas/4167-nuez-original-para-revolver-hdr50-umarex-2-unid--4000844652805.html,20000,20000,si,N/A
2026-09-23,20:16:35,airsoftrhino,baston retractil polimero...,https://airsoftrhino.cl/defensa-personal/3004-baston-retractil-polimero-gargouille.html,27990,27990,si,N/A
2026-09-23,20:16:35,airsoftrhino,Esposas metálicas / Dos llaves,https://airsoftrhino.cl/defensa-personal/3828-chaleco-ciras-alternativo-nylon-colores-coyote-negro-verde-y-mc.html,29990,29990,si,N/A
2026-09-23,20:16:35,airsoftrhino,Bolsa De Balines 4.5mm De...,https://airsoftrhino.cl/balines/2610-bolsa-de-balines-45mm-de-acero-500-unidades-umarex-4000844769787.html,4000,4000,si,N/A
2026-09-23,20:16:35,airsoftrhino,Baston retractil de metal,https://airsoftrhino.cl/defensa-personal/4164-baston-retractil-de-metal-2020002002121.html,9990,9990,si,N/A
2026-09-23,20:16:35,airsoftrhino,CO2 WALTHER 88GR,https://airsoftrhino.cl/traumaticas/3448-co2-walther-88gr.html,19000,19000,si,N/A
2026-09-23,20:16:35,airsoftrhino,CO2 UMAREX 88GR,https://airsoftrhino.cl/traumaticas/4166-co2-umarex-88gr-4000844431400.html,19990,19990,si,N/A
2026-09-23,20:16:35,airsoftrhino,KIT BASICO TRAUMA,https://airsoftrhino.cl/supervicencia/4302-kit-basico-trauma.html,19990,19990,si,N/A
2026-09-23,20:16:35,airsoftrhino,Poston 4.5mm Cobra Umarex,https://airsoftrhino.cl/pesca-y-caza/993-poston-45mm-cobra-umarex-4000844462718.html,6990,6990,si,N/A
2026-09-23,20:16:35,airsoftrhino,Poston 5.5mm Cobra Umarex,https://airsoftrhino.cl/pesca-y-caza/995-poston-55mm-cobra-umarex-4000844511331.html,6990,6990,si,N/A
2026-09-23,20:16:35,airsoftrhino,LLAVE MULTIFUNCIONAL AR15 (...,https://airsoftrhino.cl/multi-herramientas/4114-llave-multiusos-ar15-me05002-.html,22000,22000,si,N/A
2026-09-23,20:16:35,airsoftrhino,Poston cal 4.5 mm Hobby...,https://airsoftrhino.cl/pesca-y-caza/3867--poston-cal-45-mm.html,12990,12990,si,N/A
2026-09-23,20:16:35,airsoftrhino,Postón cal 5.5 mm Hobby...,https://airsoftrhino.cl/pesca-y-caza/3868-poston-cal-55-mm-plana.html,12990,12990,si,N/A
2026-09-23,20:16:35,airsoftrhino,Encendedor y cenicero...,https://airsoftrhino.cl/encendedores/3958-encendedor-y-cenicero-granada-m26-a2.html,12990,12990,si,N/A
2026-09-23,20:16:35,airsoftrhino,PACK Pistola CO2 ORION...,https://airsoftrhino.cl/pesca-y-caza/3894-pack-pistola-co2-orion-balin-metalico-45mm-6901234569513.html,64990,64990,si,N/A
2026-09-23,20:16:35,airsoftrhino,Encendedor Granada Frag M26AI,https://airsoftrhino.cl/encendedores/3959-2900-encendedor-granada-frag-m26ai.html,12990,12990,si,N/A
2026-09-23,20:16:35,airsoftrhino,encendedor tactico granada...,https://airsoftrhino.cl/encendedores/3957-2897-encendedor-tactico-granada-flash-7290.html,12990,12990,si,N/A
2026-09-23,20:16:35,airsoftrhino,Foco portatil recargable (...,https://airsoftrhino.cl/linternas/3961-foco-portatil-recargable-w5173-.html,26000,26000,si,N/A
2026-09-23,20:16:35,airsoftrhino,caja plegable,https://airsoftrhino.cl/camping/3670-2887-caja-plegable.html,13990,13990,no,N/A
2026-09-23,20:16:35,airsoftrhino,piso plegable (coyote),https://airsoftrhino.cl/camping/3946-piso-plegable-coyote.html,9000,9000,si,N/A
2026-09-23,20:16:35,airsoftrhino,navaja mariposa,https://airsoftrhino.cl/cuchillos-y-navajas/3976-navaja-mariposa-wave-7891380126113.html,9000,9000,si,N/A
2026-09-23,20:16:35,airsoftrhino,Browning X50 Tactical plegable,https://airsoftrhino.cl/cuchillos-y-navajas/3971-browning-x50-tactical-plegable-madera-fibra-de-carbono-hoja-86-cm--6925699552538.html,9000,9000,si,N/A
2026-09-23,20:16:35,airsoftrhino,Cortapluma tactico militar...,https://airsoftrhino.cl/cuchillos-y-navajas/3965-cortapluma-tactico-militar-.html,10000,10000,si,N/A
2026-09-23,20:16:35,airsoftrhino,Karambit JF10,https://airsoftrhino.cl/cuchillos-y-navajas/3969-karambit-jf10.html,10000,10000,si,N/A
2026-09-23,20:16:35,airsoftrhino,Cuchillo tactico browning...,https://airsoftrhino.cl/cuchillos-y-navajas/3966-cuchillo-tactico-browning-acero-liso-da339--2023062585620.html,12000,12000,no,N/A
2026-09-23,20:16:35,airsoftrhino,Browning mango acero y...,https://airsoftrhino.cl/cuchillos-y-navajas/3972-browning-mango-acero-y-madera-da348--2023062585630.html,12000,12000,si,N/A
2026-09-23,20:16:35,airsoftrhino,Tijera de Trauma Raptor Copia,https://airsoftrhino.cl/supervicencia/4213-tijera-de-trauma-raptor-copia.html,29000,29000,si,N/A
2026-09-23,20:16:35,airsoftrhino,Karambit Fantasy,https://airsoftrhino.cl/cuchillos-y-navajas/3978-2919-karambit-fantasy.html,13000,13000,si,N/A
2026-09-23,20:16:35,airsoftrhino,Cuchillo tactico Browning...,https://airsoftrhino.cl/cuchillos-y-navajas/3970-cuchillo-tactico-browning-acero-liso-mango-de-madera-2023062585623.html,14000,14000,no,N/A
2026-09-23,20:16:35,airsoftrhino,Alicate Multifuncional 12 en 1,https://airsoftrhino.cl/multi-herramientas/3975-alicate-multifuncional-12-en-1-.html,9000,9000,si,N/A
2026-09-23,20:16:35,airsoftrhino,Manopla,https://airsoftrhino.cl/cuchillos-y-navajas/3990-manopla.html,6000,6000,si,N/A
2026-09-23,20:16:35,airsoftrhino,"Manopla ""Hard Ride""",https://airsoftrhino.cl/cuchillos-y-navajas/3991-2921-manopla.html,6000,6000,si,N/A
2026-09-23,20:16:35,airsoftrhino,LINTERNA MINERA ( TM-G22 ),https://airsoftrhino.cl/linternas/3998-linterna-minera-tm-g22-.html,6000,6000,si,N/A
2026-09-23,20:16:35,airsoftrhino,Mini Lanterna Led...,https://airsoftrhino.cl/linternas/3898-mini-lanterna-led-recargable-usb-55616.html,6990,6990,si,N/A
2026-09-23,20:16:35,airsoftrhino,Linterna COB recargable...,https://airsoftrhino.cl/linternas/4001-linterna-cob-recargable-keychain-7885611700319.html,7000,7000,si,N/A
2026-09-23,20:16:35,airsoftrhino,Linterna LED Recargable USB...,https://airsoftrhino.cl/linternas/3997-2926-linterna-led-recargable-usb-con-sensor-de-movimiento.html,8000,8000,no,N/A
2026-09-23,20:16:35,airsoftrhino,X-BALOG Gree T6 ( BL-118 ),https://airsoftrhino.cl/linternas/4002-x-balog-gree-t6-bl-118--7885611701187.html,8000,8000,si,N/A
2026-09-23,20:16:35,airsoftrhino,X-BALOG cree led 5000 Lumens,https://airsoftrhino.cl/linternas/4003-x-balog-cree-led-5000-lumens-7885611718123.html,9990,9990,si,N/A
2026-09-23,20:16:35,airsoftrhino,X-BALOG P70 usb recargable,https://airsoftrhino.cl/linternas/3995-x-balog-p70-usb-recargable.html,26990,26990,si,N/A
2026-09-23,20:16:35,airsoftrhino,Linterna de mano MODLITE...,https://airsoftrhino.cl/linternas/3159-1835-linterna-de-mano-handheld-plhv2-18350-con-logo-wd04072.html,32000,32000,si,N/A
2026-09-23,20:16:35,airsoftrhino,Linterna de Bolsillo de...,https://airsoftrhino.cl/linternas/3899-linterna-de-bolsillo-de-10cm-recargable-.html,6990,6990,si,N/A
2026-09-23,20:16:35,airsoftrhino,X-BALOG linterna led 5000...,https://airsoftrhino.cl/linternas/4004-x-balog-linterna-led-5000-lumenes-bl-8468--7885611784685.html,7000,7000,si,N/A
2026-09-23,20:16:35,airsoftrhino,luz quimica cyalume  (...,https://airsoftrhino.cl/supervicencia/1050-380-cyalume-luz-quimica-rojo-azul-verde-amarillo-.html,990,990,si,N/A
2026-09-23,20:16:35,airsoftrhino,tijera de trauma,https://airsoftrhino.cl/multi-herramientas/1055-391-tijera-de-traumas-funcionales-4-colores.html,4000,4000,si,N/A
2026-09-23,20:16:35,airsoftrhino,Brújula Militar con función...,https://airsoftrhino.cl/supervicencia/1100-brujula-militar-con-funcion-lensatic-con-bolsa-de-transporte.html,21990,21990,si,N/A
2026-09-23,20:16:35,airsoftrhino,BRUJULA MILITAR ZLIP DC 45/2B,https://airsoftrhino.cl/supervicencia/1101-brujula-militar-zlip-dc-452b.html,5990,5990,si,N/A
2026-09-23,20:16:35,airsoftrhino,brújula militar de...,https://airsoftrhino.cl/supervicencia/1102--brujula-militar-de-supervivencia-senderismo-camping-.html,9990,9990,si,N/A
2026-09-23,20:16:35,airsoftrhino,BOTIQUÍN PRIMEROS AUXILIOS...,https://airsoftrhino.cl/supervicencia/1104-botiquin-primeros-auxilios-30-piezas.html,9000,9000,si,N/A
2026-09-23,20:16:35,airsoftrhino,Botiquín Básico de Primeros...,https://airsoftrhino.cl/supervicencia/1105-botiquin-basico-de-primeros-auxilios.html,12000,12000,si,N/A
2026-09-23,20:16:35,airsoftrhino,Manta térmica de emergencia,https://airsoftrhino.cl/supervicencia/1124-manta-termica-de-emergencia.html,4000,4000,si,N/A
2026-09-23,20:16:35,airsoftrhino,Carpa Refugio Térmico +...,https://airsoftrhino.cl/supervicencia/1125-carpa-refugio-termico-manta-emergencia-outdoor-camping.html,9000,9000,si,N/A
2026-09-23,20:16:35,airsoftrhino,PULSERA DE SUPERVIVENCIA...,https://airsoftrhino.cl/supervicencia/1128-pulsera-de-supervivencia-con-pedernal.html,4000,4000,no,N/A
2026-09-23,20:16:35,airsoftrhino,Paracord Cuerda 30 Mt...,https://airsoftrhino.cl/supervicencia/1132-2910-paracord-cuerda-30-mt-militar-550-supervivenciaoutdoor.html,6000,6000,no,N/A
2026-09-23,20:16:35,airsoftrhino,cuchillo tactico plegable...,https://airsoftrhino.cl/cuchillos-y-navajas/4032-cuchillo-plegable-pk-mt944-.html,12000,12000,si,N/A
2026-09-23,20:16:35,airsoftrhino,mosqueton metalico,https://airsoftrhino.cl/supervicencia/2653-1526-mosqueton-metalico-.html,2500,2500,si,N/A
2026-09-23,20:16:35,airsoftrhino,Linterna Led Recargable...,https://airsoftrhino.cl/supervicencia/3110-1795-usb-practico-led-antorcha-usb-flash-light-pocket.html,7000,7000,si,N/A
2026-09-23,20:16:35,airsoftrhino,Telescopio Terrestre...,https://airsoftrhino.cl/camping/4048-telescopio-terrestre-spotting-scope-6901234531626.html,69000,69000,si,N/A
2026-09-23,20:16:35,airsoftrhino,Telescope Monocular Zoom 40x60,https://airsoftrhino.cl/camping/2659-telescope-monocular-zoom-40x60-7885611140603.html,18000,18000,si,N/A
2026-09-23,20:16:35,airsoftrhino,COMET 10x25 Binoculars...,https://airsoftrhino.cl/camping/2658-comet-10x25-binoculars-powerful-2025021400187.html,22000,22000,si,N/A
2026-09-23,20:16:35,airsoftrhino,mosqueton grande de metal,https://airsoftrhino.cl/supervicencia/2765-mosqueton-grande-de-metal.html,9990,9990,si,N/A
2026-09-23,20:16:35,airsoftrhino,Cuchillo Gerber Ultimate Knife,https://airsoftrhino.cl/outdoor/4172-cuchillo-gerber-supervivencia-bear-gryls-ultimate-knife-6934327643326.html,16000,16000,si,N/A
2026-09-23,20:16:35,airsoftrhino,Cuchara y tenedor de metal...,https://airsoftrhino.cl/camping/4186-cuchara-y-tenedor-de-metal-multiherramienta-.html,2000,2000,si,N/A
2026-09-23,20:16:35,airsoftrhino,FERULA SAM SPLINT,https://airsoftrhino.cl/supervicencia/4187-ferula-sam-splint.html,7990,7990,si,N/A
2026-09-23,20:16:35,airsoftrhino,Poston Umarex cal 4.5 mm...,https://airsoftrhino.cl/pesca-y-caza/4226-poston-umarex-cal-45-mm-jackal-053g-500-pcs-4000844462749.html,13990,13990,si,N/A
2026-09-23,20:16:35,airsoftrhino,POSTON UMAREX POWER...,https://airsoftrhino.cl/pesca-y-caza/4227-poston-umarex-power-piercing-cal-55mm-100-unds-4000844841360.html,13990,13990,si,N/A
2026-09-23,20:16:35,airsoftrhino,Umarex Super H-Point cal....,https://airsoftrhino.cl/pesca-y-caza/4228-umarex-super-h-point-cal-55-mm-22-diabolo-250-pieces-hollow-point-4000844841308.html,13990,13990,si,N/A
2026-09-23,20:16:35,airsoftrhino,Postones 5.5mm Umarex Super...,https://airsoftrhino.cl/pesca-y-caza/4229-postones-55mm-umarex-super-dome-250-unid094g1451gr-4000844841285.html,18990,18990,si,N/A
2026-09-23,20:16:35,airsoftrhino,POSTON UMAREX POWER...,https://airsoftrhino.cl/pesca-y-caza/4230-poston-umarex-power-potential-cal-55mm-150-unds-4000844769589.html,18990,18990,si,N/A
2026-09-23,20:16:35,airsoftrhino,linterna LED SMILING SHARK...,https://airsoftrhino.cl/linternas/4181--linterna-led-smilingshark-luz-de-flash-de-bolsillo-recargable-por-usb-5-modos.html,4500,4500,si,N/A
2026-09-23,20:16:35,airsoftrhino,Linterna portable de...,https://airsoftrhino.cl/linternas/4173-linterna-led-cob-superbrillante-de-800mah-8-modos.html,14000,14000,si,N/A
2026-09-23,20:16:35,airsoftrhino,RIFLE NITRO PISTON DE...,https://airsoftrhino.cl/pesca-y-caza/4346-rifle-de-aire-de-quiebre-qa5s.html,119990,119990,si,N/A
2026-09-23,20:16:35,airsoftrhino,RIFLE NITRO PISTON DE...,https://airsoftrhino.cl/pesca-y-caza/4347-rifle-de-aire-de-quiebre-qa6s0.html,89990,89990,si,N/A
2026-09-23,20:16:35,airsoftrhino,arcos de flecha con cuerpo...,https://airsoftrhino.cl/pesca-y-caza/4348-3578-arcos-de-flecha-cuerpo-de-madera.html,22000,22000,si,N/A
2026-09-23,20:16:35,airsoftrhino,ARCO de 20 Libras para niños,https://airsoftrhino.cl/pesca-y-caza/4349-3583-arco-20-lb-para-ninos.html,18990,18990,si,N/A
2026-09-23,20:16:35,airsoftrhino,Flecha de fibra de carbono...,https://airsoftrhino.cl/pesca-y-caza/4350-flecha-de-fibra-de-carbono-con-punta-inox.html,9990,9990,si,N/A
2026-09-23,20:16:35,airsoftrhino,CUCHILLO TACTICO CON FUNDA,https://airsoftrhino.cl/cuchillos-y-navajas/4351-cuchillo-tactico-funda-verde-od.html,21990,21990,si,N/A
2026-09-23,20:16:35,airsoftrhino,CUCHILLO TACTICO HOJA CORTA,https://airsoftrhino.cl/inicio/4352-cuchillo-tactico-hoja-corta-.html,14990,14990,si,N/A
2026-09-23,20:16:35,airsoftrhino,CUCHILLO BOWIE,https://airsoftrhino.cl/cuchillos-y-navajas/4353-cuchillo-caza.html,19990,19990,si,N/A
2026-09-23,20:16:35,airsoftrhino,CUCHILLO KUKRI,https://airsoftrhino.cl/cuchillos-y-navajas/4354-cuchillo-kukri-.html,19990,19990,si,N/A
2026-09-23,20:16:35,airsoftrhino,Alicate Multifuncional,https://airsoftrhino.cl/multi-herramientas/4355-alicate-multifuncional.html,11990,11990,si,N/A
