fecha,hora,tienda,nombre,enlace,precio_actual,precio_normal,hay_stock,cantidad,imagen
2026-09-28,11:10:04,commandostore,Green Gas Elite Force 130 PSI con Silicona 600 ml #2.5062,https://www.commandostore.cl/product/green-gas-elite-force-130-psi-con-silicona-600-ml-2-5062,14990,14990,si,110,https://dojiw2m9tvv09.cloudfront.net/6365/product/gbbsilicone4357.png
2026-09-28,11:10:04,commandostore,Green Gas Elite Force Heavy Gas 150 PSI Maintenance 560 ml #2.5064,https://www.commandostore.cl/product/green-gas-elite-force-heavy-gas-150-psi-maintenance-560-ml-2-5064,14990,14990,si,56,https://dojiw2m9tvv09.cloudfront.net/6365/product/gbb1505098.png
2026-09-28,11:10:04,commandostore,Pistola Airsoft GBB Umarex GLOCK 19 Gen5 cal 6 mm Green Gas #2.6553,https://www.commandostore.cl/product/pistola-airsoft-gbb-umarex-glock-19-gen5-cal-6-mm-green-gas-2-6553,219990,219990,si,17,https://dojiw2m9tvv09.cloudfront.net/6365/product/2-6553-product-image-left3038.jpg
2026-09-28,11:10:04,commandostore,Pistola Airsoft GBB Umarex GLOCK 18C cal 6 mm #2.6419X,https://www.commandostore.cl/product/pistola-airsoft-gbb-umarex-glock-18c-cal-6-mm-2-6419x,239990,239990,si,21,https://dojiw2m9tvv09.cloudfront.net/6365/product/2-6419_18c_commando_store8247.jpg
2026-09-28,11:10:04,commandostore,Balines King Arms Platinum 0.25 g cal 6 mm 4000 unidades - 1 KG,https://www.commandostore.cl/product/balines-king-arms-platinum-0-25-g-cal-6-mm-4000-unidades-1-kg,9990,9990,si,123,https://dojiw2m9tvv09.cloudfront.net/6365/product/file_photo_p055327002.jpg
2026-09-28,11:10:04,commandostore,Cargador balanceador LiPo B3 Pro Victory Battery,https://www.commandostore.cl/product/cargador-balanceador-lipo-b3-pro-victory-battery,16990,16990,si,86,https://dojiw2m9tvv09.cloudfront.net/6365/product/vb-b3lipo-charger_01-800x8005649.jpg
2026-09-28,11:10:04,commandostore,Batería LiPo 11.1V 1300mAh 20C tipo AK Victory Battery,https://www.commandostore.cl/product/bateria-lipo-11-1v-1300mah-20c-tipo-ak-victory-battery,21990,21990,si,22,https://dojiw2m9tvv09.cloudfront.net/6365/product/vb-lipo-11-1v1300mah20c-ak5829.png
2026-09-28,11:10:04,commandostore,"Réplica calibre 6 mm mod M9 World Defender, resorte #2.5795",https://www.commandostore.cl/product/replica-calibre-6-mm-mod-m9-world-defender-resorte-2-5795,29990,29990,si,28,https://dojiw2m9tvv09.cloudfront.net/6365/product/14105.jpg
2026-09-28,11:10:04,commandostore,Wiley X Chile Saber Advanced mica gris balísticos #302,https://www.commandostore.cl/product/wiley-x-chile-saber-advanced-mica-gris-balisticos-302,44990,44990,si,456,https://dojiw2m9tvv09.cloudfront.net/6365/product/wiley-advanced-3023710.png
2026-09-28,11:10:04,commandostore,Wiley X Chile Saber Advanced tres micas marco Tan 308T,https://www.commandostore.cl/product/wiley-x-chile-saber-advanced-tres-micas-marco-tan-308t,69990,69990,si,25,https://dojiw2m9tvv09.cloudfront.net/6365/product/wiley-advanced-308t-38315.png
2026-09-28,11:10:04,commandostore,Pistola Airsoft CYMA Glock G18C AEP Eléctrica cal 6 mm #CM030S,https://www.commandostore.cl/product/pistola-airsoft-cyma-glock-g18c-aep-electrica-cal-6-mm-cm030s,89990,89990,si,27,https://dojiw2m9tvv09.cloudfront.net/6365/product/cm-030s-51590.jpg
2026-09-28,11:10:04,commandostore,Replica cal 6 mm mod KWA Airsoft AEG 2.5+ QRF MOD.3 #KWA-QRF3,https://www.commandostore.cl/product/replica-cal-6-mm-mod-kwa-airsoft-aeg-2-5-qrf-mod-3-kwa-qrf3,499990,499990,si,2,https://dojiw2m9tvv09.cloudfront.net/6365/product/9d436262-492c-4423-a460-23987a5f8b6c7749.jpg
2026-09-28,11:10:04,commandostore,Cargador cal 6 mm para Smith and Wesson M&P40,https://www.commandostore.cl/product/cargador-cal-6-mm-para-smith-and-wesson-m-p40,19990,19990,si,1,https://dojiw2m9tvv09.cloudfront.net/6365/product/15428.jpg
2026-09-28,11:10:04,commandostore,Mechanix FastFit Coyote Talla S FFTAB-72-008,https://www.commandostore.cl/product/mechanix-fastfit-coyote-talla-s-fftab-72-008,24990,24990,si,1,https://dojiw2m9tvv09.cloudfront.net/6365/product/0014614.jpg
2026-09-28,11:10:04,commandostore,GTG Cinturon molle D Ring Multicam Arid Talla XL,https://www.commandostore.cl/product/gtg-cinturon-molle-d-ring-multicam-arid-talla-xl,59990,59990,si,1,https://dojiw2m9tvv09.cloudfront.net/6365/product/gingers-cinturon-molle-d-ring-multicam-arid-talla-xl9990.jpg
2026-09-28,11:10:04,commandostore,WileyX ACE polarizado mica plateada marco negro,https://www.commandostore.cl/product/wileyx-ace-polarizado-mica-plateada-marco-negro,79990,79990,si,1,https://dojiw2m9tvv09.cloudfront.net/6365/product/ace12005.jpg
2026-09-28,11:10:04,commandostore,Antiparra Balística Wiley X SPEAR Negra con 2 Micas Smoke Grey y Transparente SP29B,https://www.commandostore.cl/product/antiparra-balistica-wiley-x-spear-negra-con-2-micas-smoke-grey-y-transparente-sp29b,99990,99990,si,1,https://dojiw2m9tvv09.cloudfront.net/6365/product/sp293dlb_16719.jpg
2026-09-28,11:10:04,commandostore,Lente JAKL CAPTIVATE BLACK MIRROR / MATTE BLACK (AMERICAN SNIPER) #CHJKL15,https://www.commandostore.cl/product/lente-jakl-captivate-black-mirror-matte-black-american-sniper-chjkl15,149990,149990,si,3,https://dojiw2m9tvv09.cloudfront.net/6365/product/13350.jpg
2026-09-28,11:10:04,commandostore,GTG Chaleco GPC Kangaroo + Skeleton Multicam Talla M,https://www.commandostore.cl/product/gtg-chaleco-gpc-kangaroo-skeleton-multicam-talla-m,159990,159990,si,1,https://dojiw2m9tvv09.cloudfront.net/6365/product/65912.jpg
2026-09-28,11:10:04,commandostore,Réplica AEG VFC Avalon Samurai Edge CQB Black GATE ASTER ETU Cal. 6 mm,https://www.commandostore.cl/product/replica-aeg-vfc-avalon-samurai-edge-cqb-black-gate-aster-etu-cal-6-mm,529990,529990,si,1,https://dojiw2m9tvv09.cloudfront.net/6365/product/avalon-samurai-edge-cqb-aeg0935.jpg
2026-09-28,11:10:04,commandostore,"Réplica cal 6 mm mod KWA Full Metal KR5 Airsoft AEG Rifle with 5"" KeyMod Handguard #KWA-KR5",https://www.commandostore.cl/product/replica-cal-6-mm-mod-kwa-full-metal-kr5-airsoft-aeg-rifle-with-5-keymod-handguard-kwa-kr5,349990,349990,si,3,https://dojiw2m9tvv09.cloudfront.net/6365/product/km4-kr5-1-28518.jpg
2026-09-28,11:10:04,commandostore,Réplica cal 6 mm mod KWA Lithgow Arms F90 GBB Rifle #KWA-F90-G,https://www.commandostore.cl/product/replica-cal-6-mm-mod-kwa-lithgow-arms-f90-gbb-rifle-kwa-f90-g,699990,699990,si,3,https://dojiw2m9tvv09.cloudfront.net/6365/product/9201203040550022.jpeg
2026-09-28,11:10:04,commandostore,"Réplica cal 6 mm mod Heckler&Koch G95 K GRN-BRN 6 mm AEG < 1,0 J 120R Full-Auto, #2.6567X",https://www.commandostore.cl/product/replica-cal-6-mm-mod-heckler-koch-g95-k-grn-brn-6-mm-aeg-1-0-j-120r-full-auto-2-6567x,849990,849990,si,3,https://dojiw2m9tvv09.cloudfront.net/6365/product/whatsapp-image-2026-09-11-at-12-43-12-pm3702.jpeg
2026-09-28,11:10:04,commandostore,"Réplica cal 6 mm mod Heckler&Koch HK416 A5 BLK 6 mm GBB < 1,0 J 30R Full-Auto, #2.6535X",https://www.commandostore.cl/product/replica-cal-6-mm-mod-heckler-koch-hk416-a5-blk-6-mm-gbb-1-0-j-30r-full-auto-2-6535x,1139990,1139990,si,3,https://dojiw2m9tvv09.cloudfront.net/6365/product/whatsapp-image-2026-09-11-at-12-41-49-pm-28932.jpeg
2026-09-28,11:10:04,commandostore,Réplica cal 6 mm mod KWA M4 SR5 ( Gen. 2 Model) w/ Extra Magazine #KWA-SR5,https://www.commandostore.cl/product/replica-cal-6-mm-mod-kwa-m4-sr5-gen-2-model-w-extra-magazine-kwa-sr5,299990,299990,si,10,https://dojiw2m9tvv09.cloudfront.net/6365/product/km4-sr5-rifle-aeg-gen-29743.jpg
2026-09-28,11:10:04,commandostore,"Réplica cal 6 mm mod Heckler&Koch HK416 A5 BLK 6 mm AEG < 1,0 J 120R Full-Auto, #2.6560X",https://www.commandostore.cl/product/replica-cal-6-mm-mod-heckler-koch-hk416-a5-blk-6-mm-aeg-1-0-j-120r-full-auto-2-6560x,614990,614990,si,2,https://dojiw2m9tvv09.cloudfront.net/6365/product/whatsapp-image-2026-09-11-at-12-41-49-pm-39596.jpeg
2026-09-28,11:10:04,commandostore,"Réplica KWA Full Metal KR12 Airsoft AEG Rifle with 12"" KeyMod Handguard #KWA-KR12",https://www.commandostore.cl/product/replica-kwa-full-metal-kr12-airsoft-aeg-rifle-with-12-keymod-handguard-kwa-kr12,489990,489990,si,5,https://dojiw2m9tvv09.cloudfront.net/6365/product/4d108903-5763-495e-9937-385a390f3fc34322.png
2026-09-28,11:10:04,commandostore,Réplica CYMA cal 6mm Escopeta M870 Spring Tri-shoot,https://www.commandostore.cl/product/replica-cyma-cal-6mm-escopeta-m870-spring-tri-shoot,119990,119990,si,71,https://dojiw2m9tvv09.cloudfront.net/6365/product/titular4098.jpg
2026-09-28,11:10:04,commandostore,Réplica CYMA cal 6mm Escopeta M3 BENELLI Spring,https://www.commandostore.cl/product/replica-cyma-cal-6mm-escopeta-m3-benelli-spring,119990,119990,si,23,https://dojiw2m9tvv09.cloudfront.net/6365/product/p1-202004181443527891.jpg
2026-09-28,11:10:04,commandostore,Replica King Arms Sport Serie M4 RIS KA-AG-140 BK,https://www.commandostore.cl/product/replica-king-arms-sport-serie-m4-ris-ka-ag-140-bk,169990,169990,si,1,https://dojiw2m9tvv09.cloudfront.net/6365/product/file-photo-p014149577.jpg
2026-09-28,11:10:04,commandostore,Réplica King Arms Sports Series M4A1 KA-AG-119,https://www.commandostore.cl/product/replica-king-arms-sports-series-m4a1-ka-ag-119,169990,169990,si,144,https://dojiw2m9tvv09.cloudfront.net/6365/product/file-photo-p0028404498.jpg
2026-09-28,11:10:04,commandostore,Replica King Arms Sport Serie M4 CQB RIS KA-AEG-250,https://www.commandostore.cl/product/replica-king-arms-sport-serie-m4-cqb-ris-ka-aeg-250,169990,169990,si,55,https://dojiw2m9tvv09.cloudfront.net/6365/product/i-img600x600-1635239704xr5mdu20719250.jpg
2026-09-28,11:10:04,commandostore,Réplica AEG UMAREX HK G36C Sportline cal 6 mm #2.5931X,https://www.commandostore.cl/product/replica-aeg-umarex-hk-g36c-sportline-cal-6-mm-2-5931x,174993,249990,si,25,https://dojiw2m9tvv09.cloudfront.net/6365/product/10847.png
2026-09-28,11:10:04,commandostore,Réplica CYMA cal 6mm L96 AWM-F Bolt Action Spring,https://www.commandostore.cl/product/replica-cyma-cal-6mm-l96-awm-f-bolt-action-spring,179990,179990,si,41,https://dojiw2m9tvv09.cloudfront.net/6365/product/p1-202003241131489337.jpg
2026-09-28,11:10:04,commandostore,Réplica AEG SRC SR4A1 Tactical Carbine Full Metal GEN III cal 6 mm #GE-0502TM III,https://www.commandostore.cl/product/replica-aeg-src-sr4a1-tactical-carbine-full-metal-gen-iii-cal-6-mm-ge-0502tm-iii,194994,299990,si,10,https://dojiw2m9tvv09.cloudfront.net/6365/product/x-ge-050211428059.jpg
2026-09-28,11:10:04,commandostore,Réplica AEG SRC SR4 SD Full Metal GEN II Cal. 6 mm #GE-0509TM II,https://www.commandostore.cl/product/replica-aeg-src-sr4-sd-full-metal-gen-ii-cal-6-mm-ge-0509tm-ii,201494,309990,si,2,https://dojiw2m9tvv09.cloudfront.net/6365/product/x-ge-0509109320930.jpg
2026-09-28,11:10:04,commandostore,Réplica CYMA cal 6mm M700 Tactical Bolt Action Spring,https://www.commandostore.cl/product/replica-cyma-cal-6mm-m700-tactical-bolt-action-spring,209990,209990,si,43,https://dojiw2m9tvv09.cloudfront.net/6365/product/titular3722.jpg
2026-09-28,11:10:04,commandostore,Réplica AEG CYMA M4 CQB cal 6 mm #CM.002,https://www.commandostore.cl/product/replica-aeg-cyma-m4-cqb-cal-6-mm-cm-002,219990,219990,si,20,https://dojiw2m9tvv09.cloudfront.net/6365/product/aeg-cyma-m4-cqb-cal-6-mm-cm-0023859.jpg
2026-09-28,11:10:04,commandostore,Réplica AEG SRC SR4 CQB Full Metal GEN III Cal. 6 mm #GE-0510TM III,https://www.commandostore.cl/product/replica-aeg-src-sr4-cqb-full-metal-gen-iii-cal-6-mm-ge-0510tm-iii,220994,339990,si,8,https://dojiw2m9tvv09.cloudfront.net/6365/product/x-20191008-044128-129360884.jpg
2026-09-28,11:10:04,commandostore,Réplica AEG SRC SR4 R.I.S Full Metal GEN III Cal. 6 mm #GE-0504TM III,https://www.commandostore.cl/product/replica-aeg-src-sr4-r-i-s-full-metal-gen-iii-cal-6-mm-ge-0504tm-iii,220994,339990,si,7,https://dojiw2m9tvv09.cloudfront.net/6365/product/x-ge-050499089087.jpg
2026-09-28,11:10:04,commandostore,Réplica AEG SRC SR4 SD Full Metal GEN III cal 6 mm #GE-0509TM III,https://www.commandostore.cl/product/replica-aeg-src-sr4-sd-full-metal-gen-iii-cal-6-mm-ge-0509tm-iii,233994,359990,si,5,https://dojiw2m9tvv09.cloudfront.net/6365/product/x-ge-050910932078.jpg
2026-09-28,11:10:04,commandostore,KWA RN-15 Carbine Upper Kit,https://www.commandostore.cl/product/kwa-rn-15-carbine-upper-kit,249990,249990,si,4,https://dojiw2m9tvv09.cloudfront.net/6365/product/808x450_ronin_15_carbine_kit_completeangle_032320182622.jpg
2026-09-28,11:10:04,commandostore,Réplica cal 6mm Mod HK UMP AEG #2.5932X,https://www.commandostore.cl/product/replica-cal-6mm-mod-hk-ump-aeg-2-5932x,249990,249990,si,48,https://dojiw2m9tvv09.cloudfront.net/6365/product/2-5932_ump_links_2000_1125_01214.jpg
2026-09-28,11:10:04,commandostore,Réplica CYMA cal 6mm AK74 AEG #CM.040I,https://www.commandostore.cl/product/replica-cyma-cal-6mm-ak74-aeg-cm-040i,249990,249990,si,15,https://dojiw2m9tvv09.cloudfront.net/6365/product/p1-202004211619046544.jpg
2026-09-28,11:10:04,commandostore,Réplica CYMA cal 6mm AK tactical Romania EBB,https://www.commandostore.cl/product/replica-cyma-cal-6mm-ak-tactical-romania-ebb,249990,249990,si,23,https://dojiw2m9tvv09.cloudfront.net/6365/product/cm-050-25873.png
2026-09-28,11:10:04,commandostore,Réplica CYMA cal 6mm AK103 Táctica AEG #CM.040K,https://www.commandostore.cl/product/replica-cyma-cal-6mm-ak103-tactica-aeg-cm-040k,249990,249990,si,24,https://dojiw2m9tvv09.cloudfront.net/6365/product/108458-018836.jpg
2026-09-28,11:10:04,commandostore,Réplica cal 6mm Mod HK G36 CV #2.5915X,https://www.commandostore.cl/product/replica-cal-6mm-mod-hk-g36-cv-2-5915x,249990,249990,si,1,https://dojiw2m9tvv09.cloudfront.net/6365/product/oplopolyvolo-airsoft-aeg-heckler-ko4848.gif
2026-09-28,11:10:04,commandostore,Replica HK 416 A5 Sportsline negra,https://www.commandostore.cl/product/replica-hk-416-a5-sportsline-negra,289990,289990,si,92,https://dojiw2m9tvv09.cloudfront.net/6365/product/2-6479x-product-image-left4428.jpg
2026-09-28,11:10:04,commandostore,Replica HK 416 A5 Sportsline color TAN,https://www.commandostore.cl/product/replica-hk-416-a5-sportsline-color-tan,289990,289990,si,100,https://dojiw2m9tvv09.cloudfront.net/6365/product/2-6480x-product-image-left5844.jpg
2026-09-28,11:10:04,commandostore,Réplica AEG CYMA Platinum M4 M-LOK 13” Cal. 6 mm (#CM.097A),https://www.commandostore.cl/product/replica-aeg-cyma-platinum-m4-m-lok-13-cal-6-mm-cm-097a,299990,299990,si,41,https://dojiw2m9tvv09.cloudfront.net/6365/product/cm-097a-138792.jpg
2026-09-28,11:10:04,commandostore,Réplica AEG CYMA Platinum M4 M-LOK 10” Cal. 6 mm (#CM.097B),https://www.commandostore.cl/product/replica-aeg-cyma-platinum-m4-m-lok-10-cal-6-mm-cm-097b,299990,299990,si,39,https://dojiw2m9tvv09.cloudfront.net/6365/product/titular9556.jpg
2026-09-28,11:10:04,commandostore,Réplica AEG CYMA Platinum M4 M-LOK 14.5” Cal. 6 mm #CM.097,https://www.commandostore.cl/product/replica-aeg-cyma-platinum-m4-m-lok-14-5-cal-6-mm-cm-097,299990,299990,si,43,https://dojiw2m9tvv09.cloudfront.net/6365/product/p1-202003241147421585.jpg
2026-09-28,11:10:04,commandostore,Réplica GBB King Arms TWS SBR Lite cal 6 mm #KA-GBB-33-BD,https://www.commandostore.cl/product/replica-gbb-king-arms-tws-sbr-lite-cal-6-mm-ka-gbb-33-bd,329990,329990,si,2,https://dojiw2m9tvv09.cloudfront.net/6365/product/ka-102446-24124.png
2026-09-28,11:10:04,commandostore,Réplica AEG MODIFY XTC PDW Cal. 6 mm #65101-69,https://www.commandostore.cl/product/replica-aeg-modify-xtc-pdw-cal-6-mm-65101-69,369990,369990,si,1,https://dojiw2m9tvv09.cloudfront.net/6365/product/ce332f262a86f423f51c51b1ca5cdbd41661.jpg
2026-09-28,11:10:04,commandostore,Réplica KWA Original AEG Variable Eve-4,https://www.commandostore.cl/product/replica-kwa-original-aeg-variable-eve-4,389990,389990,si,9,https://dojiw2m9tvv09.cloudfront.net/6365/product/kwa-aeg-variable-ronin-t6-20786.png
2026-09-28,11:10:04,commandostore,Réplica AEG KWA KM4 CQB Cal. 6 mm #104-01015,https://www.commandostore.cl/product/replica-aeg-kwa-km4-cqb-cal-6-mm-104-01015,409990,409990,si,8,https://dojiw2m9tvv09.cloudfront.net/6365/product/61tincqkcll-ac-sx6797053.jpg
2026-09-28,11:10:04,commandostore,Réplica HK G36 KEYMOD ALTA GAMA,https://www.commandostore.cl/product/replica-hk-g36-keymod-alta-gama,419990,419990,si,2,https://dojiw2m9tvv09.cloudfront.net/6365/product/2-6440_g36_commando_store8458.jpg
2026-09-28,11:10:04,commandostore,Réplica AEG KWA Original EVE-9 Variable cal 6 mm #105-01090,https://www.commandostore.cl/product/replica-aeg-kwa-original-eve-9-variable-cal-6-mm-105-01090,419990,419990,si,7,https://dojiw2m9tvv09.cloudfront.net/6365/product/eve-9-img3547.png
2026-09-28,11:10:04,commandostore,Réplica cal 6 mm mod KSC AKG KTR 03 GBBR #KSC-KTR,https://www.commandostore.cl/product/replica-cal-6-mm-mod-ksc-akg-ktr-03-gbbr-ksc-ktr,489990,489990,si,2,https://dojiw2m9tvv09.cloudfront.net/6365/product/ksc-ktr-03-1-1-12228016.jpg
2026-09-28,11:10:04,commandostore,"Réplica cal 6 mm KWA QRF MOD1 AEG2,5 #KWA-QRF1",https://www.commandostore.cl/product/replica-cal-6-mm-kwa-qrf-mod1-aeg2-5-kwa-qrf1,499990,499990,si,2,https://dojiw2m9tvv09.cloudfront.net/6365/product/11056.jpg
2026-09-28,11:10:04,commandostore,Replica SNIPER ASG MODIFY Steyr Scout Gray 65202-26,https://www.commandostore.cl/product/replica-sniper-asg-modify-steyr-scout-gray-65202-26,549990,549990,si,1,https://dojiw2m9tvv09.cloudfront.net/6365/product/1f11fe903a9ba15d4fc814b834da52867931.jpg
2026-09-28,11:10:04,commandostore,Replica SNIPER ASG MODIFY Steyr Scout Black 65202-16,https://www.commandostore.cl/product/replica-sniper-asg-modify-steyr-scout-black-65202-16,549990,549990,si,3,https://dojiw2m9tvv09.cloudfront.net/6365/product/a1be5f8c7747b4137d5f5c97968848f12016.jpg
2026-09-28,11:10:04,commandostore,Réplica cal 6 mm mod KWA AEG2.5 VM4 RONIN T6 PDW,https://www.commandostore.cl/product/replica-cal-6-mm-mod-kwa-aeg2-5-vm4-ronin-t6-pdw,589990,589990,si,4,https://dojiw2m9tvv09.cloudfront.net/6365/product/kwa104-01406-29118.jpg
2026-09-28,11:10:04,commandostore,Réplica AEG KWA Variable M10 Cut-Off cal 6 mm #104-01311,https://www.commandostore.cl/product/replica-aeg-kwa-variable-m10-cut-off-cal-6-mm-104-01311,589990,589990,si,5,https://dojiw2m9tvv09.cloudfront.net/6365/product/m10-l4027.png
2026-09-28,11:10:04,commandostore,Réplica AEG VFC Avalon MK18 MOD1 GATE ASTER ETU Cal. 6 mm – Tan/Negro,https://www.commandostore.cl/product/replica-aeg-vfc-avalon-mk18-mod1-gate-aster-etu-cal-6-mm-tan-negro,599990,599990,si,4,https://dojiw2m9tvv09.cloudfront.net/6365/product/avalon-m4-cqbiii3234.jpg
2026-09-28,11:10:04,commandostore,Réplica SNIPER ASG MODIFY Steyr Elite Gray 652003-12,https://www.commandostore.cl/product/replica-sniper-asg-modify-steyr-elite-gray-652003-12,679990,679990,si,1,https://dojiw2m9tvv09.cloudfront.net/6365/product/0a306df08df0ac3460ec36d1789e2c4b8440.jpg
2026-09-28,11:10:04,commandostore,Réplica cal 6 mm mod Beretta PMX SMG GBB #KWA-PMX-G,https://www.commandostore.cl/product/replica-cal-6-mm-mod-beretta-pmx-smg-gbb-kwa-pmx-g,469990,469990,no,N/A,https://dojiw2m9tvv09.cloudfront.net/6365/product/123094900058583.jpeg
2026-09-28,11:10:04,commandostore,Replica SRC SR 47C METAL MADERA GEN II 0602TMII,https://www.commandostore.cl/product/replica-src-sr-47c-metal-madera-gen-ii-0602tmii,214494,329990,no,N/A,https://dojiw2m9tvv09.cloudfront.net/6365/product/ge-06028642.jpg
2026-09-28,11:10:04,commandostore,Réplica CYMA cal 6mm M4 RIS Carabina AEG,https://www.commandostore.cl/product/replica-cyma-cal-6mm-m4-ris-carabina-aeg,119990,119990,no,N/A,https://dojiw2m9tvv09.cloudfront.net/6365/product/17896.jpg
2026-09-28,11:10:04,commandostore,Réplica SRC SR4 FALCON 8M2009,https://www.commandostore.cl/product/replica-src-sr4-falcon-8m2009,136494,209990,no,N/A,https://dojiw2m9tvv09.cloudfront.net/6365/product/20210119-095542-13580.jpg
2026-09-28,11:10:04,commandostore,Réplica Beretta MOD M9A3 FM Green Gas,https://www.commandostore.cl/product/replica-beretta-mod-m9a3-fm-green-gas,199990,199990,no,N/A,https://dojiw2m9tvv09.cloudfront.net/6365/product/2-6503-product-image-left7231.jpg
2026-09-28,11:10:04,commandostore,Réplica CYMA cal 6mm MP5 BLUE Edition AEG,https://www.commandostore.cl/product/replica-cyma-cal-6mm-mp5-blue-edition-aeg,199990,199990,no,N/A,https://dojiw2m9tvv09.cloudfront.net/6365/product/titular4513.jpg
2026-09-28,11:10:04,commandostore,Réplica AEG ROSSI Neptune MARSOC-B cal 6 mm,https://www.commandostore.cl/product/replica-aeg-rossi-neptune-marsoc-b-cal-6-mm,239990,239990,no,N/A,https://dojiw2m9tvv09.cloudfront.net/6365/product/rossi-neptune-marsoc-commando2815.jpg
2026-09-28,11:10:04,commandostore,Réplica AEG CYMA AKM Táctica cal 6 mm #CM.048,https://www.commandostore.cl/product/replica-aeg-cyma-akm-tactica-cal-6-mm-cm-048,249990,249990,no,N/A,https://dojiw2m9tvv09.cloudfront.net/6365/product/whatsapp-image-2026-03-23-at-10-00-04-am-14932.jpeg
2026-09-28,11:10:04,commandostore,Réplica AEG SRC SR5-SD6 cal 6 mm #GE-0540TM II,https://www.commandostore.cl/product/replica-aeg-src-sr5-sd6-cal-6-mm-ge-0540tm-ii,279494,429990,no,N/A,https://dojiw2m9tvv09.cloudfront.net/6365/product/x-ge-054013456223.jpg
2026-09-28,11:10:04,commandostore,Réplica cal 6mm Mod HK G36 #2.5746X,https://www.commandostore.cl/product/replica-cal-6mm-mod-hk-g36-2-5746x,319990,319990,no,N/A,https://dojiw2m9tvv09.cloudfront.net/6365/product/19951.jpg
2026-09-28,11:10:04,commandostore,Réplica King Arms cal 6mm TWS SBR GBB Lite Negra #KA-GBB-33-BK,https://www.commandostore.cl/product/replica-king-arms-cal-6mm-tws-sbr-gbb-lite-negra-ka-gbb-33-bk,329990,329990,no,N/A,https://dojiw2m9tvv09.cloudfront.net/6365/product/gbb-33-bk1386.jpg
2026-09-28,11:10:04,commandostore,Réplica Airsoft HK 416 A5 Full Metal,https://www.commandostore.cl/product/replica-airsoft-hk-416-a5-full-metal,449990,449990,no,N/A,https://dojiw2m9tvv09.cloudfront.net/6365/product/black4167466.jpg
2026-09-28,11:10:04,commandostore,Réplica cal 6 mm modelo Avalon Machete SBR AEG(GATE) Black,https://www.commandostore.cl/product/replica-cal-6-mm-modelo-avalon-machete-sbr-aeg-gate-black,489990,489990,no,N/A,https://dojiw2m9tvv09.cloudfront.net/6365/product/avalon-machete-sbr-28606.jpg
2026-09-28,11:10:04,commandostore,Réplica AEG VFC Avalon Samurai Edge Akatsuki Red Moon 2025 Limited Edition Cal. 6 mm,https://www.commandostore.cl/product/replica-aeg-vfc-avalon-samurai-edge-akatsuki-red-moon-2025-limited-edition-cal-6-mm,499990,499990,no,N/A,https://dojiw2m9tvv09.cloudfront.net/6365/product/red18569.jpg
2026-09-28,11:10:04,commandostore,Réplica AEG VFC Avalon Samurai Edge Royal Sword 2025 Limited Edition Cal. 6 mm,https://www.commandostore.cl/product/replica-aeg-vfc-avalon-samurai-edge-royal-sword-2025-limited-edition-cal-6-mm,499990,499990,no,N/A,https://dojiw2m9tvv09.cloudfront.net/6365/product/royal-sword9619.jpg
2026-09-28,11:10:04,commandostore,Replica HK416 A5 Bronze Full metal AEG,https://www.commandostore.cl/product/replica-hk416-a5-bronze-full-metal-aeg,549990,549990,no,N/A,https://dojiw2m9tvv09.cloudfront.net/6365/product/2-6561-10-017674.jpg
2026-09-28,11:10:04,commandostore,Réplica KWA AEG Variable Ronin T6 FDE,https://www.commandostore.cl/product/replica-kwa-aeg-variable-ronin-t6-fde,589990,589990,no,N/A,https://dojiw2m9tvv09.cloudfront.net/6365/product/kwa-aeg-variable-27187.png
2026-09-28,11:10:04,commandostore,Réplica cal 40 mm modelo US SOCOM M3 MAAWS,https://www.commandostore.cl/product/replica-cal-40-mm-modelo-us-socom-m3-maaws,649990,649990,no,N/A,https://dojiw2m9tvv09.cloudfront.net/6365/product/vf5-maaws-od01-3l7285.jpg
2026-09-28,11:10:04,commandostore,Réplica AEG VFC MK48 MOD1 Full Metal con Box Magazine Cal. 6 mm,https://www.commandostore.cl/product/replica-aeg-vfc-mk48-mod1-full-metal-con-box-magazine-cal-6-mm,899990,899990,no,N/A,https://dojiw2m9tvv09.cloudfront.net/6365/product/mk48-mod15323.jpg
2026-09-28,11:10:04,commandostore,"Réplica granada 40 mm para US SOCOM M3 MAAWS, 4 unidades de esponja",https://www.commandostore.cl/product/replica-granada-40-mm-para-us-socom-m3-maaws-4-unidades-de-esponja,9990,9990,si,1,https://dojiw2m9tvv09.cloudfront.net/6365/product/vf19-mag2464.jpg
2026-09-28,11:10:04,commandostore,Cargador VFC MK48 AEG Tambor Eléctrico cal 6 mm 8000rd,https://www.commandostore.cl/product/cargador-vfc-mk48-aeg-tambor-electrico-cal-6-mm-8000rd,129990,129990,no,N/A,https://dojiw2m9tvv09.cloudfront.net/6365/product/vf9-mag-mk48e-tn01-1la1578.jpg
2026-09-28,11:10:04,commandostore,Cargador CYMA AK Series Hi-Cap 600R cal 6 mm,https://www.commandostore.cl/product/cargador-cyma-ak-series-hi-cap-600r-cal-6-mm,9990,9990,si,101,https://dojiw2m9tvv09.cloudfront.net/6365/product/magazine-600rds-34427.png
2026-09-28,11:10:04,commandostore,Cargador CYMA MP5 Hi-Cap 200R cal 6 mm #C46,https://www.commandostore.cl/product/cargador-cyma-mp5-hi-cap-200r-cal-6-mm-c46,9990,9990,si,101,https://dojiw2m9tvv09.cloudfront.net/6365/product/cyma-hi-cap-para-mp5-mp5-c46-36791.png
2026-09-28,11:10:04,commandostore,Cargador CYMA M4 Hi-Cap 450R cal 6 mm #M001,https://www.commandostore.cl/product/cargador-cyma-m4-hi-cap-450r-cal-6-mm-m001,9990,9990,si,182,https://dojiw2m9tvv09.cloudfront.net/6365/product/2-000000006407-888735913.jpg
2026-09-28,11:10:04,commandostore,Réplica AEP CYMA M92 cal 6 mm #CM.126,https://www.commandostore.cl/product/replica-aep-cyma-m92-cal-6-mm-cm-126,89990,89990,si,50,https://dojiw2m9tvv09.cloudfront.net/6365/product/cm-126-64765.png
2026-09-28,11:10:04,commandostore,Réplica Airsoft GLOCK 19X MOS Coyote Co2 6 mm #2.6554,https://www.commandostore.cl/product/replica-airsoft-glock-19x-mos-coyote-co2-6-mm-2-6554,249990,249990,si,3,https://dojiw2m9tvv09.cloudfront.net/6365/product/whatsapp-image-2026-09-11-at-12-41-48-pm9639.jpeg
2026-09-28,11:10:04,commandostore,Réplica Airsoft GLOCK 17 Gen5 French Army Edition Coyote 6 mm GBB #2.6477,https://www.commandostore.cl/product/replica-airsoft-glock-17-gen5-french-army-edition-coyote-6-mm-gbb-2-6477,299990,299990,si,4,https://dojiw2m9tvv09.cloudfront.net/6365/product/whatsapp-image-2026-09-11-at-12-41-49-pm3492.jpeg
2026-09-28,11:10:04,commandostore,"Réplica de granada Elite Force Hailstorm Gas BLK 6mm 190R, #2.5073",https://www.commandostore.cl/product/replica-de-granada-elite-force-hailstorm-gas-blk-6mm-190r-2-5073,59990,59990,si,3,https://dojiw2m9tvv09.cloudfront.net/6365/product/whatsapp-image-2026-09-11-at-12-41-49-pm-49778.jpeg
2026-09-28,11:10:04,commandostore,Pistola Airsoft GBB Umarex GLOCK 45 Gen5 cal 6 mm #2.6470,https://www.commandostore.cl/product/pistola-airsoft-gbb-umarex-glock-45-gen5-cal-6-mm-2-6470,229990,229990,si,21,https://dojiw2m9tvv09.cloudfront.net/6365/product/2-6470_45_links_commandostore6895.jpg
2026-09-28,11:10:04,commandostore,"Cargador H&K HK M110 A1 GRN-BRN 100R, #2.6237.1",https://www.commandostore.cl/product/cargador-h-k-hk-m110-a1-grn-brn-100r-2-6237-1,79990,79990,si,4,https://dojiw2m9tvv09.cloudfront.net/6365/product/cargador-h-k-hk-m110-a1-grn-brn-100r-2-6237-10519.jpg
2026-09-28,11:10:04,commandostore,Cargador Umarex HK UMP AEG cal 6 mm 420R #2.5932.1,https://www.commandostore.cl/product/cargador-umarex-hk-ump-aeg-cal-6-mm-420r-2-5932-1,29990,29990,si,11,https://dojiw2m9tvv09.cloudfront.net/6365/product/0001064_2278058_001_5604396.jpeg
2026-09-28,11:10:04,commandostore,"Cargador HK 416 A5 BLK Gen3 6 mm 120/30R, #2.6560.1",https://www.commandostore.cl/product/cargador-hk-416-a5-blk-gen3-6-mm-120-30r-2-6560-1,49990,49990,si,12,https://dojiw2m9tvv09.cloudfront.net/6365/product/heckler-koch-magazine-gen30733.png
2026-09-28,11:10:04,commandostore,Cargador HK416 6 mm GBB 30R #2.5783.1,https://www.commandostore.cl/product/cargador-hk416-6-mm-gbb-30r-2-5783-1,99990,99990,si,3,https://dojiw2m9tvv09.cloudfront.net/6365/product/cargador-hk416-6-mm-gbb-30r-2-5783-15666.jpg
2026-09-28,11:10:04,commandostore,"Cargador HK 416 A5 BLK 6 mm 30R GBB, #2.6535.1",https://www.commandostore.cl/product/cargador-hk-416-a5-blk-6-mm-30r-gbb-2-6535-1,129990,129990,si,4,https://dojiw2m9tvv09.cloudfront.net/6365/product/cargador-hk-416-a5-blk-6-mm-30r-gbb-2-6535-1-22100.jpg
2026-09-28,11:10:04,commandostore,Pistola Airsoft Beretta M9A3 FM cal 6 mm CO2 Blowback #2.6396,https://www.commandostore.cl/product/pistola-airsoft-beretta-m9a3-fm-cal-6-mm-co2-blowback-2-6396,219990,219990,si,15,https://dojiw2m9tvv09.cloudfront.net/6365/product/2-6396_m9a3_links_ret-12059.jpg
2026-09-28,11:10:04,commandostore,Replica GLOCK 34 GEN 4 DELUXE CO2,https://www.commandostore.cl/product/replica-glock-34-gen-4-deluxe-co2,229990,229990,si,1,https://dojiw2m9tvv09.cloudfront.net/6365/product/2-6417_34gen4_links_ret_2000_1125_01422.jpg
2026-09-28,11:10:04,commandostore,Réplica Airsoft GLOCK 17 deluxe Co2,https://www.commandostore.cl/product/replica-airsoft-glock-17-deluxe-co2,229990,229990,no,N/A,https://dojiw2m9tvv09.cloudfront.net/6365/product/glock17deluxe4785.jpg
2026-09-28,11:10:04,commandostore,CARGADOR PARA HK VP9 GREEN GAS,https://www.commandostore.cl/product/cargador-para-hk-vp9-green-gas,59990,59990,no,N/A,https://dojiw2m9tvv09.cloudfront.net/6365/product/eng_pl_umarex-vfc-magazine-heckler-koch-vp9-gbb-2-6334-1-15174_10827.jpg
2026-09-28,11:10:04,commandostore,"Replica Ruger Super Hawk 6 """,https://www.commandostore.cl/product/replica-ruger-super-hawk-6,139990,139990,no,N/A,https://dojiw2m9tvv09.cloudfront.net/6365/product/2-5780_superhawk_links_ret_2000_1125_00457.jpg
2026-09-28,11:10:04,commandostore,Cargador EMG Troy industries Mid-cap 250 rds Negro #EMG-MAG-95-BK,https://www.commandostore.cl/product/cargador-emg-troy-industries-mid-cap-250-rds-negro-emg-mag-95-bk,24990,24990,si,48,https://dojiw2m9tvv09.cloudfront.net/6365/product/cargador-emg-troy-industries-mid-cap-250-rds-negro-emg-mag-95-bk-36382.png
2026-09-28,11:10:04,commandostore,Cargador King Arms cal 6mm Hi-Cap para FAL AEG #KA-MAG-06,https://www.commandostore.cl/product/cargador-king-arms-cal-6mm-hi-cap-para-fal-aeg-ka-mag-06,39990,39990,si,2,https://dojiw2m9tvv09.cloudfront.net/6365/product/ka-mag-064341.png
2026-09-28,11:10:04,commandostore,Cargador King Arms EMG Troy industries Mid-cap con T-grip 250 rds (2 unds) #EMG-MAG-91-BK-II,https://www.commandostore.cl/product/cargador-king-arms-emg-troy-industries-mid-cap-con-t-grip-250-rds-2-unds-emg-mag-91-bk-ii,49990,49990,si,13,https://dojiw2m9tvv09.cloudfront.net/6365/product/ca1183-17968.PNG
2026-09-28,11:10:04,commandostore,Cargador King Arms cal 6mm para TWS y G-serie GBB 30 rds #KA-MAG-93,https://www.commandostore.cl/product/cargador-king-arms-cal-6mm-para-tws-y-g-serie-gbb-30-rds-ka-mag-93,49990,49990,si,4,https://dojiw2m9tvv09.cloudfront.net/6365/product/ka-mag-93-1l8832.jpg
2026-09-28,11:10:04,commandostore,Trazador EMG Strike Industries Acetech Bifrost Recargable Negro #EMG-PFH-77-C-BK,https://www.commandostore.cl/product/trazador-emg-strike-industries-acetech-bifrost-recargable-negro-emg-pfh-77-c-bk,149990,149990,si,7,https://dojiw2m9tvv09.cloudfront.net/6365/product/trazador-emg-strike-industries-acetech-bifrost-recargable-negro-emg-pfh-77-c-bk5792.png
2026-09-28,11:10:04,commandostore,Trazador EMG Strike Industries Acetech Bifrost Recargable Azul #EMG-PFH-77-C-BL,https://www.commandostore.cl/product/trazador-emg-strike-industries-acetech-bifrost-recargable-azul-emg-pfh-77-c-bl,149990,149990,si,7,https://dojiw2m9tvv09.cloudfront.net/6365/product/emg-1049734143.jpg
2026-09-28,11:10:04,commandostore,Trazador EMG Strike Industries Acetech Bifrost Recargable Negro Coyote #EMG-PFH-77-C-FDE,https://www.commandostore.cl/product/trazador-emg-strike-industries-acetech-bifrost-recargable-negro-coyote-emg-pfh-77-c-fde,149990,149990,si,1,https://dojiw2m9tvv09.cloudfront.net/6365/product/emg-1049725494.jpg
2026-09-28,11:10:04,commandostore,Trazador EMG Strike Industries Acetech Bifrost Recargable Rojo #EMG-PFH-77-C-RD,https://www.commandostore.cl/product/trazador-emg-strike-industries-acetech-bifrost-recargable-rojo-emg-pfh-77-c-rd,149990,149990,si,3,https://dojiw2m9tvv09.cloudfront.net/6365/product/emg-1049711444.jpg
2026-09-28,11:10:04,commandostore,Réplica King Arms cal 6mm EMG Troy industries SOCC 7.6 Negra #EMG-AG-266-BK,https://www.commandostore.cl/product/replica-king-arms-cal-6mm-emg-troy-industries-socc-7-6-negra-emg-ag-266-bk,339990,339990,si,6,https://dojiw2m9tvv09.cloudfront.net/6365/product/aeg-emg-ag-266-bk6698.png
2026-09-28,11:10:04,commandostore,Réplica King Arms cal 6mm EMG Troy industries SOCC 7.6 Coyote #EMG-AG-266-DE,https://www.commandostore.cl/product/replica-king-arms-cal-6mm-emg-troy-industries-socc-7-6-coyote-emg-ag-266-de,339990,339990,si,4,https://dojiw2m9tvv09.cloudfront.net/6365/product/emg-ag-266-de1251.png
2026-09-28,11:10:04,commandostore,Réplica King Arms cal 6mm FAL Battle rifle #KA-AG-02-V2,https://www.commandostore.cl/product/replica-king-arms-cal-6mm-fal-battle-rifle-ka-ag-02-v2,499990,499990,si,1,https://dojiw2m9tvv09.cloudfront.net/6365/product/ka-1234567869.jpeg
2026-09-28,11:10:04,commandostore,Cargador cal 6 mm para replica KWA QRF MOD.3 80 Round Mid Cap #KWA-QRF3-M,https://www.commandostore.cl/product/cargador-cal-6-mm-para-replica-kwa-qrf-mod-3-80-round-mid-cap-kwa-qrf3-m,24990,24990,si,33,https://dojiw2m9tvv09.cloudfront.net/6365/product/kwa-qrf3-m-2l5399.jpg
2026-09-28,11:10:04,commandostore,Speedloader de KWA,https://www.commandostore.cl/product/speedloader-de-kwa,34990,34990,si,23,https://dojiw2m9tvv09.cloudfront.net/6365/product/kwa-bbloader7716.png
2026-09-28,11:10:04,commandostore,Cargador KWA AEG Mid-Cap MS120 para M4 120R cal 6 mm #197-04302-M1,https://www.commandostore.cl/product/cargador-kwa-aeg-mid-cap-ms120-para-m4-120r-cal-6-mm-197-04302-m1,34990,34990,si,28,https://dojiw2m9tvv09.cloudfront.net/6365/product/mint-single-12303.png
2026-09-28,11:10:04,commandostore,ACCESORIO PORTA BATERÍA KWA BEU BATTERY,https://www.commandostore.cl/product/accesorio-porta-bateria-kwa-beu-battery,36990,36990,si,50,https://dojiw2m9tvv09.cloudfront.net/6365/product/15450.png
2026-09-28,11:10:04,commandostore,CARGADOR KWA LM4 PTR 40,https://www.commandostore.cl/product/cargador-kwa-lm4-ptr-40,89990,89990,si,1,https://dojiw2m9tvv09.cloudfront.net/6365/product/35ef89a4-6d87-4dc8-8623-44507fe9bc5f0666.png
2026-09-28,11:10:04,commandostore,Cargador 6 mm para réplica KSC AKG / KTR 03 GBBR #KSC-AKG-M,https://www.commandostore.cl/product/cargador-6-mm-para-replica-ksc-akg-ktr-03-gbbr-ksc-akg-m,89990,89990,si,4,https://dojiw2m9tvv09.cloudfront.net/6365/product/ksc-mag-ktr03-1l-800x5333950.jpg
2026-09-28,11:10:04,commandostore,Cargador cal 6 mm para replica KWA Lithgow Arms F90 GBB #KWA-F90-G-30,https://www.commandostore.cl/product/cargador-cal-6-mm-para-replica-kwa-lithgow-arms-f90-gbb-kwa-f90-g-30,99990,99990,si,6,https://dojiw2m9tvv09.cloudfront.net/6365/product/kwa-f90-g-30-1l1434.jpg
2026-09-28,11:10:04,commandostore,Pistola Airsoft Umarex Glock 17 Gen5 cal 6 mm CO2 Blowback #2.6471,https://www.commandostore.cl/product/pistola-airsoft-umarex-glock-17-gen5-cal-6-mm-co2-blowback-2-6471,219990,219990,si,21,https://dojiw2m9tvv09.cloudfront.net/6365/product/2-6471-product-image-left6570.jpg
2026-09-28,11:10:04,commandostore,Pistola Airsoft Umarex Glock 17 Gen5 BLK-COY cal 6 mm CO2 Blowback #2.6478,https://www.commandostore.cl/product/pistola-airsoft-umarex-glock-17-gen5-blk-coy-cal-6-mm-co2-blowback-2-6478,219990,219990,si,21,https://dojiw2m9tvv09.cloudfront.net/6365/product/2-6478-product-image-left6300.jpg
2026-09-28,11:10:04,commandostore,Pistola Airsoft Umarex Glock 17 Gen5 BLK-BFG cal 6 mm CO2 Blowback #2.6481,https://www.commandostore.cl/product/pistola-airsoft-umarex-glock-17-gen5-blk-bfg-cal-6-mm-co2-blowback-2-6481,219990,219990,si,16,https://dojiw2m9tvv09.cloudfront.net/6365/product/2-6481-product-image-left6496.jpg
2026-09-28,11:10:04,commandostore,Pistola Airsoft GBB Umarex GLOCK 17 Gen5 cal 6 mm Green Gas #2.6457,https://www.commandostore.cl/product/pistola-airsoft-gbb-umarex-glock-17-gen5-cal-6-mm-green-gas-2-6457,229990,229990,si,15,https://dojiw2m9tvv09.cloudfront.net/6365/product/2-6457_gen5_links_2000_1125_05229.jpg
2026-09-28,11:10:04,commandostore,Pistola Airsoft Umarex Walther PDP Compact 4' cal 6 mm CO2 Non Blowback #2.6522-1,https://www.commandostore.cl/product/pistola-airsoft-umarex-walther-pdp-compact-4-cal-6-mm-co2-non-blowback-2-6522-1,209990,209990,si,21,https://dojiw2m9tvv09.cloudfront.net/6365/product/10452.png
2026-09-28,11:10:04,commandostore,Pistola Airsoft GBB Umarex GLOCK 19 Gen4 cal 6 mm #2.6456,https://www.commandostore.cl/product/pistola-airsoft-gbb-umarex-glock-19-gen4-cal-6-mm-2-6456,219990,219990,si,36,https://dojiw2m9tvv09.cloudfront.net/6365/product/glockgen46326.jpg
2026-09-28,11:10:04,commandostore,Replica USP compact Spring,https://www.commandostore.cl/product/replica-usp-compact-spring,49990,49990,si,138,https://dojiw2m9tvv09.cloudfront.net/6365/product/2-5996_hk_usp_resorte_commando_store9486.jpg
2026-09-28,11:10:04,commandostore,Réplica Pistola cal 6mm Mod Beretta 90 TWO #2.5912,https://www.commandostore.cl/product/replica-pistola-cal-6mm-mod-beretta-90-two-2-5912,29990,29990,si,119,https://dojiw2m9tvv09.cloudfront.net/6365/product/17520.jpg
2026-09-28,11:10:04,commandostore,Pistola Airsoft Beretta M92 FS cal 6 mm CO2 #2.5994,https://www.commandostore.cl/product/pistola-airsoft-beretta-m92-fs-cal-6-mm-co2-2-5994,89990,89990,si,15,https://dojiw2m9tvv09.cloudfront.net/6365/product/127587.png
2026-09-28,11:10:04,commandostore,Pistola Airsoft Glock 22 Gen4 cal 6 mm CO2 #2.6427,https://www.commandostore.cl/product/pistola-airsoft-glock-22-gen4-cal-6-mm-co2-2-6427,129990,129990,si,69,https://dojiw2m9tvv09.cloudfront.net/6365/product/pistola-cal-6-mm-mod-glock-22-gen4-co2-2-64278112.jpg
2026-09-28,11:10:04,commandostore,Pistola Airsoft Umarex Glock 19 cal 6 mm CO2 #2.6418,https://www.commandostore.cl/product/pistola-airsoft-umarex-glock-19-cal-6-mm-co2-2-6418,149990,149990,si,50,https://dojiw2m9tvv09.cloudfront.net/6365/product/16416.jpg
2026-09-28,11:10:04,commandostore,Réplica Smith & Wesson M&P9 Grenn Gas,https://www.commandostore.cl/product/replica-smith-wesson-m-p9-grenn-gas,209990,209990,si,2,https://dojiw2m9tvv09.cloudfront.net/6365/product/2-6454-mp9-links4980.jpg
2026-09-28,11:10:04,commandostore,Pistola Airsoft Beretta M9A3 FM cal 6 mm CO2 Blowback #2.6491,https://www.commandostore.cl/product/pistola-airsoft-beretta-m9a3-fm-cal-6-mm-co2-blowback-2-6491,219990,219990,si,15,https://dojiw2m9tvv09.cloudfront.net/6365/product/122462.png
2026-09-28,11:10:04,commandostore,Pistola Airsoft Umarex HK VP9 Tactical cal 6 mm GBB #2.6366,https://www.commandostore.cl/product/pistola-airsoft-umarex-hk-vp9-tactical-cal-6-mm-gbb-2-6366,219990,219990,si,16,https://dojiw2m9tvv09.cloudfront.net/6365/product/12270.jpg
2026-09-28,11:10:04,commandostore,Pistola Airsoft Umarex Glock 17 Gen5 MOS cal 6 mm CO2 Blowback #2.6551,https://www.commandostore.cl/product/pistola-airsoft-umarex-glock-17-gen5-mos-cal-6-mm-co2-blowback-2-6551,229990,229990,si,17,https://dojiw2m9tvv09.cloudfront.net/6365/product/2-6551-product-image-left7663.jpg
2026-09-28,11:10:04,commandostore,Replica HK USP .45 GNBB 6mm Co2,https://www.commandostore.cl/product/replica-hk-usp-45-gnbb-6mm-co2,48993,69990,no,N/A,https://dojiw2m9tvv09.cloudfront.net/6365/product/2-5561-usp-links1703.jpg
2026-09-28,11:10:04,commandostore,Pistola Airsoft GBB Umarex GLOCK 19X cal 6 mm #2.6459,https://www.commandostore.cl/product/pistola-airsoft-gbb-umarex-glock-19x-cal-6-mm-2-6459,214990,214990,no,N/A,https://dojiw2m9tvv09.cloudfront.net/6365/product/2-6459_19x_links_ret_2000_1125_06396.jpg
2026-09-28,11:10:04,commandostore,Cargador cal 6 mm para Glock 19X green gas 22R #2.6459.1,https://www.commandostore.cl/product/cargador-cal-6-mm-para-glock-19x-green-gas-22r-2-6459-1,59990,59990,no,N/A,https://dojiw2m9tvv09.cloudfront.net/6365/product/19x-6mm1685.png
2026-09-28,11:10:04,commandostore,Replica Revolver Smith and Wesson M&P R8 Co2,https://www.commandostore.cl/product/replica-revolver-smith-and-wesson-m-p-r8-co2,89990,89990,no,N/A,https://dojiw2m9tvv09.cloudfront.net/6365/product/2-6447_m_p_r8_links_ret_2000_1125_03075.jpg
2026-09-28,11:10:04,commandostore,"Réplica Legends P08 BLK 6 mm CO2 < 2,0 J 15R #2.5874",https://www.commandostore.cl/product/replica-legends-p08-blk-6-mm-co2-2-0-j-15r-2-5874,109990,109990,no,N/A,https://dojiw2m9tvv09.cloudfront.net/6365/product/legends-p08-33002.jpg
2026-09-28,11:10:04,commandostore,Réplica Walther PPQ M2 Green gas Blowback,https://www.commandostore.cl/product/replica-walther-ppq-m2-green-gas-blowback,179990,179990,no,N/A,https://dojiw2m9tvv09.cloudfront.net/6365/product/2-5966-ppq-m2-links-ret1997.jpg
2026-09-28,11:10:04,commandostore,Replica Elite Force 1911 Tac dos Green Gas,https://www.commandostore.cl/product/replica-elite-force-1911-tac-dos-green-gas,199990,199990,no,N/A,https://dojiw2m9tvv09.cloudfront.net/6365/product/2-6499-product-image-left8114.jpg
2026-09-28,11:10:04,commandostore,"Revólver Airsoft Umarex Smith & Wesson M29 6,5"" cal 6 mm CO2 Full Metal #2.6465",https://www.commandostore.cl/product/revolver-airsoft-umarex-smith-wesson-m29-6-5-cal-6-mm-co2-full-metal-2-6465,229990,229990,no,N/A,https://dojiw2m9tvv09.cloudfront.net/6365/product/ssww17297.png
2026-09-28,11:10:04,commandostore,Munición Hidrogel para GelBlaster 10.000 unidades,https://www.commandostore.cl/product/municion-hidrogel-para-gelblaster-10-000-unidades,7990,7990,si,98,https://dojiw2m9tvv09.cloudfront.net/6365/product/2655-source-16800263926042.jpg
2026-09-28,11:10:04,commandostore,Valken Gelblaster SurgeXL + 10.000 ( Hidrogel),https://www.commandostore.cl/product/valken-gelblaster-surgexl-10-000-hidrogel,169990,169990,si,4,https://dojiw2m9tvv09.cloudfront.net/6365/product/gelblaster-surge-xl-commando-store-20701.jpg
2026-09-28,11:10:04,commandostore,Pack Glock 45 Gen5 GBB + Green Gas Walther Premium 750 ML+ 1 Bolsa de Balines King Arms,https://www.commandostore.cl/product/pack-glock-45-gen5-gbb-green-gas-walther-premium-750-ml-1-bolsa-de-balines-king-arms,209990,209990,si,21,https://dojiw2m9tvv09.cloudfront.net/6365/product/12836.png
2026-09-28,11:10:04,commandostore,Cargador Umarex G36 cal 6 mm Mid-Cap 120R #2.5748.2,https://www.commandostore.cl/product/cargador-umarex-g36-cal-6-mm-mid-cap-120r-2-5748-2,34993,49990,si,17,https://dojiw2m9tvv09.cloudfront.net/6365/product/2-5748-2-product-image-perspective8393.png
2026-09-28,11:10:04,commandostore,Pack Glock 17 Gen5 GBB + Green Gas Walther Premium 750 ML + Bolsa King Arms 0.20g,https://www.commandostore.cl/product/pack-glock-17-gen5-gbb-green-gas-walther-premium-750-ml-bolsa-king-arms-0-20g,209990,209990,si,15,https://dojiw2m9tvv09.cloudfront.net/6365/product/glock-17-gen-5-gb0425.png
2026-09-28,11:10:04,commandostore,Green Gas Walther Premium Gas 750 ml con Silicona #2.5098,https://www.commandostore.cl/product/green-gas-walther-premium-gas-750-ml-con-silicona-2-5098,14990,14990,si,106,https://dojiw2m9tvv09.cloudfront.net/6365/product/walthergbb3695.png
2026-09-28,11:10:04,commandostore,Co2 Umarex 12 grs.,https://www.commandostore.cl/product/co2-umarex-12-grs,800,800,si,19426,https://dojiw2m9tvv09.cloudfront.net/6365/product/12g-co29919.png
2026-09-28,11:10:04,commandostore,Lubricante para Réplicas Multi Care Spray de Silicona 200ml,https://www.commandostore.cl/product/lubricante-para-replicas-multi-care-spray-de-silicona-200ml,12990,12990,si,430,https://dojiw2m9tvv09.cloudfront.net/6365/product/multicare-spray-silicone9265.png
2026-09-28,11:10:04,commandostore,Green Gas Elite Force 130 PSI 600ml,https://www.commandostore.cl/product/green-gas-elite-force-130-psi-600ml,11990,11990,no,N/A,https://dojiw2m9tvv09.cloudfront.net/6365/product/gbbsss2790.png
2026-09-28,11:10:04,commandostore,Green Gas Elite Force 150 PSI 600ml,https://www.commandostore.cl/product/green-gas-elite-force-150-psi-600ml,12990,12990,no,N/A,https://dojiw2m9tvv09.cloudfront.net/6365/product/gbbssse4029.png
2026-09-28,11:10:04,commandostore,Power GAS HK Umarex 560ml,https://www.commandostore.cl/product/power-gas-hk-umarex-560ml,10990,10990,no,N/A,https://dojiw2m9tvv09.cloudfront.net/6365/product/gbbhk4535.png
2026-09-28,11:10:04,commandostore,Balines King Arms Platinum 0.20 g cal 6 mm 5000 unidades - 1 KG,https://www.commandostore.cl/product/balines-king-arms-platinum-0-20-g-cal-6-mm-5000-unidades-1-kg,9990,9990,si,182,https://dojiw2m9tvv09.cloudfront.net/6365/product/0204797.jpg
2026-09-28,11:10:04,commandostore,Balines King Arms Platinum 0.23 g cal 6 mm 4700 unidades - 1 KG,https://www.commandostore.cl/product/balines-king-arms-platinum-0-23-g-cal-6-mm-4700-unidades-1-kg,9990,9990,si,106,https://dojiw2m9tvv09.cloudfront.net/6365/product/0235541.jpg
2026-09-28,11:10:04,commandostore,Balines cal 8 mm Madbull 850 rds,https://www.commandostore.cl/product/balines-cal-8-mm-madbull-850-rds,11990,11990,si,4,https://dojiw2m9tvv09.cloudfront.net/6365/product/madbull-5-95mm7770.jpg
2026-09-28,11:10:04,commandostore,BALINES MODIFY BIO 6mm 0.40g,https://www.commandostore.cl/product/balines-modify-bio-6mm-0-40g,14990,14990,si,69,https://dojiw2m9tvv09.cloudfront.net/6365/product/df10cd44e2ad71a3f29a3472f584c9ea-10106.jpg
2026-09-28,11:10:04,commandostore,Bolsa de seguridad para baterías LiPo Victory Battery,https://www.commandostore.cl/product/bolsa-de-seguridad-para-baterias-lipo-victory-battery,9990,9990,si,50,https://dojiw2m9tvv09.cloudfront.net/6365/product/lipo-guard-bolsa9830.png
2026-09-28,11:10:04,commandostore,"Bateria Lipo 7,4 1100 mach 15C VB conector Deans",https://www.commandostore.cl/product/bateria-lipo-7-4-1100-mach-15c-vb-conector-deans,17990,17990,si,8,https://dojiw2m9tvv09.cloudfront.net/6365/product/deans5291.jpg
2026-09-28,11:10:04,commandostore,Batería LiPo 11.1V 1100mAh 20C Victory Battery,https://www.commandostore.cl/product/bateria-lipo-11-1v-1100mah-20c-victory-battery,19990,19990,si,25,https://dojiw2m9tvv09.cloudfront.net/6365/product/3-vb-lipo-11-1v1100mah20c7759.png
2026-09-28,11:10:04,commandostore,Batería LiPo 11.1V 1300mAh 20C Victory Battery,https://www.commandostore.cl/product/bateria-lipo-11-1v-1300mah-20c-victory-battery,21990,21990,si,154,https://dojiw2m9tvv09.cloudfront.net/6365/product/vb-lipo-11-1v1300mah20c-vb1662.png
2026-09-28,11:10:04,commandostore,"Batería LIPO 11,1V 1500 mah 15C marca VB",https://www.commandostore.cl/product/bateria-lipo-11-1v-1500-mah-15c-marca-vb,24990,24990,si,23,https://dojiw2m9tvv09.cloudfront.net/6365/product/3-vb-lipo1500mah11-1v15cstick9911.png
2026-09-28,11:10:04,commandostore,"Batería Li-Ion Butterfly Pack, 15C-25C con conector DEAN #VB-LIION3SV4000ND",https://www.commandostore.cl/product/bateria-li-ion-butterfly-pack-15c-25c-con-conector-dean-vb-liion3sv4000nd,29990,29990,si,59,https://dojiw2m9tvv09.cloudfront.net/6365/product/4-vb-liion3sv4000nd4779.png
2026-09-28,11:10:04,commandostore,Batería LiPo 7.4V 1300mAh 15C Victory Battery,https://www.commandostore.cl/product/bateria-lipo-7-4v-1300mah-15c-victory-battery,16990,16990,no,N/A,https://dojiw2m9tvv09.cloudfront.net/6365/product/lipo-commando1540.jpg
2026-09-28,11:10:04,commandostore,Batería Victory Battery LIPO 11.1V 1300 mah 15C,https://www.commandostore.cl/product/bateria-victory-battery-lipo-11-1v-1300-mah-15c,25990,25990,no,N/A,https://dojiw2m9tvv09.cloudfront.net/6365/product/11de13002405.jpg
2026-09-28,11:10:04,commandostore,"Batería Victory Battery LIPO 11,1V 2500 mah 20C",https://www.commandostore.cl/product/bateria-victory-battery-lipo-11-1v-2500-mah-20c,29990,29990,no,N/A,https://dojiw2m9tvv09.cloudfront.net/6365/product/dsc_00965375.jpg
2026-09-28,11:10:04,commandostore,GTG Pouch Herramienta Multicam Black,https://www.commandostore.cl/product/gtg-pouch-herramienta-multicam-black,9990,9990,si,2,https://dojiw2m9tvv09.cloudfront.net/6365/product/10680.jpg
2026-09-28,11:10:04,commandostore,GTG Retenedor Torniquete Multicam,https://www.commandostore.cl/product/gtg-retenedor-torniquete-multicam,19990,19990,si,1,https://dojiw2m9tvv09.cloudfront.net/6365/product/10406.jpg
2026-09-28,11:10:04,commandostore,GTG Retenedor torniquete Multicam Black,https://www.commandostore.cl/product/gtg-retenedor-torniquete-multicam-black,19990,19990,si,6,https://dojiw2m9tvv09.cloudfront.net/6365/product/28128.jpg
2026-09-28,11:10:04,commandostore,GTG Medic Pouch insert Black,https://www.commandostore.cl/product/gtg-medic-pouch-insert-black,19990,19990,si,3,https://dojiw2m9tvv09.cloudfront.net/6365/product/21251.jpg
2026-09-28,11:10:04,commandostore,GTG Medic Pouch insert Multicam,https://www.commandostore.cl/product/gtg-medic-pouch-insert-multicam,19990,19990,si,3,https://dojiw2m9tvv09.cloudfront.net/6365/product/screenshot-40073.png
2026-09-28,11:10:04,commandostore,GTG Pouch Speed M4 Molle Black,https://www.commandostore.cl/product/gtg-pouch-speed-m4-molle-black,19990,19990,si,1,https://dojiw2m9tvv09.cloudfront.net/6365/product/18450.jpg
2026-09-28,11:10:04,commandostore,GTG Pouch Doble Speed 9mm Multicam,https://www.commandostore.cl/product/gtg-pouch-doble-speed-9mm-multicam,24990,24990,si,1,https://dojiw2m9tvv09.cloudfront.net/6365/product/14226.jpg
2026-09-28,11:10:04,commandostore,GTG Pouch Doble Speed 9mm Multicam Black,https://www.commandostore.cl/product/gtg-pouch-doble-speed-9mm-multicam-black,24990,24990,si,1,https://dojiw2m9tvv09.cloudfront.net/6365/product/36672.jpg
2026-09-28,11:10:04,commandostore,GTG Suspensores Multicam,https://www.commandostore.cl/product/gtg-suspensores-multicam,29990,29990,si,3,https://dojiw2m9tvv09.cloudfront.net/6365/product/13477.jpg
2026-09-28,11:10:04,commandostore,GTG Suspensores Multicam Black,https://www.commandostore.cl/product/gtg-suspensores-multicam-black,29990,29990,si,3,https://dojiw2m9tvv09.cloudfront.net/6365/product/26781.jpg
2026-09-28,11:10:04,commandostore,GTG Dump Pouch Multicam,https://www.commandostore.cl/product/gtg-dump-pouch-multicam,39990,39990,si,5,https://dojiw2m9tvv09.cloudfront.net/6365/product/16963.jpg
2026-09-28,11:10:04,commandostore,GTG Medic Pouch Molle Multicam,https://www.commandostore.cl/product/gtg-medic-pouch-molle-multicam,39990,39990,si,3,https://dojiw2m9tvv09.cloudfront.net/6365/product/16742.jpg
2026-09-28,11:10:04,commandostore,GTG Medic Pouch Molle Black,https://www.commandostore.cl/product/gtg-medic-pouch-molle-black,39990,39990,si,2,https://dojiw2m9tvv09.cloudfront.net/6365/product/31498.jpg
2026-09-28,11:10:04,commandostore,GTG  Dump Pouch Molle Multicam Black,https://www.commandostore.cl/product/gtg-dump-pouch-molle-multicam-black,39990,39990,si,5,https://dojiw2m9tvv09.cloudfront.net/6365/product/19551.jpg
2026-09-28,11:10:04,commandostore,GTG Cinturon molle D Ring Multicam Arid Talla L,https://www.commandostore.cl/product/gtg-cinturon-molle-d-ring-multicam-arid-talla-l,59990,59990,si,3,https://dojiw2m9tvv09.cloudfront.net/6365/product/gingers-cinturon-molle-d-ring-multicam-arid-talla-xl8155.jpg
2026-09-28,11:10:04,commandostore,GTG Cinturon molle D Ring Multicam Arid Talla M,https://www.commandostore.cl/product/gtg-cinturon-molle-d-ring-multicam-arid-talla-m,59990,59990,si,2,https://dojiw2m9tvv09.cloudfront.net/6365/product/gingers-cinturon-molle-d-ring-multicam-arid-talla-xl9935.jpg
2026-09-28,11:10:04,commandostore,GTG Cinturon molle D Ring Multicam Black Talla L,https://www.commandostore.cl/product/gtg-cinturon-molle-d-ring-multicam-black-talla-l,59990,59990,si,5,https://dojiw2m9tvv09.cloudfront.net/6365/product/gtg-cinturon-molle-d-ring-multicam-black-talla-l5969.jpg
2026-09-28,11:10:04,commandostore,GTG Cinturon molle D Ring Multicam Black Talla M,https://www.commandostore.cl/product/gtg-cinturon-molle-d-ring-multicam-black-talla-m,59990,59990,si,4,https://dojiw2m9tvv09.cloudfront.net/6365/product/gtg-cinturon-molle-d-ring-multicam-black-talla-l6626.jpg
2026-09-28,11:10:04,commandostore,GTG Cinturon molle D Ring Multicam Black Talla XL,https://www.commandostore.cl/product/gtg-cinturon-molle-d-ring-multicam-black-talla-xl,59990,59990,si,4,https://dojiw2m9tvv09.cloudfront.net/6365/product/gtg-cinturon-molle-d-ring-multicam-black-talla-l1456.jpg
2026-09-28,11:10:04,commandostore,GTG Cinturon molle D Ring Talla L,https://www.commandostore.cl/product/gtg-cinturon-molle-d-ring-talla-l,59990,59990,si,4,https://dojiw2m9tvv09.cloudfront.net/6365/product/69522.jpg
2026-09-28,11:10:04,commandostore,GTG Cinturon molle D Ring Talla M,https://www.commandostore.cl/product/gtg-cinturon-molle-d-ring-talla-m,59990,59990,si,3,https://dojiw2m9tvv09.cloudfront.net/6365/product/61623.jpg
2026-09-28,11:10:04,commandostore,GTG Cinturon molle D Ring Multicam Alpine Talla L,https://www.commandostore.cl/product/gtg-cinturon-molle-d-ring-multicam-alpine-talla-l,59990,59990,si,2,https://dojiw2m9tvv09.cloudfront.net/6365/product/15913.jpg
2026-09-28,11:10:04,commandostore,GTG Cinturon molle D Ring Multicam Alpine Talla XL,https://www.commandostore.cl/product/gtg-cinturon-molle-d-ring-multicam-alpine-talla-xl,59990,59990,si,1,https://dojiw2m9tvv09.cloudfront.net/6365/product/15864.jpg
2026-09-28,11:10:04,commandostore,GTG Cinturon molle D Ring Multicam Talla XL,https://www.commandostore.cl/product/gtg-cinturon-molle-d-ring-multicam-talla-xl,59990,59990,si,3,https://dojiw2m9tvv09.cloudfront.net/6365/product/17898.jpg
2026-09-28,11:10:04,commandostore,GTG Chaleco Kangaroo + Skeleton Multicam Arid Talla M,https://www.commandostore.cl/product/gtg-chaleco-kangaroo-skeleton-multicam-arid-talla-m,159990,159990,si,2,https://dojiw2m9tvv09.cloudfront.net/6365/product/57706.jpg
2026-09-28,11:10:04,commandostore,GTG Chaleco GPC Kangaroo + Skeleton Multicam Black Talla M,https://www.commandostore.cl/product/gtg-chaleco-gpc-kangaroo-skeleton-multicam-black-talla-m,159990,159990,si,2,https://dojiw2m9tvv09.cloudfront.net/6365/product/10953.jpg
2026-09-28,11:10:04,commandostore,GTG Chaleco GPC Kangaroo + Skeleton Wolf Grey Talla M,https://www.commandostore.cl/product/gtg-chaleco-gpc-kangaroo-skeleton-wolf-grey-talla-m,159990,159990,si,1,https://dojiw2m9tvv09.cloudfront.net/6365/product/14383.jpg
2026-09-28,11:10:04,commandostore,GTG Chaleco GPC Kangaroo + Skeleton Ranger Green Talla M,https://www.commandostore.cl/product/gtg-chaleco-gpc-kangaroo-skeleton-ranger-green-talla-m,159990,159990,si,1,https://dojiw2m9tvv09.cloudfront.net/6365/product/31415.jpg
2026-09-28,11:10:04,commandostore,GTG Chaleco GPC Kangaroo + Skeleton Multicam Alpine Talla M,https://www.commandostore.cl/product/gtg-chaleco-gpc-kangaroo-skeleton-multicam-alpine-talla-m,159990,159990,si,1,https://dojiw2m9tvv09.cloudfront.net/6365/product/13581.jpg
2026-09-28,11:10:04,commandostore,GTG Cinturon molleD Ring Multicam Alpine Talla M,https://www.commandostore.cl/product/gtg-cinturon-molled-ring-multicam-alpine-talla-m,59990,59990,no,N/A,https://dojiw2m9tvv09.cloudfront.net/6365/product/12118.jpg
2026-09-28,11:10:04,commandostore,Protector auditivo M32 PLUS EARMOR COYOTE,https://www.commandostore.cl/product/protector-auditivo-m32-plus-earmor-coyote,99990,99990,no,N/A,https://dojiw2m9tvv09.cloudfront.net/6365/product/m32-plus-05-previews-600px5427.jpg
2026-09-28,11:10:04,commandostore,Protector auditivo M20T PRO EARMOR BLACK,https://www.commandostore.cl/product/protector-auditivo-m20t-pro-earmor-black,99990,99990,no,N/A,https://dojiw2m9tvv09.cloudfront.net/6365/product/m20t-pro-01-previews-600px7262.jpg
2026-09-28,11:10:04,commandostore,"Linterna de cabeza Sledge, incluye correa elastica , bateria recargable SL-B26 y cable USB-C color negra #89019",https://www.commandostore.cl/product/linterna-de-cabeza-sledge-incluye-correa-elastica-bateria-recargable-sl-b26-y-cable-usb-c-color-negra-89019,89990,89990,si,15,https://dojiw2m9tvv09.cloudfront.net/6365/product/14348.jpg
2026-09-28,11:10:04,commandostore,"Linterna MegaStream USB incluye una bateria recargable SL-B34 ,cable USB-C y holster , color negra #66210",https://www.commandostore.cl/product/linterna-megastream-usb-incluye-una-bateria-recargable-sl-b34-cable-usb-c-y-holster-color-negra-66210,119990,119990,si,15,https://dojiw2m9tvv09.cloudfront.net/6365/product/18482.jpg
2026-09-28,11:10:04,commandostore,"Linterna TLR-3X USB para riel picatinny, color negra, incluye bateria recargable SL-B9 #59101",https://www.commandostore.cl/product/linterna-tlr-3x-usb-para-riel-picatinny-color-negra-incluye-bateria-recargable-sl-b9-59101,199990,199990,si,6,https://dojiw2m9tvv09.cloudfront.net/6365/product/16617.jpg
2026-09-28,11:10:04,commandostore,"Linterna TLR-3X USB para riel picatinny Slim, color negra, incluye bateria recargable SL-B9, #59103",https://www.commandostore.cl/product/linterna-tlr-3x-usb-para-riel-picatinny-slim-color-negra-incluye-bateria-recargable-sl-b9-59103,199990,199990,si,4,https://dojiw2m9tvv09.cloudfront.net/6365/product/tlr-3-x-1-15167.jpg
2026-09-28,11:10:04,commandostore,Linterna ProTac HP-X USB incluye holster de nylon y una bateria recargable SL-B26 con cable USB color negra #89022,https://www.commandostore.cl/product/linterna-protac-hp-x-usb-incluye-holster-de-nylon-y-una-bateria-recargable-sl-b26-con-cable-usb-color-negra-89022,214990,214990,si,3,https://dojiw2m9tvv09.cloudfront.net/6365/product/15924.jpg
2026-09-28,11:10:04,commandostore,"Linterna ProTac Rail Mount VIR USB Pro, incluye Jack Cap®, M-LOK® Kit, switch remoto, hardware kit, 2.5 mm llave Allen, (1)bateria recargable SL-B26 y cable USB de 101.6 cm #88139",https://www.commandostore.cl/product/linterna-protac-rail-mount-vir-usb-pro-incluye-jack-cap-m-lok-kit-switch-remoto-hardware-kit-2-5-mm-llave-allen-1-bateria-recargable-sl-b26-y-cable-usb-de-101-6-cm-88139,469990,469990,si,4,https://dojiw2m9tvv09.cloudfront.net/6365/product/14822.jpg
2026-09-28,11:10:04,commandostore,Linterna Táctica Walther Tactical 250 #3.7064,https://www.commandostore.cl/product/linterna-tactica-walther-tactical-250-3-7064,29990,29990,si,16,https://dojiw2m9tvv09.cloudfront.net/6365/product/3-7064_tactical250_armeria_tarapaca3913.jpg
2026-09-28,11:10:04,commandostore,Linterna Táctica Walther XT2 #3.7034,https://www.commandostore.cl/product/linterna-tactica-walther-xt2-3-7034,34990,34990,si,12,https://dojiw2m9tvv09.cloudfront.net/6365/product/3-7034_tactical_xt2_persp_armeria_tarapaca4197.jpg
2026-09-28,11:10:04,commandostore,Mira Punto Rojo Umarex UX NP6 Nano Point para riel Picatinny #2.1007,https://www.commandostore.cl/product/mira-punto-rojo-umarex-ux-np6-nano-point-para-riel-picatinny-2-1007,49990,49990,si,19,https://dojiw2m9tvv09.cloudfront.net/6365/product/2-1007-19851.jpg
2026-09-28,11:10:04,commandostore,MIRA UX NP 4 Nano Point para riel Picatinny,https://www.commandostore.cl/product/mira-ux-np-4-nano-point-para-riel-picatinny,59990,59990,si,27,https://dojiw2m9tvv09.cloudfront.net/6365/product/2-1041-18466.jpg
2026-09-28,11:10:04,commandostore,Mira Telescópica Walther 3-9x44 – Retícula Mil-Dot – Montaje 22mm Picatinny #2.1532,https://www.commandostore.cl/product/mira-telescopica-walther-3-9x44-reticula-mil-dot-montaje-22mm-picatinny-2-1532,99990,99990,si,17,https://dojiw2m9tvv09.cloudfront.net/6365/product/2-1532_3-9x44_persp_ret_2000_1125_01128.jpg
2026-09-28,11:10:04,commandostore,Pack 5 Mini Linternas Walther NL10 #3.7088-1,https://www.commandostore.cl/product/pack-5-mini-linternas-walther-nl10-3-7088-1,99990,99990,si,3,https://dojiw2m9tvv09.cloudfront.net/6365/product/linterna-nl-101132.png
2026-09-28,11:10:04,commandostore,Linterna Streamlight modelo TLR-6 RM GLOCK con laser,https://www.commandostore.cl/product/linterna-streamlight-modelo-tlr-6-rm-glock-con-laser,209990,209990,si,9,https://dojiw2m9tvv09.cloudfront.net/6365/product/tlr6railmount_027284.jpg
2026-09-28,11:10:04,commandostore,"Linterna Streamlight modelo TLR-6, Glock 42/43",https://www.commandostore.cl/product/linterna-streamlight-modelo-tlr-6-glock-42-43,209990,209990,si,9,https://dojiw2m9tvv09.cloudfront.net/6365/product/tlr6railmount_028603.jpg
2026-09-28,11:10:04,commandostore,Mira Red Dot Walther EPS 3 con Magnificador 3x Abatible – Montaje Picatinny,https://www.commandostore.cl/product/mira-red-dot-walther-eps-3-con-magnificador-3x-abatible-montaje-picatinny,244990,244990,si,6,https://dojiw2m9tvv09.cloudfront.net/6365/product/walther-eps-3-ps22-red-dot-inkl-magnifier-leuchtpunktzielgeraet0000.jpg
2026-09-28,11:10:04,commandostore,"Linterna Streamlight modelo TLR-7A, color negro",https://www.commandostore.cl/product/linterna-streamlight-modelo-tlr-7a-color-negro,249990,249990,si,3,https://dojiw2m9tvv09.cloudfront.net/6365/product/tlr7a-group7816.jpg
2026-09-28,11:10:04,commandostore,Linterna Streamlight Stinger CR 230/DC 1H #75500,https://www.commandostore.cl/product/linterna-streamlight-stinger-cr-230-dc-1h-75500,259990,259990,si,5,https://dojiw2m9tvv09.cloudfront.net/6365/product/linterna-streamlight-stinger-cr-230dc-1h-755002812.png
2026-09-28,11:10:04,commandostore,"Linterna para casco Sidewinder Stalk, incluye Helmet Clip (attached to light), ARC Rail Assy, montura Arc Rail, (1) CR123A & ""AA"" color negro #14311",https://www.commandostore.cl/product/linterna-para-casco-sidewinder-stalk-incluye-helmet-clip-attached-to-light-arc-rail-assy-montura-arc-rail-1-cr123a-aa-color-negro-14311,289990,289990,si,5,https://dojiw2m9tvv09.cloudfront.net/6365/product/15749.jpg
2026-09-28,11:10:04,commandostore,"Linterna Streamlight modelo TLR-8 A, color negro, laser rojo",https://www.commandostore.cl/product/linterna-streamlight-modelo-tlr-8-a-color-negro-laser-rojo,399990,399990,si,17,https://dojiw2m9tvv09.cloudfront.net/6365/product/tlr-8ag_angled_18061.jpg
2026-09-28,11:10:04,commandostore,"Linterna Streamlight modelo TLR-8 AG, color negro, laser verde",https://www.commandostore.cl/product/linterna-streamlight-modelo-tlr-8-ag-color-negro-laser-verde,489990,489990,si,7,https://dojiw2m9tvv09.cloudfront.net/6365/product/tlr-8ag_angled_18304.jpg
2026-09-28,11:10:04,commandostore,"Linterna Streamlight modelo TLR-2, color negro, laser rojo",https://www.commandostore.cl/product/linterna-streamlight-modelo-tlr-2-color-negro-laser-rojo,599990,599990,si,7,https://dojiw2m9tvv09.cloudfront.net/6365/product/tlr-2_main6560.jpg
2026-09-28,11:10:04,commandostore,"Linterna Streamlight modelo TLR-2 G, color negro, laser verde",https://www.commandostore.cl/product/linterna-streamlight-modelo-tlr-2-g-color-negro-laser-verde,649990,649990,si,9,https://dojiw2m9tvv09.cloudfront.net/6365/product/tlr-2-g_hz6904.jpg
2026-09-28,11:10:04,commandostore,Láser Táctico Umarex UX NL1 – Montaje Picatinny #2.1111X,https://www.commandostore.cl/product/laser-tactico-umarex-ux-nl1-montaje-picatinny-2-1111x,49990,49990,no,N/A,https://dojiw2m9tvv09.cloudfront.net/6365/product/nl18103.png
2026-09-28,11:10:04,commandostore,Linterna Táctica Compacta Walther PL30,https://www.commandostore.cl/product/linterna-tactica-compacta-walther-pl30,29990,29990,no,N/A,https://dojiw2m9tvv09.cloudfront.net/6365/product/3-7080_pl30_armeria_tarpaca2763.jpg
2026-09-28,11:10:04,commandostore,Linterna Compacta Walther MGL 300 #3.7054,https://www.commandostore.cl/product/linterna-compacta-walther-mgl-300-3-7054,29990,29990,no,N/A,https://dojiw2m9tvv09.cloudfront.net/6365/product/mgl_300_linterna_armeria_tarapaca3530.jpg
2026-09-28,11:10:04,commandostore,Mira Walther ZF 6 x 42 incluidos los anillos de montaje,https://www.commandostore.cl/product/mira-walther-zf-6-x-42-incluidos-los-anillos-de-montaje,69990,69990,no,N/A,https://dojiw2m9tvv09.cloudfront.net/6365/product/2-1543_zf6x42_links_2000_1125_00450.jpg
2026-09-28,11:10:04,commandostore,Mira Laser Linterna Walther FLR50,https://www.commandostore.cl/product/mira-laser-linterna-walther-flr50,69990,69990,no,N/A,https://dojiw2m9tvv09.cloudfront.net/6365/product/walther_flr6508215.jpeg
2026-09-28,11:10:04,commandostore,Mira Red Dot Umarex RDS 8 – 8 MOA – Montaje Picatinny (2.1038),https://www.commandostore.cl/product/mira-red-dot-umarex-rds-8-8-moa-montaje-picatinny-2-1038,69990,69990,no,N/A,https://dojiw2m9tvv09.cloudfront.net/6365/product/2-10386962.jpg
2026-09-28,11:10:04,commandostore,Mira Red Dot Umarex Top Point VI para riel Picatinny,https://www.commandostore.cl/product/mira-red-dot-umarex-top-point-vi-para-riel-picatinny,89990,89990,no,N/A,https://dojiw2m9tvv09.cloudfront.net/6365/product/2-1006_rds6_persp_2000_1125_01075.jpg
2026-09-28,11:10:04,commandostore,Mira Walther PS44 Brillo ajustable en 5 niveles,https://www.commandostore.cl/product/mira-walther-ps44-brillo-ajustable-en-5-niveles,99990,99990,no,N/A,https://dojiw2m9tvv09.cloudfront.net/6365/product/2-1025_ps44_persp_ret_2000_1125_0-18884.jpg
2026-09-28,11:10:04,commandostore,"Linterna Streamlight modeloTLR-1 HL, color negro",https://www.commandostore.cl/product/linterna-streamlight-modelotlr-1-hl-color-negro,209990,209990,no,N/A,https://dojiw2m9tvv09.cloudfront.net/6365/product/tlr-1-hl-black-new1355.jpg
2026-09-28,11:10:04,commandostore,Cargador SRC AK Series High-Cap cal 6 mm 600R #SAK-15,https://www.commandostore.cl/product/cargador-src-ak-series-high-cap-cal-6-mm-600r-sak-15,12994,19990,si,23,https://dojiw2m9tvv09.cloudfront.net/6365/product/cargadorakcommandostore4973.jpg
2026-09-28,11:10:04,commandostore,CARGADOR 19 Eleven Spring,https://www.commandostore.cl/product/cargador-19-eleven-spring,9990,9990,si,2,https://dojiw2m9tvv09.cloudfront.net/6365/product/ersatzmagazin-f-r-combat-zone-19-eleven-airsoft-pistole-schwarz-14367.jpg
2026-09-28,11:10:04,commandostore,Cargador SRC M16 cal 6 mm 300 rds #SM4-3,https://www.commandostore.cl/product/cargador-src-m16-cal-6-mm-300-rds-sm4-3,10394,15990,si,186,https://dojiw2m9tvv09.cloudfront.net/6365/product/magazine7308.jpg
2026-09-28,11:10:04,commandostore,Cargador SRC SR-74 Series cal 6 mm 380R #SAK-62,https://www.commandostore.cl/product/cargador-src-sr-74-series-cal-6-mm-380r-sak-62,10394,15990,si,52,https://dojiw2m9tvv09.cloudfront.net/6365/product/20191016-031948-18663.jpg
2026-09-28,11:10:04,commandostore,Cargador SRC G36 cal 6 mm 470 rds #SG36-01,https://www.commandostore.cl/product/cargador-src-g36-cal-6-mm-470-rds-sg36-01,10394,15990,si,94,https://dojiw2m9tvv09.cloudfront.net/6365/product/20210719-033922-19341.jpg
2026-09-28,11:10:04,commandostore,Cargador SRC MP5 cal 6 mm 260 rds #SR5-01,https://www.commandostore.cl/product/cargador-src-mp5-cal-6-mm-260-rds-sr5-01,12994,19990,si,70,https://dojiw2m9tvv09.cloudfront.net/6365/product/20210715-025507-19495.jpg
2026-09-28,11:10:04,commandostore,"Cargador cal 6mm M4/M16 King Arms Hi Cap, 300 rds",https://www.commandostore.cl/product/cargador-cal-6mm-m4-m16-king-arms-hi-cap-300-rds,14990,14990,si,121,https://dojiw2m9tvv09.cloudfront.net/6365/product/10193.png
2026-09-28,11:10:04,commandostore,Cargador cal 6 mm para SX9 DB,https://www.commandostore.cl/product/cargador-cal-6-mm-para-sx9-db,16990,16990,si,39,https://dojiw2m9tvv09.cloudfront.net/6365/product/cargador-cal-6mm-para-sx9-db7074.jpg
2026-09-28,11:10:04,commandostore,Cargador Umarex HK45 cal 6 mm CO2,https://www.commandostore.cl/product/cargador-umarex-hk45-cal-6-mm-co2,19990,19990,si,3,https://dojiw2m9tvv09.cloudfront.net/6365/product/u2-5978-1-16546.JPG
2026-09-28,11:10:04,commandostore,Cargador cal 6 mm para KWA QRF MOD1 80 rds #KWA-QRF1-M,https://www.commandostore.cl/product/cargador-cal-6-mm-para-kwa-qrf-mod1-80-rds-kwa-qrf1-m,24990,24990,si,42,https://dojiw2m9tvv09.cloudfront.net/6365/product/18777.png
2026-09-28,11:10:04,commandostore,CARGADOR TRAZADOR ILUMINACIÓN LED INTERNA,https://www.commandostore.cl/product/cargador-trazador-iluminacion-led-interna,29990,29990,si,8,https://dojiw2m9tvv09.cloudfront.net/6365/product/mag-mod-jmag-01_c1b8a818-33dd-4a98-bb5d-3d58e611a034_800x6002971.jpg
2026-09-28,11:10:04,commandostore,"Cargador cal 6 mm para HK416 A5 SL 6 mm AEG 160R, #2.6479.1",https://www.commandostore.cl/product/cargador-cal-6-mm-para-hk416-a5-sl-6-mm-aeg-160r-2-6479-1,29990,29990,si,12,https://dojiw2m9tvv09.cloudfront.net/6365/product/cargador-cal-6-mm-para-hk416-a5-sl-6-mm-aeg-160r-2-6479-14851.png
2026-09-28,11:10:04,commandostore,Cargador Umarex Glock 19 cal 6 mm CO2 11R #2.6418.1,https://www.commandostore.cl/product/cargador-umarex-glock-19-cal-6-mm-co2-11r-2-6418-1,29990,29990,si,6,https://dojiw2m9tvv09.cloudfront.net/6365/product/2-6418-1-product-image-perspective7383.jpg
2026-09-28,11:10:04,commandostore,"Cargador cal 6 mm para Rudis Secutor, Green Gas, 26 rds",https://www.commandostore.cl/product/cargador-cal-6-mm-para-rudis-secutor-green-gas-26-rds,34990,34990,si,1,https://dojiw2m9tvv09.cloudfront.net/6365/product/13948.jpg
2026-09-28,11:10:04,commandostore,"Cargador cal 6 mm para Bellum Secutor, green gas, 25 rds",https://www.commandostore.cl/product/cargador-cal-6-mm-para-bellum-secutor-green-gas-25-rds,34990,34990,si,11,https://dojiw2m9tvv09.cloudfront.net/6365/product/cal-6-mm-para-bellum-secutor-green-gas-25-rds7866.jpg
2026-09-28,11:10:04,commandostore,"Cargador Cal 6 mm para Glock 18C, 50 rds #2.6419.1",https://www.commandostore.cl/product/cargador-cal-6-mm-para-glock-18c-50-rds-2-6419-1,89990,89990,si,23,https://dojiw2m9tvv09.cloudfront.net/6365/product/cargador-cal-6-mm-para-glock-18c-50-rds7616.jpg
2026-09-28,11:10:04,commandostore,Cargador cal 6 mm para KWA KMP9/KMP9R 48 rds #197-02301,https://www.commandostore.cl/product/cargador-cal-6-mm-para-kwa-kmp9-kmp9r-48-rds-197-02301,94990,94990,si,5,https://dojiw2m9tvv09.cloudfront.net/6365/product/whatsapp-image-2026-06-10-at-2-20-37-pm-14078.jpeg
2026-09-28,11:10:04,commandostore,Cargador tipo Cartuchos Umarex M29 Legends cal 6 mm BB - 10 unidades #2.6496,https://www.commandostore.cl/product/cargador-tipo-cartuchos-umarex-m29-legends-cal-6-mm-bb-10-unidades-2-6496,29990,29990,no,N/A,https://dojiw2m9tvv09.cloudfront.net/6365/product/cargador-cal-6-mm-para-revolver-m29-legends-metal-shells-gld-6-mm-co2-10-p5671.png
2026-09-28,11:10:04,commandostore,Cargador cal 6 mm para Legends P08 6 mm CO2 15R,https://www.commandostore.cl/product/cargador-cal-6-mm-para-legends-p08-6-mm-co2-15r,14990,14990,no,N/A,https://dojiw2m9tvv09.cloudfront.net/6365/product/legends-p089129.jpg
2026-09-28,11:10:04,commandostore,Cargador cal 6mm para Legend P08,https://www.commandostore.cl/product/cargador-cal-6mm-para-legend-p08,14990,14990,no,N/A,https://dojiw2m9tvv09.cloudfront.net/6365/product/legend-6mm-magazine1758.jpg
2026-09-28,11:10:04,commandostore,Cargador para GLOCK 22 Gen4 UMAREX,https://www.commandostore.cl/product/cargador-para-glock-22-gen4-umarex,24990,24990,no,N/A,https://dojiw2m9tvv09.cloudfront.net/6365/product/cargador-glock-19-co2-45-mm9341.jpg
2026-09-28,11:10:04,commandostore,#Preventa CARGADOR GLOCK 19 GREEN GAS,https://www.commandostore.cl/product/preventa-cargador-glock-19-green-gas,39990,39990,no,N/A,https://dojiw2m9tvv09.cloudfront.net/6365/product/umarex-glock-17-23rds-gas-magazine-by-vfc4545.jpg
2026-09-28,11:10:04,commandostore,CARGADOR GLOCK 45 GREEN GAS 22 Rondas,https://www.commandostore.cl/product/cargador-glock-45-green-gas-22-rondas,49990,49990,no,N/A,https://dojiw2m9tvv09.cloudfront.net/6365/product/magazine-umarex-glock-45-gen-5-gbb1813.jpg
2026-09-28,11:10:04,commandostore,Cargador GLOCK 17/ 34 GBB,https://www.commandostore.cl/product/cargador-glock-17-34-gbb,59990,59990,no,N/A,https://dojiw2m9tvv09.cloudfront.net/6365/product/unnamed1292.png
2026-09-28,11:10:04,commandostore,Cargador Umarex Glock 19 Gen4 Green Gas cal 6 mm 19R #2.6456.1,https://www.commandostore.cl/product/cargador-umarex-glock-19-gen4-green-gas-cal-6-mm-19r-2-6456-1,59990,59990,no,N/A,https://dojiw2m9tvv09.cloudfront.net/6365/product/magazine_glock19_commandostore4757.jpg
2026-09-28,11:10:04,commandostore,Cargador Umarex Beretta M9A3 cal 6 mm CO2 22 rds #2.6491.1,https://www.commandostore.cl/product/cargador-umarex-beretta-m9a3-cal-6-mm-co2-22-rds-2-6491-1,69990,69990,no,N/A,https://dojiw2m9tvv09.cloudfront.net/6365/product/beretta-magazine-2-6491-15146.png
2026-09-28,11:10:04,commandostore,Riel KWA Guardian Rail Kit For AEG2,https://www.commandostore.cl/product/riel-kwa-guardian-rail-kit-for-aeg2,199990,199990,si,5,https://dojiw2m9tvv09.cloudfront.net/6365/product/18390.png
2026-09-28,11:10:04,commandostore,Riel RONIN SBR KIT,https://www.commandostore.cl/product/riel-ronin-sbr-kit,219990,219990,si,5,https://dojiw2m9tvv09.cloudfront.net/6365/product/ronin_10_sbr_kit_angle_032320184348.jpg
2026-09-28,11:10:04,commandostore,"Riel KWA AEG2,5/3 RONIN 18 SPR KIT 107-00118",https://www.commandostore.cl/product/riel-kwa-aeg2-5-3-ronin-18-spr-kit-107-00118,269990,269990,si,6,https://dojiw2m9tvv09.cloudfront.net/6365/product/kwa-ronin-aeg-2-53-0-18-spr-complete-upper-receiver-kit-379577574.jpg
2026-09-28,11:10:04,commandostore,Mina de Agua CO2 S-THUNDER,https://www.commandostore.cl/product/mina-de-agua-co2-s-thunder,24990,24990,si,14,https://dojiw2m9tvv09.cloudfront.net/6365/product/mina-agua5349.jpg
2026-09-28,11:10:04,commandostore,Réplica projectil Mortero HADES,https://www.commandostore.cl/product/replica-projectil-mortero-hades,19990,19990,no,N/A,https://dojiw2m9tvv09.cloudfront.net/6365/product/projectil-mortero-hades4613.jpg
2026-09-28,11:10:04,commandostore,Parche GLOCK 19X Umarex PVC 8x8cm,https://www.commandostore.cl/product/parche-glock-19x-umarex-pvc-8x8cm,2990,2990,si,77,https://dojiw2m9tvv09.cloudfront.net/6365/product/19x-parche3075.jpg
2026-09-28,11:10:04,commandostore,"Parche ""If i tell you.."" gris 10x9cm",https://www.commandostore.cl/product/parche-if-i-tell-you-gris-10x9cm,3990,3990,si,15,https://dojiw2m9tvv09.cloudfront.net/6365/product/if-i-gris3695.jpg
2026-09-28,11:10:04,commandostore,"Parche ""If i tel you"" Negro 10X9 PVC",https://www.commandostore.cl/product/parche-if-i-tel-you-negro-10x9-pvc,3990,3990,si,18,https://dojiw2m9tvv09.cloudfront.net/6365/product/if-i-negro8644.jpg
2026-09-28,11:10:04,commandostore,"Parche Calavera EE.UU ( Bordado, tela)",https://www.commandostore.cl/product/parche-calavera-ee-uu-bordado-tela,3990,3990,si,23,https://dojiw2m9tvv09.cloudfront.net/6365/product/calavera-usa4186.jpg
2026-09-28,11:10:04,commandostore,"Parche Calavera inglesa 7x9 cm ( Bordado, tela)",https://www.commandostore.cl/product/parche-calavera-inglesa-7x9-cm-bordado-tela,3990,3990,si,5,https://dojiw2m9tvv09.cloudfront.net/6365/product/clavera-inglesa1043.jpg
2026-09-28,11:10:04,commandostore,Banano táctico Multicam Arid,https://www.commandostore.cl/product/banano-tactico-multicam-arid,29990,29990,si,4,https://dojiw2m9tvv09.cloudfront.net/6365/product/banano-emerson-arid6009.jpg
2026-09-28,11:10:04,commandostore,Banano Táctico Multicam Tropic,https://www.commandostore.cl/product/banano-tactico-multicam-tropic,29990,29990,si,3,https://dojiw2m9tvv09.cloudfront.net/6365/product/banano-emerson-tropic6285.jpg
2026-09-28,11:10:04,commandostore,Arnés Táctico Emerson Multicam Arid,https://www.commandostore.cl/product/arnes-tactico-emerson-multicam-arid,79990,79990,si,3,https://dojiw2m9tvv09.cloudfront.net/6365/product/arnes-tactico-commando-store-mcad1392.jpg
2026-09-28,11:10:04,commandostore,Arnés Táctico Emerson Multicam Tropic,https://www.commandostore.cl/product/arnes-tactico-emerson-multicam-tropic,79990,79990,si,2,https://dojiw2m9tvv09.cloudfront.net/6365/product/arnes-tactico-commando-store-mctp5583.jpg
2026-09-28,11:10:04,commandostore,Holster Muslera Umarex Original,https://www.commandostore.cl/product/holster-muslera-umarex-original,22990,22990,si,2,https://dojiw2m9tvv09.cloudfront.net/6365/product/3-1564_beinholster_ret_2000_1125_08050.jpg
2026-09-28,11:10:04,commandostore,Accesorio sistema MOLLE Fobus MND Milfort,https://www.commandostore.cl/product/accesorio-sistema-molle-fobus-mnd-milfort,24990,24990,si,10,https://dojiw2m9tvv09.cloudfront.net/6365/product/modularloadcarring0422.jpg
2026-09-28,11:10:04,commandostore,TACTICAL PISTOL LANYARD single swivel 90TPL2BK,https://www.commandostore.cl/product/tactical-pistol-lanyard-single-swivel-90tpl2bk,39990,39990,si,1,https://dojiw2m9tvv09.cloudfront.net/6365/product/bh-tacpistollanyardcoiled-black-90tpl1bk-wgun1497.jpg
2026-09-28,11:10:04,commandostore,Lanyard DESCONEXIÓN RÁPIDA MULTIPUNTO SLICK 70MQD01CT,https://www.commandostore.cl/product/lanyard-desconexion-rapida-multipunto-slick-70mqd01ct,79990,79990,si,9,https://dojiw2m9tvv09.cloudfront.net/6365/product/bh-multipoint-sling-packaging1877.jpg
2026-09-28,11:10:04,commandostore,Lanyard DESCONEXIÓN RÁPIDA MULTIPUNTO SLICK 70MQD01BK,https://www.commandostore.cl/product/lanyard-desconexion-rapida-multipunto-slick-70mqd01bk,79990,79990,si,7,https://dojiw2m9tvv09.cloudfront.net/6365/product/bh-70mqd01-multi-point-quick-disconnect-slick-main1119.jpg
2026-09-28,11:10:04,commandostore,TACTICAL PISTOL LANYARD non swivel 90TPL1BK,https://www.commandostore.cl/product/tactical-pistol-lanyard-non-swivel-90tpl1bk,39990,39990,no,N/A,https://dojiw2m9tvv09.cloudfront.net/6365/product/bh-tacpistollanyardcoiled-black-90tpl1bk-wgun-12568.jpg
2026-09-28,11:10:04,commandostore,"Holster T-Series L2C Blk Glock 19 Glock 19/23/26/27/32/33/45 RH, Box",https://www.commandostore.cl/product/holster-t-series-l2c-blk-glock-19-glock-19-23-26-27-32-33-45-rh-box,74990,74990,no,N/A,https://dojiw2m9tvv09.cloudfront.net/6365/product/bh_410700bkr_t-seriesl2c_onwhite_28384.jpg
2026-09-28,11:10:04,commandostore,"Holster T-Series L2C Blk Glock 17 Glock 17/22/31/34/35/41/47 RH, Box",https://www.commandostore.cl/product/holster-t-series-l2c-blk-glock-17-glock-17-22-31-34-35-41-47-rh-box,74990,74990,no,N/A,https://dojiw2m9tvv09.cloudfront.net/6365/product/bh_410700bkr_t-seriesl2c_onwhite_28561.jpg
2026-09-28,11:10:04,commandostore,Lanyard GANCHO DE PRESIÓN DE ESLINGA MULTIPUNTO 70MSH03BK,https://www.commandostore.cl/product/lanyard-gancho-de-presion-de-eslinga-multipunto-70msh03bk,79990,79990,no,N/A,https://dojiw2m9tvv09.cloudfront.net/6365/product/bh-70msh03-multi-point-sling-snap-hook6818.jpg
2026-09-28,11:10:04,commandostore,Lente Founder Captivate Tungsten Mirror/Matte Black and Tan Frame #AC6FND04,https://www.commandostore.cl/product/lente-founder-captivate-tungsten-mirror-matte-black-and-tan-frame-ac6fnd04,129990,129990,si,2,https://dojiw2m9tvv09.cloudfront.net/6365/product/wx-founder-ac6fnd04-1-10654.jpg
2026-09-28,11:10:04,commandostore,Wiley X Chile Saber Advanced tres micas balísticos 308,https://www.commandostore.cl/product/wiley-x-chile-saber-advanced-tres-micas-balisticos-308,69990,69990,si,441,https://dojiw2m9tvv09.cloudfront.net/6365/product/308_bv0189.jpg
2026-09-28,11:10:04,commandostore,Lente Wiley X AXE CAPTIVATE™ Polarized Green Mirror / Gloss Crystal Grey #AC6AXE07,https://www.commandostore.cl/product/lente-wiley-x-axe-captivate-polarized-green-mirror-gloss-crystal-grey-ac6axe07,164990,164990,si,1,https://dojiw2m9tvv09.cloudfront.net/6365/product/wx-axe-ac6axe07-11336.jpg
2026-09-28,11:10:04,commandostore,Patillas Intercambiables Wiley X Saber Advanced Negras #306T,https://www.commandostore.cl/product/patillas-intercambiables-wiley-x-saber-advanced-negras-306t,19990,19990,si,21,https://dojiw2m9tvv09.cloudfront.net/6365/product/gemini-generated-image-qvr41rqvr41rqvr46449.png
2026-09-28,11:10:04,commandostore,Wiley X Chile Saber Advanced dos micas balísticos #315,https://www.commandostore.cl/product/wiley-x-chile-saber-advanced-dos-micas-balisticos-315,54990,54990,si,61,https://dojiw2m9tvv09.cloudfront.net/6365/product/wiley-advanced-315-12211.png
2026-09-28,11:10:04,commandostore,WILEY X CHILE MICA TRANSPARENTE PARA SABER ADVANCED,https://www.commandostore.cl/product/wiley-x-chile-mica-transparente-para-saber-advanced,19990,19990,si,133,https://dojiw2m9tvv09.cloudfront.net/6365/product/306c2131.jpg
2026-09-28,11:10:04,commandostore,WILEY X CHILE MICA NARANJA RUST PARA SABER ADVANCED,https://www.commandostore.cl/product/wiley-x-chile-mica-naranja-rust-para-saber-advanced,19990,19990,si,22,https://dojiw2m9tvv09.cloudfront.net/6365/product/306l4794.jpg
2026-09-28,11:10:04,commandostore,WILEY X CHILE MICA GRIS PARA SABER ADVANCED #306S,https://www.commandostore.cl/product/wiley-x-chile-mica-gris-para-saber-advanced-306s,24990,24990,si,7,https://dojiw2m9tvv09.cloudfront.net/6365/product/306s2338.jpg
2026-09-28,11:10:04,commandostore,Inserto Óptico para Prescripción Wiley X PTX,https://www.commandostore.cl/product/inserto-optico-para-prescripcion-wiley-x-ptx,29990,29990,si,2,https://dojiw2m9tvv09.cloudfront.net/6365/product/ptx4272.jpg
2026-09-28,11:10:04,commandostore,"Mica Wiley X adicional para Vapor Grey, #35S",https://www.commandostore.cl/product/mica-wiley-x-adicional-para-vapor-grey-35s,29990,29990,si,5,https://dojiw2m9tvv09.cloudfront.net/6365/product/vapor-grey8075.jpg
2026-09-28,11:10:04,commandostore,Wiley X Curve polarizado verde,https://www.commandostore.cl/product/wiley-x-curve-polarizado-verde,49990,49990,si,5,https://dojiw2m9tvv09.cloudfront.net/6365/product/012d9b70-ec31-4717-8f6a-7b6d16630c253182.png
2026-09-28,11:10:04,commandostore,Wiley X Chile Rebel mica gris marco negro,https://www.commandostore.cl/product/wiley-x-chile-rebel-mica-gris-marco-negro,54990,54990,si,1,https://dojiw2m9tvv09.cloudfront.net/6365/product/acreb01-bv_24292.png
2026-09-28,11:10:04,commandostore,Wiley X Chile Slay mica gris marco negro,https://www.commandostore.cl/product/wiley-x-chile-slay-mica-gris-marco-negro,54990,54990,si,3,https://dojiw2m9tvv09.cloudfront.net/6365/product/acsla01-bv_16365.png
2026-09-28,11:10:04,commandostore,Wiley X DALILA Verde,https://www.commandostore.cl/product/wiley-x-dalila-verde,54990,54990,si,6,https://dojiw2m9tvv09.cloudfront.net/6365/product/9d74cee3-58be-450d-98e2-24e87fa28d026486.png
2026-09-28,11:10:04,commandostore,Wiley X CHELSEA mica gris marco café,https://www.commandostore.cl/product/wiley-x-chelsea-mica-gris-marco-cafe,54990,54990,si,8,https://dojiw2m9tvv09.cloudfront.net/6365/product/737x345-5575-86df55b74c4cb865ec1f03e30d4b3e11-pssche120265.jpg
2026-09-28,11:10:04,commandostore,WileyX ABBY Bronze,https://www.commandostore.cl/product/wileyx-abby-bronze,54990,54990,si,5,https://dojiw2m9tvv09.cloudfront.net/6365/product/674x315-5574-03ddfd2219cef4ff824fc37fbe08f8f9-pssabb17859.jpg
2026-09-28,11:10:04,commandostore,Wiley X Chile Wave mica gris marco negro,https://www.commandostore.cl/product/wiley-x-chile-wave-mica-gris-marco-negro,59990,59990,si,4,https://dojiw2m9tvv09.cloudfront.net/6365/product/ccwav01-bv_12832.png
2026-09-28,11:10:04,commandostore,Wiley X TALON 2 micas marco negro,https://www.commandostore.cl/product/wiley-x-talon-2-micas-marco-negro,65990,65990,si,17,https://dojiw2m9tvv09.cloudfront.net/6365/product/2dbb9fc5-0f55-46e6-893e-c0302d78a9b66249.png
2026-09-28,11:10:04,commandostore,Wiley X BOSS mica clear marco negro,https://www.commandostore.cl/product/wiley-x-boss-mica-clear-marco-negro,69990,69990,si,8,https://dojiw2m9tvv09.cloudfront.net/6365/product/wx-boss-ccbos03-bv-lr2983.png
2026-09-28,11:10:04,commandostore,Wiley X CLIMB mica gris marco negro,https://www.commandostore.cl/product/wiley-x-climb-mica-gris-marco-negro,74990,74990,si,7,https://dojiw2m9tvv09.cloudfront.net/6365/product/wx-climb-acclm01-bv-lr6822.png
2026-09-28,11:10:04,commandostore,WILEY X CHILE ASPECT MICA GRIS MARCO NEGRO,https://www.commandostore.cl/product/wiley-x-chile-aspect-mica-gris-marco-negro,79990,79990,si,3,https://dojiw2m9tvv09.cloudfront.net/6365/product/acasp01_bv2283.jpg
2026-09-28,11:10:04,commandostore,Wiley X Chile Saint dos micas balística marco negro #CHSAI07,https://www.commandostore.cl/product/wiley-x-chile-saint-dos-micas-balistica-marco-negro-chsai07,79990,79990,si,1,https://dojiw2m9tvv09.cloudfront.net/6365/product/wx-saint-chsai07-bv-lr6054.png
2026-09-28,11:10:04,commandostore,Wiley X Chile Vapor 2 micas marco negro,https://www.commandostore.cl/product/wiley-x-chile-vapor-2-micas-marco-negro,79990,79990,si,2,https://dojiw2m9tvv09.cloudfront.net/6365/product/3501-bv_14758.png
2026-09-28,11:10:04,commandostore,Lente Wiley X MOXY 08 POLARIZADO bronze marco cafe,https://www.commandostore.cl/product/lente-wiley-x-moxy-08-polarizado-bronze-marco-cafe,79990,79990,si,1,https://dojiw2m9tvv09.cloudfront.net/6365/product/wileyx-moxy9371.jpg
2026-09-28,11:10:04,commandostore,Lente Wiley X ZAK 07 POLARIZADO mica azul marco negro,https://www.commandostore.cl/product/lente-wiley-x-zak-07-polarizado-mica-azul-marco-negro,79990,79990,si,1,https://dojiw2m9tvv09.cloudfront.net/6365/product/lente-wiley-x-zak-07-polarizado-mica-azul-marco-negro9906.jpg
2026-09-28,11:10:04,commandostore,Wiley X Chile Gravity mica gris marco negro,https://www.commandostore.cl/product/wiley-x-chile-gravity-mica-gris-marco-negro,89990,89990,si,5,https://dojiw2m9tvv09.cloudfront.net/6365/product/ccgra01_mv_ver10765.jpg
2026-09-28,11:10:04,commandostore,Wiley X Chile Tobi mica gris polarizada marco negro,https://www.commandostore.cl/product/wiley-x-chile-tobi-mica-gris-polarizada-marco-negro,89990,89990,si,4,https://dojiw2m9tvv09.cloudfront.net/6365/product/actob04_wiley_x_chile6278.jpg
2026-09-28,11:10:04,commandostore,Wiley X Air rage LA gris marco negro,https://www.commandostore.cl/product/wiley-x-air-rage-la-gris-marco-negro,99990,99990,si,2,https://dojiw2m9tvv09.cloudfront.net/6365/product/696-28169.jpg
2026-09-28,11:10:04,commandostore,Lente Wiley X HELIX Mica gris - Marco negro #AC6HLX01,https://www.commandostore.cl/product/lente-wiley-x-helix-mica-gris-marco-negro-ac6hlx01,99990,99990,si,1,https://dojiw2m9tvv09.cloudfront.net/6365/product/29506.jpg
2026-09-28,11:10:04,commandostore,Lente Wiley X OVATION Mica gris Marco negro #AC6OVN01,https://www.commandostore.cl/product/lente-wiley-x-ovation-mica-gris-marco-negro-ac6ovn01,99990,99990,si,1,https://dojiw2m9tvv09.cloudfront.net/6365/product/12986.jpg
2026-09-28,11:10:04,commandostore,Lente PEAK GREY SILVER FLASH LENS/MATTE BLACK FRAME #ACPEA06,https://www.commandostore.cl/product/lente-peak-grey-silver-flash-lens-matte-black-frame-acpea06,99990,99990,si,2,https://dojiw2m9tvv09.cloudfront.net/6365/product/10654.jpg
2026-09-28,11:10:04,commandostore,Lente PRIME CAPTIVATE GREY/MATTE BLACK FRAME #ACPRM01,https://www.commandostore.cl/product/lente-prime-captivate-grey-matte-black-frame-acprm01,109990,109990,si,2,https://dojiw2m9tvv09.cloudfront.net/6365/product/whatsapp-image-2026-06-30-at-12-21-066663.jpeg
2026-09-28,11:10:04,commandostore,Antiparra Balística Wiley X SPEAR Tan con 2 Micas Smoke Grey y Transparente SP29T,https://www.commandostore.cl/product/antiparra-balistica-wiley-x-spear-tan-con-2-micas-smoke-grey-y-transparente-sp29t,114990,114990,si,9,https://dojiw2m9tvv09.cloudfront.net/6365/product/sp29t5399.png
2026-09-28,11:10:04,commandostore,Wiley X KINGPIN CAPTIVATE polarizado azul,https://www.commandostore.cl/product/wiley-x-kingpin-captivate-polarizado-azul,114990,114990,si,2,https://dojiw2m9tvv09.cloudfront.net/6365/product/wx-kingpin-ackng19-16433.png
2026-09-28,11:10:04,commandostore,Wiley X CENSOR polarizado marco negro,https://www.commandostore.cl/product/wiley-x-censor-polarizado-marco-negro,119990,119990,si,1,https://dojiw2m9tvv09.cloudfront.net/6365/product/wx-censor-sscen08-fl0787.png
2026-09-28,11:10:04,commandostore,WileyX VALOR polarizado marco GRIS,https://www.commandostore.cl/product/wileyx-valor-polarizado-marco-gris,119990,119990,si,1,https://dojiw2m9tvv09.cloudfront.net/6365/product/758a4390-0ad4-49d3-9d6f-fa34e2fe0b195523.png
2026-09-28,11:10:04,commandostore,Wiley X Chile OMEGA mica dorada polarizada marco negro,https://www.commandostore.cl/product/wiley-x-chile-omega-mica-dorada-polarizada-marco-negro,129990,129990,si,1,https://dojiw2m9tvv09.cloudfront.net/6365/product/acome04_wiley_x_captivate5445.jpg
2026-09-28,11:10:04,commandostore,Wiley X PEAK ACPEA19 POLARIZADO Mica azul Marco negro,https://www.commandostore.cl/product/wiley-x-peak-acpea19-polarizado-mica-azul-marco-negro,129990,129990,si,6,https://dojiw2m9tvv09.cloudfront.net/6365/product/wx-peak-acpea19-bv-hr1455.png
2026-09-28,11:10:04,commandostore,Lente CITADEL CAPTIVATE GREY / MATTE BLACK MATTE GUNMETAL LOGO #CHCTD02,https://www.commandostore.cl/product/lente-citadel-captivate-grey-matte-black-matte-gunmetal-logo-chctd02,129990,129990,si,23,https://dojiw2m9tvv09.cloudfront.net/6365/product/134023.jpg
2026-09-28,11:10:04,commandostore,Wiley X Chile OMEGA Captivate mica gris polarizada marco negro #ACOME08,https://www.commandostore.cl/product/wiley-x-chile-omega-captivate-mica-gris-polarizada-marco-negro-acome08,139990,139990,si,3,https://dojiw2m9tvv09.cloudfront.net/6365/product/acome08_wiley_x_captivate5748.jpg
2026-09-28,11:10:04,commandostore,Wiley X Captive Pol Blue Mirror/Gloss Demi Frame,https://www.commandostore.cl/product/wiley-x-captive-pol-blue-mirror-gloss-demi-frame,139990,139990,si,5,https://dojiw2m9tvv09.cloudfront.net/6365/product/p17-p17cb-bv-lr-12615.png
2026-09-28,11:10:04,commandostore,Wiley X Aspect Captivate Pol Green Mirror/Matte Black Frame,https://www.commandostore.cl/product/wiley-x-aspect-captivate-pol-green-mirror-matte-black-frame,139990,139990,si,1,https://dojiw2m9tvv09.cloudfront.net/6365/product/wx-aspect-acasp17-mv-lr-1700x574-2ee65639073.png
2026-09-28,11:10:04,commandostore,Lente CITADEL FLOW-COATED CAPTIVATE CLEAR/GREY /MATTE BLACK MATTE GUNMETAL LOGO #CHCTD01,https://www.commandostore.cl/product/lente-citadel-flow-coated-captivate-clear-grey-matte-black-matte-gunmetal-logo-chctd01,139990,139990,si,22,https://dojiw2m9tvv09.cloudfront.net/6365/product/14142.jpg
2026-09-28,11:10:04,commandostore,Lente CITADEL CAPTIVATE TUNGSTEN MIRROR / MATTE BLACK TAN TEMPLES #CHCTD04,https://www.commandostore.cl/product/lente-citadel-captivate-tungsten-mirror-matte-black-tan-temples-chctd04,139990,139990,si,1,https://dojiw2m9tvv09.cloudfront.net/6365/product/10535.jpg
2026-09-28,11:10:04,commandostore,Lentes Balísticos Wiley X BREACH 2.5 XL Grey #CHBRC02XL,https://www.commandostore.cl/product/lentes-balisticos-wiley-x-breach-2-5-xl-grey-chbrc02xl,139990,139990,si,13,https://dojiw2m9tvv09.cloudfront.net/6365/product/chbrco2xl-43541.jpg
2026-09-28,11:10:04,commandostore,Lente Wiley X HELIX AC6HLX04 POLARIZADO mica bronce espejado marco negro fade,https://www.commandostore.cl/product/lente-wiley-x-helix-ac6hlx04-polarizado-mica-bronce-espejado-marco-negro-fade,149990,149990,si,1,https://dojiw2m9tvv09.cloudfront.net/6365/product/2-150955.jpg
2026-09-28,11:10:04,commandostore,LENTE WILEY X ALFA CAPTIVATE POLARIZADO MICA GRIS MARCO NEGRO AC6ALF18,https://www.commandostore.cl/product/lente-wiley-x-alfa-captivate-polarizado-mica-gris-marco-negro-ac6alf18,159990,159990,si,3,https://dojiw2m9tvv09.cloudfront.net/6365/product/wx-alfa-ac6alf18-mv-lr6739.png
2026-09-28,11:10:04,commandostore,Wiley X Gravity Captivate Pol Green Mirror/Kryptek Neptune Frame,https://www.commandostore.cl/product/wiley-x-gravity-captivate-pol-green-mirror-kryptek-neptune-frame,159990,159990,si,1,https://dojiw2m9tvv09.cloudfront.net/6365/product/wx-gravity-ccgra12-bv-lr7967.png
2026-09-28,11:10:04,commandostore,Lente Founder Captivate Pol Green Mirror/Matte Graphite Frame #AC6FND07,https://www.commandostore.cl/product/lente-founder-captivate-pol-green-mirror-matte-graphite-frame-ac6fnd07,159990,159990,si,6,https://dojiw2m9tvv09.cloudfront.net/6365/product/wx-founder-ac6fnd07-1-16418.png
2026-09-28,11:10:04,commandostore,Lentes Balísticos Wiley X BREACH 2.5 XL #CHBRC01XL,https://www.commandostore.cl/product/lentes-balisticos-wiley-x-breach-2-5-xl-chbrc01xl,159990,159990,si,12,https://dojiw2m9tvv09.cloudfront.net/6365/product/35278.jpg
2026-09-28,11:10:04,commandostore,Lente PRIME CAPTIVATE POL BLUE MIRROR/GLOSS CRYSTAL GREY FRAME #ACPRM09,https://www.commandostore.cl/product/lente-prime-captivate-pol-blue-mirror-gloss-crystal-grey-frame-acprm09,169990,169990,si,4,https://dojiw2m9tvv09.cloudfront.net/6365/product/whatsapp-image-2026-06-30-at-12-21-16-pm9806.jpeg
2026-09-28,11:10:04,commandostore,Lente Wiley X FOUNDER CAPTIVATE POL BLACK MIRROR/MATTE BLACK FRAME #AC6FND05,https://www.commandostore.cl/product/lente-wiley-x-founder-captivate-pol-black-mirror-matte-black-frame-ac6fnd05,179990,179990,si,4,https://dojiw2m9tvv09.cloudfront.net/6365/product/15509.jpg
2026-09-28,11:10:04,commandostore,Lente JAKL Captivate Pol Green Mirror / Polished White Frame #CHJKL07,https://www.commandostore.cl/product/lente-jakl-captivate-pol-green-mirror-polished-white-frame-chjkl07,199990,199990,si,2,https://dojiw2m9tvv09.cloudfront.net/6365/product/18806.jpg
2026-09-28,11:10:04,commandostore,Wiley X Mica Vermillion para Saber Advanced #306V,https://www.commandostore.cl/product/wiley-x-mica-vermillion-para-saber-advanced-306v,24990,24990,no,N/A,https://dojiw2m9tvv09.cloudfront.net/6365/product/wx-xtra-lens-306v9926.png
2026-09-28,11:10:04,commandostore,Lente Wiley X AXE CAPTIVATE™ Polarized Tungsten Mirror / Matte Black #AC6AXE04,https://www.commandostore.cl/product/lente-wiley-x-axe-captivate-polarized-tungsten-mirror-matte-black-ac6axe04,164990,164990,no,N/A,https://dojiw2m9tvv09.cloudfront.net/6365/product/wx-axe-ac6axe04-1-nyversion4786.png
2026-09-28,11:10:04,commandostore,Lente Wiley X APEX Captivate Polarized Blue / Gloss Black Frame,https://www.commandostore.cl/product/lente-wiley-x-apex-captivate-polarized-blue-gloss-black-frame,179990,179990,no,N/A,https://dojiw2m9tvv09.cloudfront.net/6365/product/wx-apex-ac6apx09-17802.jpg
2026-09-28,11:10:04,commandostore,Inserto de Patas Wiley X Saber Advanced,https://www.commandostore.cl/product/inserto-de-patas-wiley-x-saber-advanced,14990,14990,no,N/A,https://dojiw2m9tvv09.cloudfront.net/6365/product/306t4513.jpg
2026-09-28,11:10:04,commandostore,Wiley X Chile pieza de nariz ajustable,https://www.commandostore.cl/product/wiley-x-chile-pieza-de-nariz-ajustable,9990,9990,no,N/A,https://dojiw2m9tvv09.cloudfront.net/6365/product/306np2_lo_2013.jpg
2026-09-28,11:10:04,commandostore,Liquido limpiador Antiempañante Wiley X 25 ml A435,https://www.commandostore.cl/product/liquido-limpiador-antiempanante-wiley-x-25-ml-a435,11990,11990,no,N/A,https://dojiw2m9tvv09.cloudfront.net/6365/product/anti-empa-ante0290.png
2026-09-28,11:10:04,commandostore,Wiley X Chile mica amarilla para Saber Advanced,https://www.commandostore.cl/product/wiley-x-chile-mica-amarilla-para-saber-advanced,24990,24990,no,N/A,https://dojiw2m9tvv09.cloudfront.net/6365/product/wx-306y__84337-15599166631689.jpg
2026-09-28,11:10:04,commandostore,Wiley X P-17M Mica gris marco negro,https://www.commandostore.cl/product/wiley-x-p-17m-mica-gris-marco-negro,48990,48990,no,N/A,https://dojiw2m9tvv09.cloudfront.net/6365/product/p17-p17m-bv-lr3726.png
2026-09-28,11:10:04,commandostore,Wiley X MOXY 01 mica gris marco negro,https://www.commandostore.cl/product/wiley-x-moxy-01-mica-gris-marco-negro,48990,48990,no,N/A,https://dojiw2m9tvv09.cloudfront.net/6365/product/489ca1ad-97f9-452b-a21a-d195cc6666f44157.png
2026-09-28,11:10:04,commandostore,Wiley X P-17T mica plateada marco metalizado,https://www.commandostore.cl/product/wiley-x-p-17t-mica-plateada-marco-metalizado,48990,48990,no,N/A,https://dojiw2m9tvv09.cloudfront.net/6365/product/932a6e9d-7b66-4764-b507-ca6171b9c44c1423.png
2026-09-28,11:10:04,commandostore,Wiley X ZAK 08 mica gris marco negro,https://www.commandostore.cl/product/wiley-x-zak-08-mica-gris-marco-negro,48990,48990,no,N/A,https://dojiw2m9tvv09.cloudfront.net/6365/product/4951ee94-5596-4f91-aac2-c0b90fda36591931.png
2026-09-28,11:10:04,commandostore,WILEY X Chile IGNITE MARCO NEGRO MICA GRIS BALÍSTICO,https://www.commandostore.cl/product/wiley-x-chile-ignite-marco-negro-mica-gris-balistico,49990,49990,no,N/A,https://dojiw2m9tvv09.cloudfront.net/6365/product/acign01_bv1904.jpg
2026-09-28,11:10:04,commandostore,Wiley X Chile Censor mica gris marco negro,https://www.commandostore.cl/product/wiley-x-chile-censor-mica-gris-marco-negro,54990,54990,no,N/A,https://dojiw2m9tvv09.cloudfront.net/6365/product/censor6087.png
2026-09-28,11:10:04,commandostore,Lente Wiley X JAKE mica gris marco negro,https://www.commandostore.cl/product/lente-wiley-x-jake-mica-gris-marco-negro,54990,54990,no,N/A,https://dojiw2m9tvv09.cloudfront.net/6365/product/jake-wiley-x4645.jpg
2026-09-28,11:10:04,commandostore,Wiley X Chile Peak mica silver flash plateada marco negro,https://www.commandostore.cl/product/wiley-x-chile-peak-mica-silver-flash-plateada-marco-negro,59990,59990,no,N/A,https://dojiw2m9tvv09.cloudfront.net/6365/product/acpea01_wiley_x_chile8582.jpg
2026-09-28,11:10:04,commandostore,Wiley X Chile Valor camuflaje real tree mica gris,https://www.commandostore.cl/product/wiley-x-chile-valor-camuflaje-real-tree-mica-gris,59990,59990,no,N/A,https://dojiw2m9tvv09.cloudfront.net/6365/product/valor_real_tree5972.jpg
2026-09-28,11:10:04,commandostore,Wiley X Chile Hudson mica negra marco negro,https://www.commandostore.cl/product/wiley-x-chile-hudson-mica-negra-marco-negro,59990,59990,no,N/A,https://dojiw2m9tvv09.cloudfront.net/6365/product/hudson03_wiley_x_chile8705.jpg
2026-09-28,11:10:04,commandostore,Lente WileyX OMEGA lente gris marco negro ACOME01,https://www.commandostore.cl/product/lente-wileyx-omega-lente-gris-marco-negro-acome01,59990,59990,no,N/A,https://dojiw2m9tvv09.cloudfront.net/6365/product/1-442087.jpg
2026-09-28,11:10:04,commandostore,Wiley X Chile Gravity mica negra marco bronze,https://www.commandostore.cl/product/wiley-x-chile-gravity-mica-negra-marco-bronze,61990,61990,no,N/A,https://dojiw2m9tvv09.cloudfront.net/6365/product/image6771.jpg
2026-09-28,11:10:04,commandostore,Antiparra Balística Wiley X NERVE OD Green con 2 Micas #R8051G,https://www.commandostore.cl/product/antiparra-balistica-wiley-x-nerve-od-green-con-2-micas-r8051g,68990,68990,no,N/A,https://dojiw2m9tvv09.cloudfront.net/6365/product/wiley-x-verde-mate-nerve-ezremove8674.png
2026-09-28,11:10:04,commandostore,Wiley X Chile Compass mica gris marco negro balísticos,https://www.commandostore.cl/product/wiley-x-chile-compass-mica-gris-marco-negro-balisticos,69990,69990,no,N/A,https://dojiw2m9tvv09.cloudfront.net/6365/product/cccmp01_bv2150.jpg
2026-09-28,11:10:04,commandostore,WILEY X CHILE ENZO MICA GRIS MARCO NEGRO,https://www.commandostore.cl/product/wiley-x-chile-enzo-mica-gris-marco-negro,69990,69990,no,N/A,https://dojiw2m9tvv09.cloudfront.net/6365/product/wiley_x_enzo_armeria_tarapaca0377.jpg
2026-09-28,11:10:04,commandostore,Wiley X Chile AirRage mica gris marco negro balísticos,https://www.commandostore.cl/product/wiley-x-chile-airrage-mica-gris-marco-negro-balisticos,69990,69990,no,N/A,https://dojiw2m9tvv09.cloudfront.net/6365/product/694_wiley_x_chile7032.jpg
2026-09-28,11:10:04,commandostore,Wiley X Chile Arrow mica gris marco negro,https://www.commandostore.cl/product/wiley-x-chile-arrow-mica-gris-marco-negro,69990,69990,no,N/A,https://dojiw2m9tvv09.cloudfront.net/6365/product/arro2_wiley_x_chile7951.jpg
2026-09-28,11:10:04,commandostore,Wiley X Chile Arrow mica gris polarizada marco gris liquido,https://www.commandostore.cl/product/wiley-x-chile-arrow-mica-gris-polarizada-marco-gris-liquido,69990,69990,no,N/A,https://dojiw2m9tvv09.cloudfront.net/6365/product/arro6_wiley_x_chile8359.jpg
2026-09-28,11:10:04,commandostore,Wiley X Chile Brick marco metálico mica silver flash,https://www.commandostore.cl/product/wiley-x-chile-brick-marco-metalico-mica-silver-flash,69990,69990,no,N/A,https://dojiw2m9tvv09.cloudfront.net/6365/product/855_bv_wiley_x_chile5340.jpg
2026-09-28,11:10:04,commandostore,Wiley X Chile Brick marco negro mica gris balísticos,https://www.commandostore.cl/product/wiley-x-chile-brick-marco-negro-mica-gris-balisticos,69990,69990,no,N/A,https://dojiw2m9tvv09.cloudfront.net/6365/product/854_bv_wiley_x_chile5557.jpg
2026-09-28,11:10:04,commandostore,Wiley X Chile BOSS marco negro mica silver flash,https://www.commandostore.cl/product/wiley-x-chile-boss-marco-negro-mica-silver-flash,69990,69990,no,N/A,https://dojiw2m9tvv09.cloudfront.net/6365/product/ccbos01_wiley_x_chile7985.jpg
2026-09-28,11:10:04,commandostore,Wiley X Chile PT-1 3 micas marco negro,https://www.commandostore.cl/product/wiley-x-chile-pt-1-3-micas-marco-negro,69990,69990,no,N/A,https://dojiw2m9tvv09.cloudfront.net/6365/product/pt-1scl-bv_16130.png
2026-09-28,11:10:04,commandostore,Wiley X Chile Vapor 2 micas marco tan,https://www.commandostore.cl/product/wiley-x-chile-vapor-2-micas-marco-tan,69990,69990,no,N/A,https://dojiw2m9tvv09.cloudfront.net/6365/product/35115545.jpg
2026-09-28,11:10:04,commandostore,Lente Wiley X Valor tres micas marco TAN,https://www.commandostore.cl/product/lente-wiley-x-valor-tres-micas-marco-tan,69990,69990,no,N/A,https://dojiw2m9tvv09.cloudfront.net/6365/product/wx-valor-tan-front-left-18609.png
2026-09-28,11:10:04,commandostore,Antiparra Balística Wiley X SG-1 Negra con 2 Micas Gris Humo y Transparente,https://www.commandostore.cl/product/antiparra-balistica-wiley-x-sg-1-negra-con-2-micas-gris-humo-y-transparente,69990,69990,no,N/A,https://dojiw2m9tvv09.cloudfront.net/6365/product/1-571613.jpg
2026-09-28,11:10:04,commandostore,Wiley X Chile Omega mica roja polarizada marco negro,https://www.commandostore.cl/product/wiley-x-chile-omega-mica-roja-polarizada-marco-negro,79990,79990,no,N/A,https://dojiw2m9tvv09.cloudfront.net/6365/product/acome05_wiley_x_chile5212.png
2026-09-28,11:10:04,commandostore,Wiley X Chile Omega mica verde plateada polarizada marco negro,https://www.commandostore.cl/product/wiley-x-chile-omega-mica-verde-plateada-polarizada-marco-negro,79990,79990,no,N/A,https://dojiw2m9tvv09.cloudfront.net/6365/product/acome06_wiley_x_chile5518.jpg
2026-09-28,11:10:04,commandostore,Wiley X Chile Rebel mica polarizada marco Realtree,https://www.commandostore.cl/product/wiley-x-chile-rebel-mica-polarizada-marco-realtree,79990,79990,no,N/A,https://dojiw2m9tvv09.cloudfront.net/6365/product/acreb07_wiley_x_chile6608.jpg
2026-09-28,11:10:04,commandostore,Wiley X Chile P-17 mica verde polarizada marco negro,https://www.commandostore.cl/product/wiley-x-chile-p-17-mica-verde-polarizada-marco-negro,79990,79990,no,N/A,https://dojiw2m9tvv09.cloudfront.net/6365/product/p17-bv_10343.png
2026-09-28,11:10:04,commandostore,Wiley X Chile P-17 mica esmeralda polarizada marco negro,https://www.commandostore.cl/product/wiley-x-chile-p-17-mica-esmeralda-polarizada-marco-negro,79990,79990,no,N/A,https://dojiw2m9tvv09.cloudfront.net/6365/product/p17gm-bv_12465.png
2026-09-28,11:10:04,commandostore,Lente Wiley X SAINT 08 Mica gris Marco negro #CHSAI08,https://www.commandostore.cl/product/lente-wiley-x-saint-08-mica-gris-marco-negro-chsai08,79990,79990,no,N/A,https://dojiw2m9tvv09.cloudfront.net/6365/product/18874.jpg
2026-09-28,11:10:04,commandostore,Lente WileyX KINGPIN Polarizado mica azul marco grafito matte #ACKNG09,https://www.commandostore.cl/product/lente-wileyx-kingpin-polarizado-mica-azul-marco-grafito-matte-ackng09,79990,79990,no,N/A,https://dojiw2m9tvv09.cloudfront.net/6365/product/kingpin0723.jpg
2026-09-28,11:10:04,commandostore,Wiley X Chile Wave polarizados mica esmeralda marco GLOSS DEMI,https://www.commandostore.cl/product/wiley-x-chile-wave-polarizados-mica-esmeralda-marco-gloss-demi,89990,89990,no,N/A,https://dojiw2m9tvv09.cloudfront.net/6365/product/wx-wave-ccwav07-bv-lr3173.png
2026-09-28,11:10:04,commandostore,Wiley X Chile Hayden aviador mica gris marco negro,https://www.commandostore.cl/product/wiley-x-chile-hayden-aviador-mica-gris-marco-negro,89990,89990,no,N/A,https://dojiw2m9tvv09.cloudfront.net/6365/product/achay01_bv_wiley_x_chile4948.jpg
2026-09-28,11:10:04,commandostore,Wiley X Chile Omega mica verde polarizada marco Kryptek,https://www.commandostore.cl/product/wiley-x-chile-omega-mica-verde-polarizada-marco-kryptek,89990,89990,no,N/A,https://dojiw2m9tvv09.cloudfront.net/6365/product/acome12_wiley_x_chile5829.jpg
2026-09-28,11:10:04,commandostore,Wiley X Chile Hudson mica polarizada gris marco negro,https://www.commandostore.cl/product/wiley-x-chile-hudson-mica-polarizada-gris-marco-negro,89990,89990,no,N/A,https://dojiw2m9tvv09.cloudfront.net/6365/product/hudson_wiley_x_chile8366.jpg
2026-09-28,11:10:04,commandostore,Wiley X Chile Valor mica gris marco Kryptek® Typhon,https://www.commandostore.cl/product/wiley-x-chile-valor-mica-gris-marco-kryptek-typhon,89990,89990,no,N/A,https://dojiw2m9tvv09.cloudfront.net/6365/product/chval12-bv2449.png
2026-09-28,11:10:04,commandostore,Wiley X Chile VAPOR 3 micas marco negro,https://www.commandostore.cl/product/wiley-x-chile-vapor-3-micas-marco-negro,89990,89990,no,N/A,https://dojiw2m9tvv09.cloudfront.net/6365/product/3502-15845.jpg
2026-09-28,11:10:04,commandostore,Wiley X Chile Gravity fotocromático marco negro,https://www.commandostore.cl/product/wiley-x-chile-gravity-fotocromatico-marco-negro,89990,89990,no,N/A,https://dojiw2m9tvv09.cloudfront.net/6365/product/ccgra05-bv_36562.png
2026-09-28,11:10:04,commandostore,Wiley X Chile Aspect mica verde polarizada marco demi,https://www.commandostore.cl/product/wiley-x-chile-aspect-mica-verde-polarizada-marco-demi,99990,99990,no,N/A,https://dojiw2m9tvv09.cloudfront.net/6365/product/acasp06_wiley_x_chile6099.jpg
2026-09-28,11:10:04,commandostore,Wiley X Chile Captivate Gravity mica polarizada gris marco negro balísticos,https://www.commandostore.cl/product/wiley-x-chile-captivate-gravity-mica-polarizada-gris-marco-negro-balisticos,99990,99990,no,N/A,https://dojiw2m9tvv09.cloudfront.net/6365/product/ccgra08_captivate_wiley_x_chile5071.jpg
2026-09-28,11:10:04,commandostore,Wiley X Chile Captivate Weekender mica cobre polarizada marco demi,https://www.commandostore.cl/product/wiley-x-chile-captivate-weekender-mica-cobre-polarizada-marco-demi,99990,99990,no,N/A,https://dojiw2m9tvv09.cloudfront.net/6365/product/acwkn02_captivate_wiley_x_chile6006.jpg
2026-09-28,11:10:04,commandostore,Lente Wiley X TREK captivate polarizado oscuro AC6TRK18,https://www.commandostore.cl/product/lente-wiley-x-trek-captivate-polarizado-oscuro-ac6trk18,114990,114990,no,N/A,https://dojiw2m9tvv09.cloudfront.net/6365/product/wx_trek_ac6trk18_matt_black0401.png
2026-09-28,11:10:04,commandostore,Antiparra Balística Wiley X SPEAR Verde con 2 Micas Gris Humo y Transparente SP29G,https://www.commandostore.cl/product/antiparra-balistica-wiley-x-spear-verde-con-2-micas-gris-humo-y-transparente-sp29g,114990,114990,no,N/A,https://dojiw2m9tvv09.cloudfront.net/6365/product/1-566436.jpg
2026-09-28,11:10:04,commandostore,Wiley X Chile Klein mica verde polarizada marco dorado,https://www.commandostore.cl/product/wiley-x-chile-klein-mica-verde-polarizada-marco-dorado,119990,119990,no,N/A,https://dojiw2m9tvv09.cloudfront.net/6365/product/ackle06_mv_ver35438.jpg
2026-09-28,11:10:04,commandostore,Wiley X Chile Hayden Aviador mica plateada polarizada marco gris,https://www.commandostore.cl/product/wiley-x-chile-hayden-aviador-mica-plateada-polarizada-marco-gris,119990,119990,no,N/A,https://dojiw2m9tvv09.cloudfront.net/6365/product/achay06_bv5737.jpg
2026-09-28,11:10:04,commandostore,Wiley X Chile Hayden aviador mica verde polarizada marco dorado,https://www.commandostore.cl/product/wiley-x-chile-hayden-aviador-mica-verde-polarizada-marco-dorado,119990,119990,no,N/A,https://dojiw2m9tvv09.cloudfront.net/6365/product/achay04-wileyx_chile3588.jpg
2026-09-28,11:10:04,commandostore,Lente Wiley X TREK Captivate polarizado azul AC6TRK09,https://www.commandostore.cl/product/lente-wiley-x-trek-captivate-polarizado-azul-ac6trk09,119990,119990,no,N/A,https://dojiw2m9tvv09.cloudfront.net/6365/product/_x_trek_ac6trk09_bv_hr-18918.png
2026-09-28,11:10:04,commandostore,Lente Wiley X TREK polarizado verde AC6TRK07,https://www.commandostore.cl/product/lente-wiley-x-trek-polarizado-verde-ac6trk07,119990,119990,no,N/A,https://dojiw2m9tvv09.cloudfront.net/6365/product/_x_trek_ac6trk07_bv_hr9987.png
2026-09-28,11:10:04,commandostore,Lente Wiley X VALOR polarizado marco negro,https://www.commandostore.cl/product/lente-wiley-x-valor-polarizado-marco-negro,119990,119990,no,N/A,https://dojiw2m9tvv09.cloudfront.net/6365/product/wx-vapor5421.png
2026-09-28,11:10:04,commandostore,Lente Jakl Captivate Non-Pol Tungsten Mirror/Matte Black and Tan Frame #CHJKL04,https://www.commandostore.cl/product/lente-jakl-captivate-non-pol-tungsten-mirror-matte-black-and-tan-frame-chjkl04,129990,129990,no,N/A,https://dojiw2m9tvv09.cloudfront.net/6365/product/wx-jakl-chjkl04-left8467.jpg
2026-09-28,11:10:04,commandostore,Lente Peak Captivate Pol Copper/Matte Black Frame #ACPEA02,https://www.commandostore.cl/product/lente-peak-captivate-pol-copper-matte-black-frame-acpea02,129990,129990,no,N/A,https://dojiw2m9tvv09.cloudfront.net/6365/product/lente-peak-captivate-pol-coppermate-black-frame-acpea02-14485.png
2026-09-28,11:10:04,commandostore,WILEY X CAPTIVATE POL GREEN MIRROR/GLOSS BLACK FRAME,https://www.commandostore.cl/product/wiley-x-captivate-pol-green-mirror-gloss-black-frame,139990,139990,no,N/A,https://dojiw2m9tvv09.cloudfront.net/6365/product/wx-p17-green-lv6686.png
2026-09-28,11:10:04,commandostore,Wiley X Chile Detection cinco micas,https://www.commandostore.cl/product/wiley-x-chile-detection-cinco-micas,149990,149990,no,N/A,https://dojiw2m9tvv09.cloudfront.net/6365/product/detection_1205_bv4274.jpg
2026-09-28,11:10:04,commandostore,Wiley X OVATION AC6OVN10 POLARIZADO mica rosa gold marco negro,https://www.commandostore.cl/product/wiley-x-ovation-ac6ovn10-polarizado-mica-rosa-gold-marco-negro,149990,149990,no,N/A,https://dojiw2m9tvv09.cloudfront.net/6365/product/wx-ovation-ac6ovn10-bv-lr-copy8334.png
2026-09-28,11:10:04,commandostore,Lente WileyX Helix AC6HX09 Polarizado mica azul marco negro,https://www.commandostore.cl/product/lente-wileyx-helix-ac6hx09-polarizado-mica-azul-marco-negro,149990,149990,no,N/A,https://dojiw2m9tvv09.cloudfront.net/6365/product/wx-helix1950.png
2026-09-28,11:10:04,commandostore,Antiparra Balística Wiley X SPEAR Verde con 3 Micas SP293G,https://www.commandostore.cl/product/antiparra-balistica-wiley-x-spear-verde-con-3-micas-sp293g,149990,149990,no,N/A,https://dojiw2m9tvv09.cloudfront.net/6365/product/spear-3-sp293g9882.jpg
2026-09-28,11:10:04,commandostore,Wiley X Gravity Captivate Pol Blue Mirror/Black Crystal Frame,https://www.commandostore.cl/product/wiley-x-gravity-captivate-pol-blue-mirror-black-crystal-frame,159990,159990,no,N/A,https://dojiw2m9tvv09.cloudfront.net/6365/product/wx-gravity-ccgra19-bv-hr6272.png
2026-09-28,11:10:04,commandostore,Cilindro de aluminio MODIFY,https://www.commandostore.cl/product/cilindro-de-aluminio-modify,11990,11990,si,9,https://dojiw2m9tvv09.cloudfront.net/6365/product/053f65e7f22676774ac7d0dea973db1d7086.jpg
2026-09-28,11:10:04,commandostore,"Internals Service Kit GLOCK 17 Gen5/19X/19 Gen4 6 mm GBB, #2.6456.9",https://www.commandostore.cl/product/internals-service-kit-glock-17-gen5-19x-19-gen4-6-mm-gbb-2-6456-9,59990,59990,no,N/A,https://dojiw2m9tvv09.cloudfront.net/6365/product/internals-service-kit-glock-17-gen519x19-gen4-6-mm-gbb-2-6456-97462.jpg
2026-09-28,11:10:04,commandostore,Cabeza de pistón de aluminio BORE UP,https://www.commandostore.cl/product/cabeza-de-piston-de-aluminio-bore-up,29990,29990,si,3,https://dojiw2m9tvv09.cloudfront.net/6365/product/9c3eeb20892416e2c2991a7da0969e3d6645.jpg
2026-09-28,11:10:04,commandostore,Conector T-DEANS Modify,https://www.commandostore.cl/product/conector-t-deans-modify,4990,4990,si,21,https://dojiw2m9tvv09.cloudfront.net/6365/product/d85839fb23b3f51052a28c5b88f6b04c2597.jpg
2026-09-28,11:10:04,commandostore,"Internals Cañon de precisión 6,03*469 mm",https://www.commandostore.cl/product/internals-canon-de-precision-6-03-469-mm,39990,39990,si,3,https://dojiw2m9tvv09.cloudfront.net/6365/product/repuesto-ca-n-de-precision9166.png
2026-09-28,11:10:04,commandostore,"Internals Cañon de precisión 6,03x485 mm M24 (Corte VSR-10)",https://www.commandostore.cl/product/internals-canon-de-precision-6-03x485-mm-m24-corte-vsr-10,39990,39990,si,10,https://dojiw2m9tvv09.cloudfront.net/6365/product/ca-on-de-precision4055.png
