fecha,hora,tienda,nombre,enlace,precio_actual,precio_normal,hay_stock,cantidad,imagen
2026-10-07,15:41:47,gogogo,AGM - MOD.MP40 Wood,https://www.gogogo.cl/product/agm-mod-mp40-wood,249990,249990,si,1,https://dojiw2m9tvv09.cloudfront.net/59007/product/16306.png
2026-10-07,15:41:47,gogogo,ARCTURUS - AR15 Carbine AEG FE®,https://www.gogogo.cl/product/arcturus-ar15-carbine-aeg-fe,289990,289990,si,3,https://dojiw2m9tvv09.cloudfront.net/59007/product/15604.png
2026-10-07,15:41:47,gogogo,ARCTURUS - AR15 CQB AEG FE®,https://www.gogogo.cl/product/arcturus-ar15-cqb-aeg-fe,289990,289990,si,1,https://dojiw2m9tvv09.cloudfront.net/59007/product/16451.png
2026-10-07,15:41:47,gogogo,ARCTURUS - AR15 Rifle AEG FE®,https://www.gogogo.cl/product/arcturus-ar15-rifle-aeg-fe,299990,299990,si,3,https://dojiw2m9tvv09.cloudfront.net/59007/product/14129.png
2026-10-07,15:41:47,gogogo,"ARCTURUS - NEO MOD1 SBR 7.9"" NEO AEG ME®",https://www.gogogo.cl/product/arcturus-neo-mod1-sbr-7-9-neo-aeg-me,169990,169990,si,2,https://dojiw2m9tvv09.cloudfront.net/59007/product/17023.jpg
2026-10-07,15:41:47,gogogo,ARCTURUS - Sabor™ URGI MK16 9.5' AEG FE® (DEAN),https://www.gogogo.cl/product/arcturus-sabor-urgi-mk16-9-5-aeg-fe-dean,329990,329990,si,1,https://dojiw2m9tvv09.cloudfront.net/59007/product/12561.jpg
2026-10-07,15:41:47,gogogo,"ARCTURUS - Sword™ MOD1 SBR 8"" Lite FE™ (Negro)(DEAN)",https://www.gogogo.cl/product/arcturus-sword-mod1-sbr-8-lite-fe-negro-dean,229990,229990,si,2,https://dojiw2m9tvv09.cloudfront.net/59007/product/12199.png
2026-10-07,15:41:47,gogogo,CLASSIC ARMY - CA5 SD3 (MP004M),https://www.gogogo.cl/product/classic-army-ca5-sd3-mp004m,269990,269990,si,1,https://dojiw2m9tvv09.cloudfront.net/59007/product/classic-army-electric-rifle-ca5-sd3-black-mp004m7562.jpg
2026-10-07,15:41:47,gogogo,CONTRACTOR PACK - G14,https://www.gogogo.cl/product/contractor-pack-g14,187022,198960,si,3,
2026-10-07,15:41:47,gogogo,CONTRACTOR PACK - G21,https://www.gogogo.cl/product/contractor-pack-g21,195914,212950,si,1,https://dojiw2m9tvv09.cloudfront.net/59007/product/g21-015625.jpg
2026-10-07,15:41:47,gogogo,CYMA - AK Tactical Romanian CM050 EBB AEG,https://www.gogogo.cl/product/cyma-ak-tactical-romanian-cm050-ebb-aeg,217491,249990,si,2,https://dojiw2m9tvv09.cloudfront.net/59007/product/10443.jpg
2026-10-07,15:41:47,gogogo,CYMA - AK103 Tactical CM040K AEG,https://www.gogogo.cl/product/cyma-ak103-tactical-cm040k-aeg,217491,249990,si,1,https://dojiw2m9tvv09.cloudfront.net/59007/product/12715.png
2026-10-07,15:41:47,gogogo,"CYMA - M4/AR15 10"" CM097B Platinum Kestrel ETU",https://www.gogogo.cl/product/cyma-m4-ar15-10-cm097b-platinum-kestrel-etu,284990,284990,si,3,https://dojiw2m9tvv09.cloudfront.net/59007/product/18274.jpg
2026-10-07,15:41:47,gogogo,"CYMA - M4/AR15 13"" CM097A Platinum Kestrel ETU",https://www.gogogo.cl/product/cyma-m4-ar15-13-cm097a-platinum-kestrel-etu,284990,284990,si,1,https://dojiw2m9tvv09.cloudfront.net/59007/product/14663.jpg
2026-10-07,15:41:47,gogogo,"CYMA - M4/AR15 14.5"" CM097 Platinum Kestrel ETU",https://www.gogogo.cl/product/cyma-m4-ar15-14-5-cm097-platinum-kestrel-etu,284990,284990,si,1,https://dojiw2m9tvv09.cloudfront.net/59007/product/11288.jpg
2026-10-07,15:41:47,gogogo,CYMA - SALIENT ARMS SAI GRY 10.5mm (CMSAIGRY-10.5)(Black),https://www.gogogo.cl/product/cyma-salient-arms-sai-gry-10-5mm-cmsaigry-10-5-black,319990,319990,si,1,https://dojiw2m9tvv09.cloudfront.net/59007/product/14512.jpg
2026-10-07,15:41:47,gogogo,D|BOYS - G36C AEG (Black),https://www.gogogo.cl/product/d-boys-g36c-aeg-black,139990,139990,si,1,https://dojiw2m9tvv09.cloudfront.net/59007/product/d-boys-electric-rifle-g36c-black-4781-10423.jpg
2026-10-07,15:41:47,gogogo,G&G - ARP 9 3.0 Polymer Version (Black),https://www.gogogo.cl/product/g-g-arp-9-3-0-polymer-version-black,349990,349990,si,1,https://dojiw2m9tvv09.cloudfront.net/59007/product/19225.jpg
2026-10-07,15:41:47,gogogo,KING ARMS - M4A1 Sport Series AEG,https://www.gogogo.cl/product/king-arms-m4a1-sport-series-aeg,129990,129990,si,1,https://dojiw2m9tvv09.cloudfront.net/59007/product/15516.png
2026-10-07,15:41:47,gogogo,KING ARMS - PDW 5.56 SBR Long (Dark Earth),https://www.gogogo.cl/product/king-arms-pdw-5-56-sbr-long-dark-earth,249990,249990,si,1,https://dojiw2m9tvv09.cloudfront.net/59007/product/15332.png
2026-10-07,15:41:47,gogogo,KING ARMS - PDW 5.56 SBR Long (Gray/Red),https://www.gogogo.cl/product/king-arms-pdw-5-56-sbr-long-gray-red,249990,249990,si,1,https://dojiw2m9tvv09.cloudfront.net/59007/product/11455.png
2026-10-07,15:41:47,gogogo,KWA - LM4D PTR LE GBB (Black),https://www.gogogo.cl/product/kwa-lm4d-ptr-le-gbb-black,629991,699990,si,2,https://dojiw2m9tvv09.cloudfront.net/59007/product/12524.png
2026-10-07,15:41:47,gogogo,SPECNA ARMS & KPYK - SA-PJ18 KRUK PRIME ASTER II ETU/BLDC (Black),https://www.gogogo.cl/product/specna-arms-kpyk-sa-pj18-kruk-prime-aster-ii-etu-bldc-black,519990,519990,si,1,https://dojiw2m9tvv09.cloudfront.net/59007/product/17038.jpg
2026-10-07,15:41:47,gogogo,SPECNA ARMS - SA-C10 Core ETU Æther™ TDC Magnus™ GEN2 (Half Tan),https://www.gogogo.cl/product/specna-arms-sa-c10-core-etu-aether-tdc-magnus-gen2-half-tan,169990,169990,si,2,https://dojiw2m9tvv09.cloudfront.net/59007/product/nw-sa-c10core-tan17023.jpg
2026-10-07,15:41:47,gogogo,SPECNA ARMS - SA-E37 Edge™ Kestrel™ ETU (Black),https://www.gogogo.cl/product/specna-arms-sa-e37-edge-kestrel-etu-black,399990,399990,si,1,https://dojiw2m9tvv09.cloudfront.net/59007/product/15214.jpg
2026-10-07,15:41:47,gogogo,SPECNA ARMS - SA-F03-L FLEX™ HAL ETU™ Light Ops GEN2 (Half-Tan),https://www.gogogo.cl/product/specna-arms-sa-f03-l-flex-hal-etu-light-ops-gen2-half-tan,164990,164990,si,2,https://dojiw2m9tvv09.cloudfront.net/59007/product/18354.jpg
2026-10-07,15:41:47,gogogo,SPECNA ARMS - SA-F03-L FLEX™ HAL ETU™ Light Ops GEN2 (Negro),https://www.gogogo.cl/product/specna-arms-sa-f03-l-flex-hal-etu-light-ops-gen2-negro,164990,164990,si,3,https://dojiw2m9tvv09.cloudfront.net/59007/product/15319.jpg
2026-10-07,15:41:47,gogogo,SPECNA ARMS - SA-F04 FLEX™ HAL ETU™ Light Ops GEN2 (Black),https://www.gogogo.cl/product/specna-arms-sa-f04-flex-hal-etu-light-ops-gen2-black,169990,169990,si,2,https://dojiw2m9tvv09.cloudfront.net/59007/product/19716.png
2026-10-07,15:41:47,gogogo,SPECNA ARMS - SA-F06 416 FLEX™ / HAL™/ GEN2 (Negro),https://www.gogogo.cl/product/specna-arms-sa-f06-416-flex-hal-gen2-negro,179990,179990,si,4,https://dojiw2m9tvv09.cloudfront.net/59007/product/15264.png
2026-10-07,15:41:47,gogogo,SPECNA ARMS - SA-F07 416 FLEX™ / HAL™/ GEN2 (Negro),https://www.gogogo.cl/product/specna-arms-sa-f07-416-flex-hal-gen2-negro,189990,189990,si,1,https://dojiw2m9tvv09.cloudfront.net/59007/product/13004.jpg
2026-10-07,15:41:47,gogogo,SPECNA ARMS - SA-F08 FLEX™ / HAL™/ BLDC™/ GEN2 (Negro),https://www.gogogo.cl/product/specna-arms-sa-f08-flex-hal-bldc-gen2-negro,234990,234990,si,1,https://dojiw2m9tvv09.cloudfront.net/59007/product/11342.png
2026-10-07,15:41:47,gogogo,SPECNA ARMS - SA-F08 FLEX™ / HAL™/ BLDC™/ GEN2 (Olive),https://www.gogogo.cl/product/specna-arms-sa-f08-flex-hal-bldc-gen2-olive,234990,234990,si,2,https://dojiw2m9tvv09.cloudfront.net/59007/product/17546.jpg
2026-10-07,15:41:47,gogogo,SPECNA ARMS - SA-F09 FLEX™ / HAL™/ BLDC™/ GEN2 (Olive),https://www.gogogo.cl/product/specna-arms-sa-f09-flex-hal-bldc-gen2-olive,239990,239990,si,1,https://dojiw2m9tvv09.cloudfront.net/59007/product/19828.jpg
2026-10-07,15:41:47,gogogo,SPECNA ARMS - SA-FLEX-FX02 ETU Æther™ TDC Magnus™ GEN2 (Negro),https://www.gogogo.cl/product/specna-arms-sa-flex-fx02-etu-aether-tdc-magnus-gen2-negro,179990,179990,si,1,https://dojiw2m9tvv09.cloudfront.net/59007/product/15765.png
2026-10-07,15:41:47,gogogo,SPECNA ARMS - SA-FLEX-FX02 FLEX™ BLDC™ HAL ETU GEN2 (Olive),https://www.gogogo.cl/product/specna-arms-sa-flex-fx02-flex-bldc-hal-etu-gen2-olive,299990,299990,si,1,https://dojiw2m9tvv09.cloudfront.net/59007/product/14053.jpg
2026-10-07,15:41:47,gogogo,UMAREX - Heckler & Koch HK416 A5 V.2 AEG (Black),https://www.gogogo.cl/product/umarex-heckler-koch-hk416-a5-v-2-aeg-black,620991,689990,si,2,https://dojiw2m9tvv09.cloudfront.net/59007/product/11884.jpg
2026-10-07,15:41:47,gogogo,UMAREX - Heckler & Koch HK416 A5 V.2 AEG (Green-Brown),https://www.gogogo.cl/product/umarex-heckler-koch-hk416-a5-v-2-aeg-green-brown,620991,689990,si,2,https://dojiw2m9tvv09.cloudfront.net/59007/product/18686.jpg
2026-10-07,15:41:47,gogogo,UMAREX - HK 416 A5 Sportline ETU (Negro),https://www.gogogo.cl/product/umarex-hk-416-a5-sportline-etu-negro,259900,259900,si,2,https://dojiw2m9tvv09.cloudfront.net/59007/product/nw-umarex-416-a5-sportline-bk15262.jpg
2026-10-07,15:41:47,gogogo,UMAREX - HK 416 A5 Sportline ETU (Tan),https://www.gogogo.cl/product/umarex-hk-416-a5-sportline-etu-tan,259900,259900,si,2,https://dojiw2m9tvv09.cloudfront.net/59007/product/nw-umarex-416-a5-sportline-tan16625.jpg
2026-10-07,15:41:47,gogogo,UMAREX - HK G36C Sportline AEG,https://www.gogogo.cl/product/umarex-hk-g36c-sportline-aeg,189990,189990,si,4,https://dojiw2m9tvv09.cloudfront.net/59007/product/nw-g36c-sportline-mas-bateria5625.jpg
2026-10-07,15:41:47,gogogo,CYMA - Sniper L96 AWM CM706,https://www.gogogo.cl/product/cyma-sniper-l96-awm-cm706,179990,179990,si,1,https://dojiw2m9tvv09.cloudfront.net/59007/product/13739.jpg
2026-10-07,15:41:47,gogogo,SPECNA ARMS - Sniper SA-S02 Core High Velocity (Mira + Bipode)(Negro),https://www.gogogo.cl/product/specna-arms-sniper-sa-s02-core-high-velocity-mira-bipode-negro,219990,219990,si,1,https://dojiw2m9tvv09.cloudfront.net/59007/product/nw-sa-s02coresniperrifle-bk17661.jpg
2026-10-07,15:41:47,gogogo,SPECNA ARMS - Sniper SA-S02 Core High Velocity (Mira + Bipode)(Tan),https://www.gogogo.cl/product/specna-arms-sniper-sa-s02-core-high-velocity-mira-bipode-tan,219990,219990,si,1,https://dojiw2m9tvv09.cloudfront.net/59007/product/14377.jpg
2026-10-07,15:41:47,gogogo,SPECNA ARMS - Sniper SA-S02 Core High Velocity (Negro),https://www.gogogo.cl/product/specna-arms-sniper-sa-s02-core-high-velocity-negro,159990,159990,si,1,https://dojiw2m9tvv09.cloudfront.net/59007/product/11793.png
2026-10-07,15:41:47,gogogo,SPECNA ARMS - Sniper SA-S03 Core High Velocity (Mira + Bipode)(Tan),https://www.gogogo.cl/product/specna-arms-sniper-sa-s03-core-high-velocity-mira-bipode-tan,249990,249990,si,1,https://dojiw2m9tvv09.cloudfront.net/59007/product/11540.png
2026-10-07,15:41:47,gogogo,A&K - M249K Polymer Version (Black)(M249KP),https://www.gogogo.cl/product/a-k-m249k-polymer-version-black-m249kp,409990,409990,si,1,https://dojiw2m9tvv09.cloudfront.net/59007/product/12523.jpg
2026-10-07,15:41:47,gogogo,A&K - MK46 Polymer Version (Black)(MK46P),https://www.gogogo.cl/product/a-k-mk46-polymer-version-black-mk46p,489990,489990,si,2,https://dojiw2m9tvv09.cloudfront.net/59007/product/10748.jpg
2026-10-07,15:41:47,gogogo,SPECNA ARMS - Cybergun - SA-F249 PARA FLEX™ GATE X-ASR,https://www.gogogo.cl/product/specna-arms-cybergun-sa-f249-para-flex-gate-x-asr,349990,349990,si,3,https://dojiw2m9tvv09.cloudfront.net/59007/product/15782.jpg
2026-10-07,15:41:47,gogogo,VFC - MK48 MOD1 LMG,https://www.gogogo.cl/product/vfc-mk48-mod1-lmg,845991,899990,si,1,https://dojiw2m9tvv09.cloudfront.net/59007/product/13893.png
2026-10-07,15:41:47,gogogo,"ARCTURUS - Vanguard 4.3"" Hi-Capa GBB Pistol w/Optics Ready Slide & ARS-1 Red Dot Combo (Black)",https://www.gogogo.cl/product/arcturus-vanguard-4-3-hi-capa-gbb-pistol-w-optics-ready-slide-ars-1-red-dot-combo-black,259990,259990,si,2,https://dojiw2m9tvv09.cloudfront.net/59007/product/18592.jpg
2026-10-07,15:41:47,gogogo,CYBERGUN - CANIK TP9 ELITE COMBAT GBB (Black),https://www.gogogo.cl/product/cybergun-canik-tp9-elite-combat-gbb-black,249990,249990,si,1,https://dojiw2m9tvv09.cloudfront.net/59007/product/19060.jpg
2026-10-07,15:41:47,gogogo,CYBERGUN - CANIK TP9 ELITE COMBAT GBB (Two Tone),https://www.gogogo.cl/product/cybergun-canik-tp9-elite-combat-gbb-two-tone,249990,249990,si,2,https://dojiw2m9tvv09.cloudfront.net/59007/product/13216.jpg
2026-10-07,15:41:47,gogogo,CYMA - M92 CM.126 AEP,https://www.gogogo.cl/product/cyma-m92-cm-126-aep,89990,89990,si,10,https://dojiw2m9tvv09.cloudfront.net/59007/product/12232.jpg
2026-10-07,15:41:47,gogogo,Elite Force - H8R Super Magnum CO2 Revolver - Black,https://www.gogogo.cl/product/elite-force-h8r-super-magnum-co2-revolver-black,99900,99900,si,8,https://dojiw2m9tvv09.cloudfront.net/59007/product/nw-eliteforcerevolverh8rsupermagnum-bk4378.jpg
2026-10-07,15:41:47,gogogo,UMAREX - Beretta APX RDO GBB (BK/FDE),https://www.gogogo.cl/product/umarex-beretta-apx-rdo-gbb-bk-fde,219990,219990,si,1,https://dojiw2m9tvv09.cloudfront.net/59007/product/17576.jpg
2026-10-07,15:41:47,gogogo,UMAREX - Beretta APX RDO GBB (BK/OD),https://www.gogogo.cl/product/umarex-beretta-apx-rdo-gbb-bk-od,219990,219990,si,2,https://dojiw2m9tvv09.cloudfront.net/59007/product/19055.jpg
2026-10-07,15:41:47,gogogo,UMAREX - Beretta M9A3 CO2/Green Gas GBB (FDE),https://www.gogogo.cl/product/umarex-beretta-m9a3-co2-green-gas-gbb-fde,219990,219990,si,2,https://dojiw2m9tvv09.cloudfront.net/59007/product/nw-umarex-beretta-m9a3-licenciada-fde14985.jpg
2026-10-07,15:41:47,gogogo,UMAREX - Beretta MOD. 92 FS AEP,https://www.gogogo.cl/product/umarex-beretta-mod-92-fs-aep,59990,59990,si,7,https://dojiw2m9tvv09.cloudfront.net/59007/product/17740.jpg
2026-10-07,15:41:47,gogogo,UMAREX - Glock 45 Gen5 Green Gas,https://www.gogogo.cl/product/umarex-glock-45-gen5-green-gas,219990,219990,si,1,https://dojiw2m9tvv09.cloudfront.net/59007/product/nw-umarex-glock-45-5g-13305.jpg
2026-10-07,15:41:47,gogogo,UMAREX - Heckler & Koch P8 A1 GBB,https://www.gogogo.cl/product/umarex-heckler-koch-p8-a1-gbb,219990,219990,si,2,https://dojiw2m9tvv09.cloudfront.net/59007/product/19123.jpg
2026-10-07,15:41:47,gogogo,UMAREX - Heckler & Koch USP Compact GBB,https://www.gogogo.cl/product/umarex-heckler-koch-usp-compact-gbb,219990,219990,si,1,https://dojiw2m9tvv09.cloudfront.net/59007/product/12005.jpg
2026-10-07,15:41:47,gogogo,UMAREX - HK VP9 Tactical GBB Green Gas,https://www.gogogo.cl/product/umarex-hk-vp9-tactical-gbb-green-gas,219990,219990,si,4,https://dojiw2m9tvv09.cloudfront.net/59007/product/19220.png
2026-10-07,15:41:47,gogogo,UMAREX - MOD Beretta 90 TWO Spring,https://www.gogogo.cl/product/umarex-mod-beretta-90-two-spring,28990,28990,si,2,https://dojiw2m9tvv09.cloudfront.net/59007/product/nw-umarexberetta30twospring-28198.jpg
2026-10-07,15:41:47,gogogo,CYMA - Shotgun CM355L Long Polimero (Tan),https://www.gogogo.cl/product/cyma-shotgun-cm355l-long-polimero-tan,123491,129990,si,2,https://dojiw2m9tvv09.cloudfront.net/59007/product/12499.jpg
2026-10-07,15:41:47,gogogo,CYMA - Shotgun CM357 Polimero,https://www.gogogo.cl/product/cyma-shotgun-cm357-polimero,109990,109990,si,1,https://dojiw2m9tvv09.cloudfront.net/59007/product/cyma-shotgun-357-polymer-cm357b1528.jpg
2026-10-07,15:41:47,gogogo,CYMA - Shotgun CM366 Polimero (Black),https://www.gogogo.cl/product/cyma-shotgun-cm366-polimero-black,142491,149990,si,1,https://dojiw2m9tvv09.cloudfront.net/59007/product/14439.jpg
2026-10-07,15:41:47,gogogo,CYMA - Shotgun M870 Tri-shoot Long Polimero CM352L,https://www.gogogo.cl/product/cyma-shotgun-m870-tri-shoot-long-polimero-cm352l,104491,109990,si,4,https://dojiw2m9tvv09.cloudfront.net/59007/product/14014.jpg
2026-10-07,15:41:47,gogogo,CYMA - Shotgun M870 Tri-shoot Polimero CM352,https://www.gogogo.cl/product/cyma-shotgun-m870-tri-shoot-polimero-cm352,123491,129990,si,4,https://dojiw2m9tvv09.cloudfront.net/59007/product/19857.jpg
2026-10-07,15:41:47,gogogo,Cuchillo Bayoneta Dummy (Coyote),https://www.gogogo.cl/product/cuchillo-bayoneta-dummy-coyote,7990,7990,si,2,https://dojiw2m9tvv09.cloudfront.net/59007/product/nw-cuchillodummybayoneta-coy6856.jpg
2026-10-07,15:41:47,gogogo,Balaclava (Coyote),https://www.gogogo.cl/product/balaclava-coyote,4990,4990,si,10,https://dojiw2m9tvv09.cloudfront.net/59007/product/nw-balaclava-coy6344.jpg
2026-10-07,15:41:47,gogogo,Balaclava (Marpat),https://www.gogogo.cl/product/balaclava-marpat,4990,4990,si,5,https://dojiw2m9tvv09.cloudfront.net/59007/product/nw-balaclava-marpat0991.jpg
2026-10-07,15:41:47,gogogo,Balaclava (Multicam Black),https://www.gogogo.cl/product/balaclava-multicam-black,4990,4990,si,11,https://dojiw2m9tvv09.cloudfront.net/59007/product/nw-balaclava-mc-bk4894.jpg
2026-10-07,15:41:47,gogogo,Balaclava (Verde),https://www.gogogo.cl/product/balaclava-verde,4990,4990,si,10,https://dojiw2m9tvv09.cloudfront.net/59007/product/nw-balaclava-od6525.jpg
2026-10-07,15:41:47,gogogo,Balaclava con Rejilla (Coyote),https://www.gogogo.cl/product/balaclava-con-rejilla-coyote,12990,12990,si,1,https://dojiw2m9tvv09.cloudfront.net/59007/product/nw-balaclava-rejilla-a-coy1369.jpg
2026-10-07,15:41:47,gogogo,Balaclava con Rejilla (Verde),https://www.gogogo.cl/product/balaclava-con-rejilla-verde,12990,12990,si,18,https://dojiw2m9tvv09.cloudfront.net/59007/product/nw-balaclava-rejilla-a-od7287.jpg
2026-10-07,15:41:47,gogogo,Bandana Bandera USA,https://www.gogogo.cl/product/bandana-bandera-usa,6990,6990,si,10,
2026-10-07,15:41:47,gogogo,Bandana Simple (Coyote),https://www.gogogo.cl/product/bandana-simple-coyote,2500,2500,si,6,https://dojiw2m9tvv09.cloudfront.net/59007/product/nw-bandanasimple-coy19849.jpg
2026-10-07,15:41:47,gogogo,Bandana Simple (Multicam),https://www.gogogo.cl/product/bandana-simple-multicam,2500,2500,si,5,https://dojiw2m9tvv09.cloudfront.net/59007/product/nw-bandanasimple-mc9947.jpg
2026-10-07,15:41:47,gogogo,Bandana Simple (Verde),https://www.gogogo.cl/product/bandana-simple-verde,2500,2500,si,6,https://dojiw2m9tvv09.cloudfront.net/59007/product/nw-bandanasimple-od9997.jpg
2026-10-07,15:41:47,gogogo,EMERSON GEAR - Bandana Multicam (EM6628C),https://www.gogogo.cl/product/emerson-gear-bandana-multicam-em6628c,13990,13990,si,2,https://dojiw2m9tvv09.cloudfront.net/59007/product/15468.jpg
2026-10-07,15:41:47,gogogo,Malla Sniper 90x180 cm. (ACU),https://www.gogogo.cl/product/malla-sniper-90x180-cm-acu,7990,7990,si,9,https://dojiw2m9tvv09.cloudfront.net/59007/product/captura-de-pantalla-2026-04-22-1812267136.png
2026-10-07,15:41:47,gogogo,Malla Sniper 90x180 cm. (Digital Desert),https://www.gogogo.cl/product/malla-sniper-90x180-cm-digital-desert,7990,7990,si,10,https://dojiw2m9tvv09.cloudfront.net/59007/product/captura-de-pantalla-2026-04-22-1811436513.png
2026-10-07,15:41:47,gogogo,Malla Sniper 90x180 cm. (Marpat),https://www.gogogo.cl/product/malla-sniper-90x180-cm-marpat,7990,7990,si,9,https://dojiw2m9tvv09.cloudfront.net/59007/product/nw-mallamarpat-15917.jpg
2026-10-07,15:41:47,gogogo,Malla Sniper 90x180 cm. (Multicam),https://www.gogogo.cl/product/malla-sniper-90x180-cm-multicam,7990,7990,si,5,https://dojiw2m9tvv09.cloudfront.net/59007/product/nw-mallacamo1918.jpg
2026-10-07,15:41:47,gogogo,Malla Sniper 90x180 cm. (Verde),https://www.gogogo.cl/product/malla-sniper-90x180-cm-verde,7990,7990,si,10,https://dojiw2m9tvv09.cloudfront.net/59007/product/captura-de-pantalla-2026-04-22-1811573504.png
2026-10-07,15:41:47,gogogo,Malla Sniper 90x180 cm. (Woodland),https://www.gogogo.cl/product/malla-sniper-90x180-cm-woodland,7990,7990,si,9,https://dojiw2m9tvv09.cloudfront.net/59007/product/malla-sniper-90x180-cm-wood-camo6864.png
2026-10-07,15:41:47,gogogo,Shemagh (Blanco),https://www.gogogo.cl/product/shemagh-blanco,7900,7900,si,8,https://dojiw2m9tvv09.cloudfront.net/59007/product/nw-shemagh-wh4382.jpg
2026-10-07,15:41:47,gogogo,Shemagh (Coyote),https://www.gogogo.cl/product/shemagh-coyote,7900,7900,si,4,https://dojiw2m9tvv09.cloudfront.net/59007/product/nw-shemagh-coy5796.jpg
2026-10-07,15:41:47,gogogo,Shemagh (Negro),https://www.gogogo.cl/product/shemagh-negro,7900,7900,si,4,https://dojiw2m9tvv09.cloudfront.net/59007/product/nw-shemagh-bk5964.jpg
2026-10-07,15:41:47,gogogo,Shemagh (Negro/Rojo),https://www.gogogo.cl/product/shemagh-negro-rojo,7900,7900,si,9,https://dojiw2m9tvv09.cloudfront.net/59007/product/nw-shemagh-rojonegro6009.jpg
2026-10-07,15:41:47,gogogo,Shemagh (Verde),https://www.gogogo.cl/product/shemagh-verde,7900,7900,si,4,https://dojiw2m9tvv09.cloudfront.net/59007/product/nw-shemagh-od5992.jpg
2026-10-07,15:41:47,gogogo,SIVI - BALACLAVA ELASTICADA (COYOTE),https://www.gogogo.cl/product/sivi-balaclava-elasticada-coyote,14990,14990,si,28,https://dojiw2m9tvv09.cloudfront.net/59007/product/captura-de-pantalla-2026-01-12-1627133449.png
2026-10-07,15:41:47,gogogo,SIVI - BALACLAVA ELASTICADA (MULTICAM),https://www.gogogo.cl/product/sivi-balaclava-elasticada-multicam,14990,14990,si,15,https://dojiw2m9tvv09.cloudfront.net/59007/product/captura-de-pantalla-2026-01-12-16285444283.png
2026-10-07,15:41:47,gogogo,SIVI - BALACLAVA ELASTICADA (NEGRO),https://www.gogogo.cl/product/sivi-balaclava-elasticada-negro,14990,14990,si,22,https://dojiw2m9tvv09.cloudfront.net/59007/product/captura-de-pantalla-2026-01-12-16282635141.png
2026-10-07,15:41:47,gogogo,SIVI - BALACLAVA ELASTICADA (VERDE),https://www.gogogo.cl/product/sivi-balaclava-elasticada-verde,14990,14990,si,19,https://dojiw2m9tvv09.cloudfront.net/59007/product/captura-de-pantalla-2026-01-12-16275824633.png
2026-10-07,15:41:47,gogogo,WOSPORT - Balaclava Respirable (Coyote),https://www.gogogo.cl/product/wosport-balaclava-respirable-coyote,14990,14990,si,8,https://dojiw2m9tvv09.cloudfront.net/59007/product/17527.jpg
2026-10-07,15:41:47,gogogo,WOSPORT - Balaclava Respirable (OD),https://www.gogogo.cl/product/wosport-balaclava-respirable-od,14990,14990,si,3,https://dojiw2m9tvv09.cloudfront.net/59007/product/12576.jpg
2026-10-07,15:41:47,gogogo,Botiquín Primeros Auxilios Rígido,https://www.gogogo.cl/product/botiquin-primeros-auxilios-rigido,9990,9990,si,5,https://dojiw2m9tvv09.cloudfront.net/59007/product/nw-botiquin-rigido9961.jpg
2026-10-07,15:41:47,gogogo,Torniquete de Emergencia,https://www.gogogo.cl/product/torniquete-de-emergencia,7990,7990,si,8,https://dojiw2m9tvv09.cloudfront.net/59007/product/nw-torniquete-17522.jpg
2026-10-07,15:41:47,gogogo,Cubre Casco Fast (Multicam),https://www.gogogo.cl/product/cubre-casco-fast-multicam,6990,6990,si,3,https://dojiw2m9tvv09.cloudfront.net/59007/product/nw-cubrecascobasic-mc8395.jpg
2026-10-07,15:41:47,gogogo,Cubre Casco Fast (Tan),https://www.gogogo.cl/product/cubre-casco-fast-tan,6990,6990,si,1,https://dojiw2m9tvv09.cloudfront.net/59007/product/nw-cubrecascobasic-tan19694.jpg
2026-10-07,15:41:47,gogogo,Cubre Casco Fast - Marpat,https://www.gogogo.cl/product/cubre-casco-fast-marpat,6990,6990,si,4,https://dojiw2m9tvv09.cloudfront.net/59007/product/nw-cubrecascobasic-marpat8346.jpg
2026-10-07,15:41:47,gogogo,Cubre Casco Fast con Elástico (Coyote),https://www.gogogo.cl/product/cubre-casco-fast-con-elastico-coyote,9990,9990,si,8,https://dojiw2m9tvv09.cloudfront.net/59007/product/nw-cubre-casco-malla-elastico-coy0692.jpg
2026-10-07,15:41:47,gogogo,Cubre Casco Fast con Elástico (Multicam Black),https://www.gogogo.cl/product/cubre-casco-fast-con-elastico-multicam-black,9990,9990,si,9,https://dojiw2m9tvv09.cloudfront.net/59007/product/nw-cubrecascomallaelastico-mcbk18860.jpg
2026-10-07,15:41:47,gogogo,Cubre Casco Fast con Elástico (Multicam),https://www.gogogo.cl/product/cubre-casco-fast-con-elastico-multicam,9990,9990,si,3,https://dojiw2m9tvv09.cloudfront.net/59007/product/nw-cubrecascomallaelastico-mc1372.jpg
2026-10-07,15:41:47,gogogo,Cubre Casco Fast con Elástico (Negro),https://www.gogogo.cl/product/cubre-casco-fast-con-elastico-negro,9990,9990,si,4,https://dojiw2m9tvv09.cloudfront.net/59007/product/nw-cubre-casco-malla-elastico-bk0038.jpg
2026-10-07,15:41:47,gogogo,Cubre Casco Fast con Elástico (Verde),https://www.gogogo.cl/product/cubre-casco-fast-con-elastico-verde,9990,9990,si,4,https://dojiw2m9tvv09.cloudfront.net/59007/product/nw-cubre-casco-malla-elastico-a-od7478.jpg
2026-10-07,15:41:47,gogogo,Cubre Casco Fast con Pouch Batería NVG (Coyote),https://www.gogogo.cl/product/cubre-casco-fast-con-pouch-bateria-nvg-coyote,11990,11990,si,10,https://dojiw2m9tvv09.cloudfront.net/59007/product/captura-de-pantalla-2025-05-19-1435360769.png
2026-10-07,15:41:47,gogogo,Fast Helmet con Aberturas (Tan),https://www.gogogo.cl/product/fast-helmet-con-aberturas-tan,32990,32990,si,3,https://dojiw2m9tvv09.cloudfront.net/59007/product/nw-cascofastabertura-coy27076.jpg
2026-10-07,15:41:47,gogogo,Fast Helmet con Aberturas (Verde),https://www.gogogo.cl/product/fast-helmet-con-aberturas-verde,32990,32990,si,8,https://dojiw2m9tvv09.cloudfront.net/59007/product/nw-cascofastabertura-od7107.jpg
2026-10-07,15:41:47,gogogo,Linterna de Casco MPLS (Negro),https://www.gogogo.cl/product/linterna-de-casco-mpls-negro,22990,22990,si,1,https://dojiw2m9tvv09.cloudfront.net/59007/product/bk18412.png
2026-10-07,15:41:47,gogogo,YAKEDA - Lightweight Fast Helmet (Black),https://www.gogogo.cl/product/yakeda-lightweight-fast-helmet-black,54990,54990,si,3,https://dojiw2m9tvv09.cloudfront.net/59007/product/captura-de-pantalla-2025-09-16-1605455193.png
2026-10-07,15:41:47,gogogo,YAKEDA - Lightweight Fast Helmet (Dark Earth),https://www.gogogo.cl/product/yakeda-lightweight-fast-helmet-dark-earth,54990,54990,si,3,https://dojiw2m9tvv09.cloudfront.net/59007/product/captura-de-pantalla-2025-09-16-1605518904.png
2026-10-07,15:41:47,gogogo,YAKEDA - Lightweight Fast Helmet (Grey),https://www.gogogo.cl/product/yakeda-lightweight-fast-helmet-grey,54990,54990,si,4,https://dojiw2m9tvv09.cloudfront.net/59007/product/captura-de-pantalla-2025-09-16-1606042318.png
2026-10-07,15:41:47,gogogo,YAKEDA - Lightweight Fast Helmet (OD),https://www.gogogo.cl/product/yakeda-lightweight-fast-helmet-od,54990,54990,si,3,https://dojiw2m9tvv09.cloudfront.net/59007/product/captura-de-pantalla-2025-09-16-1605586946.png
2026-10-07,15:41:47,gogogo,YAKEDA - Soporte de Proteccion Ocular para Casco (Mica Transparente),https://www.gogogo.cl/product/yakeda-soporte-de-proteccion-ocular-para-casco-mica-transparente,34990,34990,si,19,https://dojiw2m9tvv09.cloudfront.net/59007/product/captura-de-pantalla-2026-06-26-1858153268.png
2026-10-07,15:41:47,gogogo,AK Chest Rig (Coyote),https://www.gogogo.cl/product/ak-chest-rig-coyote,24990,24990,si,4,https://dojiw2m9tvv09.cloudfront.net/59007/product/nw-lancertacticalchestrigcoy117821.jpg
2026-10-07,15:41:47,gogogo,Arnés de Pecho para Celular,https://www.gogogo.cl/product/arnes-de-pecho-para-celular,9990,9990,si,8,https://dojiw2m9tvv09.cloudfront.net/59007/product/captura-de-pantalla-2026-07-27-1732417736.png
2026-10-07,15:41:47,gogogo,Chaleco Ciras (Multicam),https://www.gogogo.cl/product/chaleco-ciras-multicam,34990,34990,si,3,https://dojiw2m9tvv09.cloudfront.net/59007/product/nw-chalecocirasvest-mc2356.jpg
2026-10-07,15:41:47,gogogo,Chaleco Ciras (Verde),https://www.gogogo.cl/product/chaleco-ciras-verde,34990,34990,si,4,https://dojiw2m9tvv09.cloudfront.net/59007/product/nw-chalecocirasvest-od2403.jpg
2026-10-07,15:41:47,gogogo,Chaleco FSBE 2 - Negro,https://www.gogogo.cl/product/chaleco-fsbe-2-negro,26990,26990,si,4,https://dojiw2m9tvv09.cloudfront.net/59007/product/nw-chalecofsbe2-bk7920.jpg
2026-10-07,15:41:47,gogogo,Chaleco FSBE 2 - Verde,https://www.gogogo.cl/product/chaleco-fsbe-2-verde,26990,26990,si,3,https://dojiw2m9tvv09.cloudfront.net/59007/product/nw-chalecofsbe2-od7942.jpg
2026-10-07,15:41:47,gogogo,Chaleco FSBE2 - Coyote,https://www.gogogo.cl/product/chaleco-fsbe2-coyote,26990,26990,si,5,https://dojiw2m9tvv09.cloudfront.net/59007/product/nw-chalecofsbe2-coy7884.jpg
2026-10-07,15:41:47,gogogo,Chaleco JPC (Coyote),https://www.gogogo.cl/product/chaleco-jpc-coyote,27990,27990,si,4,https://dojiw2m9tvv09.cloudfront.net/59007/product/nw-chalecojpc-coy19302.jpg
2026-10-07,15:41:47,gogogo,Chaleco JPC (Negro),https://www.gogogo.cl/product/chaleco-jpc-negro,27990,27990,si,4,https://dojiw2m9tvv09.cloudfront.net/59007/product/nw-chalecojpc-bk19330.jpg
2026-10-07,15:41:47,gogogo,Chest Rig D3CR V2 (Coyote),https://www.gogogo.cl/product/chest-rig-d3cr-v2-coyote,29990,29990,si,1,https://dojiw2m9tvv09.cloudfront.net/59007/product/nw-chest-rig-d3cr-a-coy2763.jpg
2026-10-07,15:41:47,gogogo,EMERSON GEAR - FRAME PLATE CARRIER (PINK / BLACK),https://www.gogogo.cl/product/emerson-gear-frame-plate-carrier-pink-black,71994,119990,si,1,https://dojiw2m9tvv09.cloudfront.net/59007/product/emerson-gear-frame-plate-carrier-pink-em7364p5497.jpg
2026-10-07,15:41:47,gogogo,SOETAC - V046 Plate Carrier (Coyote),https://www.gogogo.cl/product/soetac-v046-plate-carrier-coyote,34990,34990,si,3,https://dojiw2m9tvv09.cloudfront.net/59007/product/nw-soetacv046platecarrier-coy9467.jpg
2026-10-07,15:41:47,gogogo,SOETAC - V046 Plate Carrier (Multicam),https://www.gogogo.cl/product/soetac-v046-plate-carrier-multicam,34990,34990,si,1,https://dojiw2m9tvv09.cloudfront.net/59007/product/nw-soetacv046platecarrier-mc9519.jpg
2026-10-07,15:41:47,gogogo,SOETAC - V046 Plate Carrier (Verde),https://www.gogogo.cl/product/soetac-v046-plate-carrier-verde,34990,34990,si,1,https://dojiw2m9tvv09.cloudfront.net/59007/product/nw-soetacv046platecarrier-od9616.jpg
2026-10-07,15:41:47,gogogo,Tactical Compact Chest Rig (Tan),https://www.gogogo.cl/product/tactical-compact-chest-rig-tan,12720,15900,si,4,https://dojiw2m9tvv09.cloudfront.net/59007/product/nw-tacticalcompactchestrig-tan05137.jpg
2026-10-07,15:41:47,gogogo,Vest Plate XL (Coyote),https://www.gogogo.cl/product/vest-plate-xl-coyote,34990,34990,si,4,https://dojiw2m9tvv09.cloudfront.net/59007/product/nw-chalecovestplatexl-coy1350.jpg
2026-10-07,15:41:47,gogogo,Vest Plate XL (Negro),https://www.gogogo.cl/product/vest-plate-xl-negro,34990,34990,si,2,https://dojiw2m9tvv09.cloudfront.net/59007/product/nw-chalecovestplatexl-bk1370.jpg
2026-10-07,15:41:47,gogogo,YAKEDA - Chaleco Porta Placa QD VT-6094A (Coyote),https://www.gogogo.cl/product/yakeda-chaleco-porta-placa-qd-vt-6094a-coyote,99990,99990,si,1,https://dojiw2m9tvv09.cloudfront.net/59007/product/captura-de-pantalla-2025-03-12-1828376815.png
2026-10-07,15:41:47,gogogo,YAKEDA - Chaleco Porta Placa QD VT-6094A (Negro),https://www.gogogo.cl/product/yakeda-chaleco-porta-placa-qd-vt-6094a-negro,99990,99990,si,2,https://dojiw2m9tvv09.cloudfront.net/59007/product/16541.png
2026-10-07,15:41:47,gogogo,YAKEDA - Chaleco Porta Placa VT-6026-1 (Gris),https://www.gogogo.cl/product/yakeda-chaleco-porta-placa-vt-6026-1-gris,79990,79990,si,2,https://dojiw2m9tvv09.cloudfront.net/59007/product/captura-de-pantalla-2025-09-16-1632334154.png
2026-10-07,15:41:47,gogogo,YAKEDA - Chaleco Porta Placa VT-6026-1 (OD),https://www.gogogo.cl/product/yakeda-chaleco-porta-placa-vt-6026-1-od,79990,79990,si,2,https://dojiw2m9tvv09.cloudfront.net/59007/product/captura-de-pantalla-2025-09-16-1639144000.png
2026-10-07,15:41:47,gogogo,YAKEDA - Chaleco Porta Placa VT-6026-3 (Coyote),https://www.gogogo.cl/product/yakeda-chaleco-porta-placa-vt-6026-3-coyote,79990,79990,si,3,https://dojiw2m9tvv09.cloudfront.net/59007/product/18675.jpg
2026-10-07,15:41:47,gogogo,YAKEDA - Chaleco Porta Placa VT-6026-3 (FG),https://www.gogogo.cl/product/yakeda-chaleco-porta-placa-vt-6026-3-fg,79990,79990,si,2,https://dojiw2m9tvv09.cloudfront.net/59007/product/10430.jpg
2026-10-07,15:41:47,gogogo,YAKEDA - Chaleco Porta Placa VT-6026-3 (Multicam Black),https://www.gogogo.cl/product/yakeda-chaleco-porta-placa-vt-6026-3-multicam-black,79990,79990,si,4,https://dojiw2m9tvv09.cloudfront.net/59007/product/17946.jpg
2026-10-07,15:41:47,gogogo,YAKEDA - Chaleco Porta Placa VT-6026-3 (Multicam),https://www.gogogo.cl/product/yakeda-chaleco-porta-placa-vt-6026-3-multicam,79990,79990,si,4,https://dojiw2m9tvv09.cloudfront.net/59007/product/captura-de-pantalla-2025-09-16-1628564977.png
2026-10-07,15:41:47,gogogo,YAKEDA - Chaleco Porta Placa VT-6026-3 (Negro),https://www.gogogo.cl/product/yakeda-chaleco-porta-placa-vt-6026-3-negro,79990,79990,si,3,https://dojiw2m9tvv09.cloudfront.net/59007/product/17695.jpg
2026-10-07,15:41:47,gogogo,YAKEDA - Chaleco Porta Placa VT-6026-3 (Verde),https://www.gogogo.cl/product/yakeda-chaleco-porta-placa-vt-6026-3-verde,79990,79990,si,3,https://dojiw2m9tvv09.cloudfront.net/59007/product/16676.jpg
2026-10-07,15:41:47,gogogo,YAKEDA - Chaleco Porta Placa VT-6031-8 (Coyote),https://www.gogogo.cl/product/yakeda-chaleco-porta-placa-vt-6031-8-coyote,69990,69990,si,1,https://dojiw2m9tvv09.cloudfront.net/59007/product/captura-de-pantalla-2025-09-16-1800345688.png
2026-10-07,15:41:47,gogogo,YAKEDA - Chaleco Porta Placa VT-6031-8 (Multicam Tropic),https://www.gogogo.cl/product/yakeda-chaleco-porta-placa-vt-6031-8-multicam-tropic,69990,69990,si,2,https://dojiw2m9tvv09.cloudfront.net/59007/product/11268.jpg
2026-10-07,15:41:47,gogogo,YAKEDA - Chaleco Porta Placa VT-6031-8 (Negro),https://www.gogogo.cl/product/yakeda-chaleco-porta-placa-vt-6031-8-negro,69990,69990,si,3,https://dojiw2m9tvv09.cloudfront.net/59007/product/captura-de-pantalla-2025-03-12-1826408136.png
2026-10-07,15:41:47,gogogo,YAKEDA - Chaleco Porta Placa VT-6031-8 (OD),https://www.gogogo.cl/product/yakeda-chaleco-porta-placa-vt-6031-8-od,69990,69990,si,3,https://dojiw2m9tvv09.cloudfront.net/59007/product/captura-de-pantalla-2025-09-16-1801182269.png
2026-10-07,15:41:47,gogogo,YAKEDA - Chaleco Porta Placa VT-8426 (Multicam),https://www.gogogo.cl/product/yakeda-chaleco-porta-placa-vt-8426-multicam,99990,99990,si,1,https://dojiw2m9tvv09.cloudfront.net/59007/product/17840.jpg
2026-10-07,15:41:47,gogogo,YAKEDA - Chaleco Porta Placa VT-8426 (Negro),https://www.gogogo.cl/product/yakeda-chaleco-porta-placa-vt-8426-negro,99990,99990,si,5,https://dojiw2m9tvv09.cloudfront.net/59007/product/17622.jpg
2026-10-07,15:41:47,gogogo,YAKEDA - Chaleco Porta Placa VT-8833 (Negro),https://www.gogogo.cl/product/yakeda-chaleco-porta-placa-vt-8833-negro,99990,99990,si,3,https://dojiw2m9tvv09.cloudfront.net/59007/product/12057.jpg
2026-10-07,15:41:47,gogogo,YAKEDA - Chaleco Porta Placa VT-8833 (OD),https://www.gogogo.cl/product/yakeda-chaleco-porta-placa-vt-8833-od,99999,99999,si,2,https://dojiw2m9tvv09.cloudfront.net/59007/product/captura-de-pantalla-2025-09-16-1619555627.png
2026-10-07,15:41:47,gogogo,YAKEDA - Chaleco VT-8446 (Negro),https://www.gogogo.cl/product/yakeda-chaleco-vt-8446-negro,99990,99990,si,1,https://dojiw2m9tvv09.cloudfront.net/59007/product/10215.jpg
2026-10-07,15:41:47,gogogo,YAKEDA - Chaleco VT-8446 (Verde),https://www.gogogo.cl/product/yakeda-chaleco-vt-8446-verde,99990,99990,si,9,https://dojiw2m9tvv09.cloudfront.net/59007/product/19759.jpg
2026-10-07,15:41:47,gogogo,YAKEDA - Chest Rig D003,https://www.gogogo.cl/product/yakeda-chest-rig-d003,14990,14990,si,1,https://dojiw2m9tvv09.cloudfront.net/59007/product/captura-de-pantalla-2026-06-18-1903577410.png
2026-10-07,15:41:47,gogogo,YAKEDA - Chest Rig VT-8550 (Verde),https://www.gogogo.cl/product/yakeda-chest-rig-vt-8550-verde,79990,79990,si,2,https://dojiw2m9tvv09.cloudfront.net/59007/product/18081.jpg
2026-10-07,15:41:47,gogogo,YAKEDA - Chest Rig VT-OE006 (Negro),https://www.gogogo.cl/product/yakeda-chest-rig-vt-oe006-negro,49990,49990,si,5,https://dojiw2m9tvv09.cloudfront.net/59007/product/captura-de-pantalla-2026-06-23-1708022005.png
2026-10-07,15:41:47,gogogo,YAKEDA - Cinturon Primera Linea YD-2027 (Negro),https://www.gogogo.cl/product/yakeda-cinturon-primera-linea-yd-2027-negro,44990,44990,si,2,https://dojiw2m9tvv09.cloudfront.net/59007/product/captura-de-pantalla-2025-09-16-1642395643.png
2026-10-07,15:41:47,gogogo,YAKEDA - Cinturon Primera Linea YD-2027 (OD),https://www.gogogo.cl/product/yakeda-cinturon-primera-linea-yd-2027-od,44990,44990,si,1,https://dojiw2m9tvv09.cloudfront.net/59007/product/captura-de-pantalla-2025-09-16-1642320003.png
2026-10-07,15:41:47,gogogo,Correa Dos Puntas (Coyote),https://www.gogogo.cl/product/correa-dos-puntas-coyote,6990,6990,si,2,
2026-10-07,15:41:47,gogogo,Correa Dos Puntas con Hebilla Liberación Rápida (Coyote),https://www.gogogo.cl/product/correa-dos-puntas-con-hebilla-liberacion-rapida-coyote,9990,9990,si,9,https://dojiw2m9tvv09.cloudfront.net/59007/product/nw-correasling2punta-coy3876.jpg
2026-10-07,15:41:47,gogogo,Correa Dos Puntas con Hebilla Liberación Rápida (Negro),https://www.gogogo.cl/product/correa-dos-puntas-con-hebilla-liberacion-rapida-negro,9990,9990,si,11,https://dojiw2m9tvv09.cloudfront.net/59007/product/nw-correasling2punta-bk3910.jpg
2026-10-07,15:41:47,gogogo,Correa Dos Puntas con Hebilla Liberación Rápida (Verde),https://www.gogogo.cl/product/correa-dos-puntas-con-hebilla-liberacion-rapida-verde,9990,9990,si,10,https://dojiw2m9tvv09.cloudfront.net/59007/product/nw-correasling2punta-od3949.jpg
2026-10-07,15:41:47,gogogo,Correa MS3 Sling (Negro),https://www.gogogo.cl/product/correa-ms3-sling-negro,8900,8900,si,7,https://dojiw2m9tvv09.cloudfront.net/59007/product/nw-correams3sling-bk3868.jpg
2026-10-07,15:41:47,gogogo,Correa Una Punta (Coyote),https://www.gogogo.cl/product/correa-una-punta-coyote,6990,6990,si,11,https://dojiw2m9tvv09.cloudfront.net/59007/product/nw-correaunapunta-coy1001.jpg
2026-10-07,15:41:47,gogogo,Correa Una Punta con Hebilla Liberación Rápida (Coyote),https://www.gogogo.cl/product/correa-una-punta-con-hebilla-liberacion-rapida-coyote,9990,9990,si,29,https://dojiw2m9tvv09.cloudfront.net/59007/product/nw-correasling1punta-coy4985.jpg
2026-10-07,15:41:47,gogogo,Correa Una Punta con Hebilla Liberación Rápida (Negro),https://www.gogogo.cl/product/correa-una-punta-con-hebilla-liberacion-rapida-negro,9990,9990,si,16,https://dojiw2m9tvv09.cloudfront.net/59007/product/nw-correasling1punta-bk5029.jpg
2026-10-07,15:41:47,gogogo,Correa Una Punta con Hebilla Liberación Rápida (Verde),https://www.gogogo.cl/product/correa-una-punta-con-hebilla-liberacion-rapida-verde,9990,9990,si,20,https://dojiw2m9tvv09.cloudfront.net/59007/product/nw-correasling1punta-od5077.jpg
2026-10-07,15:41:47,gogogo,EMERSON GEAR - Correa 1 Punta Bungee (Coyote),https://www.gogogo.cl/product/emerson-gear-correa-1-punta-bungee-coyote,12990,12990,si,14,https://dojiw2m9tvv09.cloudfront.net/59007/product/17469.jpg
2026-10-07,15:41:47,gogogo,EMERSON GEAR - Correa 1 Punta Bungee (Negro),https://www.gogogo.cl/product/emerson-gear-correa-1-punta-bungee-negro,12990,12990,si,2,https://dojiw2m9tvv09.cloudfront.net/59007/product/15171.jpg
2026-10-07,15:41:47,gogogo,EMERSON GEAR - Correa 2 Punta Bungee (Coyote),https://www.gogogo.cl/product/emerson-gear-correa-2-punta-bungee-coyote,12990,12990,si,11,https://dojiw2m9tvv09.cloudfront.net/59007/product/14277.jpg
2026-10-07,15:41:47,gogogo,ROYAL - Correa 2 Puntas (Tan),https://www.gogogo.cl/product/royal-correa-2-puntas-tan,9990,9990,si,15,https://dojiw2m9tvv09.cloudfront.net/59007/product/18321.jpg
2026-10-07,15:41:47,gogogo,Save Sling (Verde),https://www.gogogo.cl/product/save-sling-verde,7900,7900,si,1,https://dojiw2m9tvv09.cloudfront.net/59007/product/nw-correaslaveod7854.jpg
2026-10-07,15:41:47,gogogo,WOSPORT - AK SLING (Black),https://www.gogogo.cl/product/wosport-ak-sling-black,9990,9990,si,8,https://dojiw2m9tvv09.cloudfront.net/59007/product/18799.jpg
2026-10-07,15:41:47,gogogo,WOSPORT - Sling 2 Puntas (Multicam),https://www.gogogo.cl/product/wosport-sling-2-puntas-multicam,14990,14990,si,7,https://dojiw2m9tvv09.cloudfront.net/59007/product/15594.jpg
2026-10-07,15:41:47,gogogo,Cinturón Hebilla Cobra (Coyote),https://www.gogogo.cl/product/cinturon-hebilla-cobra-coyote,8990,8990,si,11,https://dojiw2m9tvv09.cloudfront.net/59007/product/cobra-cy-v25783.jpg
2026-10-07,15:41:47,gogogo,Cinturón Hebilla Cobra (Negro),https://www.gogogo.cl/product/cinturon-hebilla-cobra-negro,8990,8990,si,9,https://dojiw2m9tvv09.cloudfront.net/59007/product/cobra-bk-v20102.jpg
2026-10-07,15:41:47,gogogo,Cinturón Hebilla Cobra (Verde),https://www.gogogo.cl/product/cinturon-hebilla-cobra-verde,8990,8990,si,15,https://dojiw2m9tvv09.cloudfront.net/59007/product/cobra-v26139.jpg
2026-10-07,15:41:47,gogogo,Cinturón Hebilla Cobra V2 (Verde),https://www.gogogo.cl/product/cinturon-hebilla-cobra-v2-verde,8990,8990,si,3,https://dojiw2m9tvv09.cloudfront.net/59007/product/captura-de-pantalla-2026-01-12-1442489599.png
2026-10-07,15:41:47,gogogo,Cinturón Rígido (Coyote),https://www.gogogo.cl/product/cinturon-rigido-coyote,5990,5990,si,1,
2026-10-07,15:41:47,gogogo,Cinturón Rígido (Verde),https://www.gogogo.cl/product/cinturon-rigido-verde,5990,5990,si,2,https://dojiw2m9tvv09.cloudfront.net/59007/product/nw-cinturonrigido-od7921.jpg
2026-10-07,15:41:47,gogogo,Cinturón Táctico Acolchado (Coyote),https://www.gogogo.cl/product/cinturon-tactico-acolchado-coyote,19990,19990,si,6,https://dojiw2m9tvv09.cloudfront.net/59007/product/nw-new-cinturon-acolchado-hebilla-plastica-coy19995.jpg
2026-10-07,15:41:47,gogogo,Cinturón Táctico Acolchado (Multicam),https://www.gogogo.cl/product/cinturon-tactico-acolchado-multicam,19990,19990,si,3,https://dojiw2m9tvv09.cloudfront.net/59007/product/nw-new-cinturon-acolchado-hebilla-plastica-mc18666.jpg
2026-10-07,15:41:47,gogogo,Cinturón Velcro Molle Talla L (Coyote),https://www.gogogo.cl/product/cinturon-velcro-molle-talla-l-coyote,16990,16990,si,19,https://dojiw2m9tvv09.cloudfront.net/59007/product/nw-cinturonvelcromolle-coy9383.jpg
2026-10-07,15:41:47,gogogo,Cinturón Velcro Molle Talla L (Negro),https://www.gogogo.cl/product/cinturon-velcro-molle-talla-l-negro,16990,16990,si,18,https://dojiw2m9tvv09.cloudfront.net/59007/product/nw-cinturonvelcromolle-bk9423.jpg
2026-10-07,15:41:47,gogogo,Cinturón Velcro Molle Talla L (Verde),https://www.gogogo.cl/product/cinturon-velcro-molle-talla-l-verde,16990,16990,si,18,https://dojiw2m9tvv09.cloudfront.net/59007/product/nw-cinturonvelcromolle-od9456.jpg
2026-10-07,15:41:47,gogogo,5AA - Botas Tacticas (Tan),https://www.gogogo.cl/product/5aa-botas-tacticas-tan,39990,39990,si,1,https://dojiw2m9tvv09.cloudfront.net/59007/product/captura-de-pantalla-2025-03-07-1647021924.png
2026-10-07,15:41:47,gogogo,Calceta Militar (Coyote),https://www.gogogo.cl/product/calceta-militar-coyote,1300,1300,si,10,https://dojiw2m9tvv09.cloudfront.net/59007/product/nw-calceta-coy1325.jpg
2026-10-07,15:41:47,gogogo,Calceta Militar (Negro),https://www.gogogo.cl/product/calceta-militar-negro,1300,1300,si,7,https://dojiw2m9tvv09.cloudfront.net/59007/product/nw-calceta-bk1244.jpg
2026-10-07,15:41:47,gogogo,Calceta Militar (Verde),https://www.gogogo.cl/product/calceta-militar-verde,1300,1300,si,18,https://dojiw2m9tvv09.cloudfront.net/59007/product/nw-calceta-od1292.jpg
2026-10-07,15:41:47,gogogo,Defender Tactical Boots (Coyote),https://www.gogogo.cl/product/defender-tactical-boots-coyote,38691,42990,si,6,https://dojiw2m9tvv09.cloudfront.net/59007/product/captura-de-pantalla-2025-03-07-1702010843.png
2026-10-07,15:41:47,gogogo,Defender Tactical Boots (Negro),https://www.gogogo.cl/product/defender-tactical-boots-negro,38691,42990,si,4,https://dojiw2m9tvv09.cloudfront.net/59007/product/captura-de-pantalla-2025-03-07-1701512578.png
2026-10-07,15:41:47,gogogo,DEFENSOR FOREVER - Botas Tacticas (Coyote),https://www.gogogo.cl/product/defensor-forever-botas-tacticas-coyote,39990,39990,si,2,https://dojiw2m9tvv09.cloudfront.net/59007/product/image-202407091312027623.jpg
2026-10-07,15:41:47,gogogo,DEFENSOR FOREVER - Botas Tacticas (Negro),https://www.gogogo.cl/product/defensor-forever-botas-tacticas-negro,39990,39990,si,3,https://dojiw2m9tvv09.cloudfront.net/59007/product/image-202407091312066776.jpg
2026-10-07,15:41:47,gogogo,DELTA - Botas (Coyote),https://www.gogogo.cl/product/delta-botas-coyote,32990,32990,si,10,https://dojiw2m9tvv09.cloudfront.net/59007/product/nw-botas-delta-tan19545.jpg
2026-10-07,15:41:47,gogogo,DELTA - Botas (Negro),https://www.gogogo.cl/product/delta-botas-negro,32990,32990,si,11,https://dojiw2m9tvv09.cloudfront.net/59007/product/nw-botas-delta-bk18904.jpg
2026-10-07,15:41:47,gogogo,DELTA - Botín (Coyote),https://www.gogogo.cl/product/delta-botin-coyote,29990,29990,si,12,https://dojiw2m9tvv09.cloudfront.net/59007/product/nw-botin-delta-coy13436.jpg
2026-10-07,15:41:47,gogogo,DELTA - Botín (Negro),https://www.gogogo.cl/product/delta-botin-negro,29990,29990,si,12,https://dojiw2m9tvv09.cloudfront.net/59007/product/nw-botindelta-bk8737.jpg
2026-10-07,15:41:47,gogogo,ESDY - Botas Tácticas (Coyote),https://www.gogogo.cl/product/esdy-botas-tacticas-coyote,44990,44990,si,7,https://dojiw2m9tvv09.cloudfront.net/59007/product/nw-botastacticasesdy-coy4567.jpg
2026-10-07,15:41:47,gogogo,ESDY - Botas Tácticas (Negro),https://www.gogogo.cl/product/esdy-botas-tacticas-negro,44990,44990,si,17,https://dojiw2m9tvv09.cloudfront.net/59007/product/nw-botastacticasesdy-bk4298.jpg
2026-10-07,15:41:47,gogogo,ESDY - Botin Multiproposito (Negro),https://www.gogogo.cl/product/esdy-botin-multiproposito-negro,42990,42990,si,7,https://dojiw2m9tvv09.cloudfront.net/59007/product/captura-de-pantalla-2025-08-05-1643079548.png
2026-10-07,15:41:47,gogogo,ESDY - Botín Táctico (Coyote),https://www.gogogo.cl/product/esdy-botin-tactico-coyote,39990,39990,si,19,https://dojiw2m9tvv09.cloudfront.net/59007/product/nw-botinesdy-coy1494.jpg
2026-10-07,15:41:47,gogogo,ESDY - Botín Táctico (Negro),https://www.gogogo.cl/product/esdy-botin-tactico-negro,39990,39990,si,22,https://dojiw2m9tvv09.cloudfront.net/59007/product/nw-botin-esdy-bk23536.jpg
2026-10-07,15:41:47,gogogo,MAERCANSON - Zapatilla (Khaki)(Talla 40),https://www.gogogo.cl/product/maercanson-zapatilla-khaki-talla-40,29990,29990,si,1,https://dojiw2m9tvv09.cloudfront.net/59007/product/photoroom-20241024-1511536550.png
2026-10-07,15:41:47,gogogo,MAGNMN - Classic Tac Spec (Negro),https://www.gogogo.cl/product/magnmn-classic-tac-spec-negro,31493,44990,si,1,https://dojiw2m9tvv09.cloudfront.net/59007/product/nw-botas-tacticas-bk40903.jpg
2026-10-07,15:41:47,gogogo,Zapatilla Ligera Outdoor (Negro),https://www.gogogo.cl/product/zapatilla-ligera-outdoor-negro,24990,24990,si,1,https://dojiw2m9tvv09.cloudfront.net/59007/product/20577.png
2026-10-07,15:41:47,gogogo,ARMORED CLAW - Accuracy Cut Hot Weather (Black),https://www.gogogo.cl/product/armored-claw-accuracy-cut-hot-weather-black,15990,15990,si,6,https://dojiw2m9tvv09.cloudfront.net/59007/product/captura-de-pantalla-2025-12-11-1647445906.png
2026-10-07,15:41:47,gogogo,ARMORED CLAW - Accuracy Cut Hot Weather (OD),https://www.gogogo.cl/product/armored-claw-accuracy-cut-hot-weather-od,15990,15990,si,6,https://dojiw2m9tvv09.cloudfront.net/59007/product/captura-de-pantalla-2025-12-11-1647550419.png
2026-10-07,15:41:47,gogogo,ARMORED CLAW - Accuracy Cut Hot Weather (Tan),https://www.gogogo.cl/product/armored-claw-accuracy-cut-hot-weather-tan,15990,15990,si,5,https://dojiw2m9tvv09.cloudfront.net/59007/product/captura-de-pantalla-2025-12-11-1647509996.png
2026-10-07,15:41:47,gogogo,ARMORED CLAW - BattleFlex™ (Black),https://www.gogogo.cl/product/armored-claw-battleflex-black,18990,18990,si,2,https://dojiw2m9tvv09.cloudfront.net/59007/product/captura-de-pantalla-2025-12-11-1651297785.png
2026-10-07,15:41:47,gogogo,ARMORED CLAW - Breacher (Black),https://www.gogogo.cl/product/armored-claw-breacher-black,32990,32990,si,3,https://dojiw2m9tvv09.cloudfront.net/59007/product/captura-de-pantalla-2025-12-11-1651479485.png
2026-10-07,15:41:47,gogogo,ARMORED CLAW - CovertPro Hot Weather (OD),https://www.gogogo.cl/product/armored-claw-covertpro-hot-weather-od,16990,16990,si,2,https://dojiw2m9tvv09.cloudfront.net/59007/product/captura-de-pantalla-2025-12-11-1653240514.png
2026-10-07,15:41:47,gogogo,ARMORED CLAW - CovertPro™ (OD),https://www.gogogo.cl/product/armored-claw-covertpro-od,16990,16990,si,2,https://dojiw2m9tvv09.cloudfront.net/59007/product/captura-de-pantalla-2025-12-11-1654311171.png
2026-10-07,15:41:47,gogogo,ARMORED CLAW - Quick Release™ Hot Weather (Black),https://www.gogogo.cl/product/armored-claw-quick-release-hot-weather-black,16990,16990,si,4,https://dojiw2m9tvv09.cloudfront.net/59007/product/captura-de-pantalla-2025-12-11-1655379563.png
2026-10-07,15:41:47,gogogo,ARMORED CLAW - Shield Flex™ (Black),https://www.gogogo.cl/product/armored-claw-shield-flex-black,18990,18990,si,1,https://dojiw2m9tvv09.cloudfront.net/59007/product/captura-de-pantalla-2025-12-11-1656366662.png
2026-10-07,15:41:47,gogogo,ARMORED CLAW - Shield Flex™ Cut Hot Weather (Black),https://www.gogogo.cl/product/armored-claw-shield-flex-cut-hot-weather-black,15990,15990,si,2,https://dojiw2m9tvv09.cloudfront.net/59007/product/captura-de-pantalla-2025-12-11-1657386223.png
2026-10-07,15:41:47,gogogo,ESDY - Guantes Tácticos (Verde),https://www.gogogo.cl/product/esdy-guantes-tacticos-verde,11900,11900,si,17,https://dojiw2m9tvv09.cloudfront.net/59007/product/nw-guantestacticosesdy-od1480.jpg
2026-10-07,15:41:47,gogogo,ESDY - Guantes Tipo Impact (Coyote),https://www.gogogo.cl/product/esdy-guantes-tipo-impact-coyote,12900,12900,si,5,https://dojiw2m9tvv09.cloudfront.net/59007/product/nw-guantesesdytipompact-coy1188.jpg
2026-10-07,15:41:47,gogogo,ESDY - Guantes Tipo Impact (Negro),https://www.gogogo.cl/product/esdy-guantes-tipo-impact-negro,12900,12900,si,4,https://dojiw2m9tvv09.cloudfront.net/59007/product/nw-guantesesdytipompact-bk1254.jpg
2026-10-07,15:41:47,gogogo,ESDY - Guantes Tipo Impact (Verde),https://www.gogogo.cl/product/esdy-guantes-tipo-impact-verde,12900,12900,si,10,https://dojiw2m9tvv09.cloudfront.net/59007/product/nw-guantesesdytipompact-od1283.jpg
2026-10-07,15:41:47,gogogo,Guantes Advanced Protection (Negro),https://www.gogogo.cl/product/guantes-advanced-protection-negro,12990,12990,si,10,https://dojiw2m9tvv09.cloudfront.net/59007/product/nw-guantes-tacticos-anti-slip-bk14478.jpg
2026-10-07,15:41:47,gogogo,Guantes Motocicleta (Naranjo),https://www.gogogo.cl/product/guantes-motocicleta-naranjo,9990,9990,si,3,
2026-10-07,15:41:47,gogogo,Guantes Motocicleta (Rojo),https://www.gogogo.cl/product/guantes-motocicleta-rojo,9990,9990,si,3,
2026-10-07,15:41:47,gogogo,Guantes Motocicleta (Verde),https://www.gogogo.cl/product/guantes-motocicleta-verde,9990,9990,si,3,
2026-10-07,15:41:47,gogogo,Guantes Nudillo (Coyote),https://www.gogogo.cl/product/guantes-nudillo-coyote,9990,9990,si,7,https://dojiw2m9tvv09.cloudfront.net/59007/product/nw-guantenudillo-coy0625.jpg
2026-10-07,15:41:47,gogogo,Guantes Nudillo (Negro),https://www.gogogo.cl/product/guantes-nudillo-negro,9990,9990,si,24,https://dojiw2m9tvv09.cloudfront.net/59007/product/nw-guantenudillo-bk0698.jpg
2026-10-07,15:41:47,gogogo,Guantes Nudillo (Verde),https://www.gogogo.cl/product/guantes-nudillo-verde,9990,9990,si,3,https://dojiw2m9tvv09.cloudfront.net/59007/product/nw-guantenudillo-od0771.jpg
2026-10-07,15:41:47,gogogo,Guantes Nudillo Corto (Coyote),https://www.gogogo.cl/product/guantes-nudillo-corto-coyote,9990,9990,si,8,https://dojiw2m9tvv09.cloudfront.net/59007/product/nw-guantenudillocorto-coy0858.jpg
2026-10-07,15:41:47,gogogo,Guantes Nudillo Corto (Negro),https://www.gogogo.cl/product/guantes-nudillo-corto-negro,9990,9990,si,4,https://dojiw2m9tvv09.cloudfront.net/59007/product/nw-guantenudillocorto-bk0886.jpg
2026-10-07,15:41:47,gogogo,Guantes Nudillo Corto (Verde),https://www.gogogo.cl/product/guantes-nudillo-corto-verde,9990,9990,si,3,https://dojiw2m9tvv09.cloudfront.net/59007/product/nw-guantenudillocorto-od0918.jpg
2026-10-07,15:41:47,gogogo,Guantes Nudillo Corto V2 (Coyote),https://www.gogogo.cl/product/guantes-nudillo-corto-v2-coyote,9990,9990,si,5,https://dojiw2m9tvv09.cloudfront.net/59007/product/captura-de-pantalla-2026-04-23-1658417977.png
2026-10-07,15:41:47,gogogo,Guantes Nudillo Corto V2 (Negro),https://www.gogogo.cl/product/guantes-nudillo-corto-v2-negro,9990,9990,si,1,https://dojiw2m9tvv09.cloudfront.net/59007/product/captura-de-pantalla-2026-04-23-1658371029.png
2026-10-07,15:41:47,gogogo,Guantes Nudillo Corto V2 (Verde),https://www.gogogo.cl/product/guantes-nudillo-corto-v2-verde,9990,9990,si,8,https://dojiw2m9tvv09.cloudfront.net/59007/product/captura-de-pantalla-2026-04-23-1658314030.png
2026-10-07,15:41:47,gogogo,Guantes Nudillo V2 (Coyote),https://www.gogogo.cl/product/guantes-nudillo-v2-coyote,9990,9990,si,7,https://dojiw2m9tvv09.cloudfront.net/59007/product/captura-de-pantalla-2026-04-23-1657339881.png
2026-10-07,15:41:47,gogogo,Guantes Nudillo V2 (Verde),https://www.gogogo.cl/product/guantes-nudillo-v2-verde,9990,9990,si,8,https://dojiw2m9tvv09.cloudfront.net/59007/product/captura-de-pantalla-2026-04-23-1657132696.png
2026-10-07,15:41:47,gogogo,Guantes Tipo Blackhawk (Coyote),https://www.gogogo.cl/product/guantes-tipo-blackhawk-coyote,9900,9900,si,2,https://dojiw2m9tvv09.cloudfront.net/59007/product/nw-guantetipoblackhawk-coy4166.jpg
2026-10-07,15:41:47,gogogo,Guantes Tipo Blackhawk (Negro),https://www.gogogo.cl/product/guantes-tipo-blackhawk-negro,9900,9900,si,12,https://dojiw2m9tvv09.cloudfront.net/59007/product/nw-guantetipoblackhawk-bk4208.jpg
2026-10-07,15:41:47,gogogo,Guantes Tipo Blackhawk Corto (Coyote),https://www.gogogo.cl/product/guantes-tipo-blackhawk-corto-coyote,8990,8990,si,3,https://dojiw2m9tvv09.cloudfront.net/59007/product/nw-guante-tipo-blackhawk-sin-dedos-tan0610.jpg
2026-10-07,15:41:47,gogogo,Guantes Tipo Blackhawk Corto (Negro),https://www.gogogo.cl/product/guantes-tipo-blackhawk-corto-negro,8990,8990,si,6,https://dojiw2m9tvv09.cloudfront.net/59007/product/nw-guante-tipo-blackhawk-sin-dedos-bk0485.jpg
2026-10-07,15:41:47,gogogo,Hard Tac Gloves (Coyote),https://www.gogogo.cl/product/hard-tac-gloves-coyote,12990,12990,si,10,https://dojiw2m9tvv09.cloudfront.net/59007/product/nw-guante-tactico-a-coy7511.jpg
2026-10-07,15:41:47,gogogo,Hard Tac Gloves (Negro),https://www.gogogo.cl/product/hard-tac-gloves-negro,12990,12990,si,11,https://dojiw2m9tvv09.cloudfront.net/59007/product/nw-guante-tactico-a-bk5925.jpg
2026-10-07,15:41:47,gogogo,Hard Tac Gloves (Verde),https://www.gogogo.cl/product/hard-tac-gloves-verde,12990,12990,si,8,https://dojiw2m9tvv09.cloudfront.net/59007/product/nw-guante-tactico-a-od2706.jpg
2026-10-07,15:41:47,gogogo,Tactical Operator Gloves Type A (Negro),https://www.gogogo.cl/product/tactical-operator-gloves-type-a-negro,18990,18990,si,7,https://dojiw2m9tvv09.cloudfront.net/59007/product/captura-de-pantalla-2025-03-07-1706344471.png
2026-10-07,15:41:47,gogogo,Tactical Operator Gloves Type A (Verde),https://www.gogogo.cl/product/tactical-operator-gloves-type-a-verde,18990,18990,si,1,https://dojiw2m9tvv09.cloudfront.net/59007/product/captura-de-pantalla-2025-03-07-1706274962.png
2026-10-07,15:41:47,gogogo,Tactical Operator Gloves Type B (Coyote),https://www.gogogo.cl/product/tactical-operator-gloves-type-b-coyote,18990,18990,si,4,https://dojiw2m9tvv09.cloudfront.net/59007/product/captura-de-pantalla-2025-03-07-1710081341.png
2026-10-07,15:41:47,gogogo,WALL LIZARD - Tactical Gloves (OD),https://www.gogogo.cl/product/wall-lizard-tactical-gloves-od,18990,18990,si,4,https://dojiw2m9tvv09.cloudfront.net/59007/product/captura-de-pantalla-2024-10-28-1712022057.png
2026-10-07,15:41:47,gogogo,Bonnie (Beige),https://www.gogogo.cl/product/bonnie-beige,5900,5900,si,1,https://dojiw2m9tvv09.cloudfront.net/59007/product/nw-bonnie-coyotetanbeige2604.jpg
2026-10-07,15:41:47,gogogo,Bonnie (Black),https://www.gogogo.cl/product/bonnie-black,5900,5900,si,7,https://dojiw2m9tvv09.cloudfront.net/59007/product/bonnie-negro0333.jpg
2026-10-07,15:41:47,gogogo,Bonnie (Digital Desert),https://www.gogogo.cl/product/bonnie-digital-desert,5900,5900,si,1,https://dojiw2m9tvv09.cloudfront.net/59007/product/nw-bonnie-dd9066.jpg
2026-10-07,15:41:47,gogogo,Bonnie (Multicam Tropic),https://www.gogogo.cl/product/bonnie-multicam-tropic,5990,5990,si,2,https://dojiw2m9tvv09.cloudfront.net/59007/product/bonnie-hat-multicam-tropic-wr6340.jpg
2026-10-07,15:41:47,gogogo,Bonnie (OD),https://www.gogogo.cl/product/bonnie-od,5900,5900,si,3,https://dojiw2m9tvv09.cloudfront.net/59007/product/nw-bonnie-od9109.jpg
2026-10-07,15:41:47,gogogo,ESDY - Gorro Polar (Coyote),https://www.gogogo.cl/product/esdy-gorro-polar-coyote,3900,3900,si,10,https://dojiw2m9tvv09.cloudfront.net/59007/product/nw-gorropolaresdy-coy3912.jpg
2026-10-07,15:41:47,gogogo,ESDY - Gorro Polar (Negro),https://www.gogogo.cl/product/esdy-gorro-polar-negro,3900,3900,si,10,https://dojiw2m9tvv09.cloudfront.net/59007/product/nw-gorropolaresdy-bk3465.jpg
2026-10-07,15:41:47,gogogo,Gorro Polar (Multicam),https://www.gogogo.cl/product/gorro-polar-multicam,3990,3990,si,10,https://dojiw2m9tvv09.cloudfront.net/59007/product/nw-gorro-polar-a-mc2184.jpg
2026-10-07,15:41:47,gogogo,Jockey (Coyote),https://www.gogogo.cl/product/jockey-coyote,5990,5990,si,11,
2026-10-07,15:41:47,gogogo,Jockey (Digital Desert),https://www.gogogo.cl/product/jockey-digital-desert,5990,5990,si,3,https://dojiw2m9tvv09.cloudfront.net/59007/product/captura-de-pantalla-2025-05-19-1434116876.png
2026-10-07,15:41:47,gogogo,Jockey (Marpat),https://www.gogogo.cl/product/jockey-marpat,5990,5990,si,4,https://dojiw2m9tvv09.cloudfront.net/59007/product/nw-jockey-marpat16559.jpg
2026-10-07,15:41:47,gogogo,Jockey (Multicam Black),https://www.gogogo.cl/product/jockey-multicam-black,5990,5990,si,6,https://dojiw2m9tvv09.cloudfront.net/59007/product/nw-jockey-mcbk5868.jpg
2026-10-07,15:41:47,gogogo,Jockey (Negro),https://www.gogogo.cl/product/jockey-negro,5990,5990,si,5,https://dojiw2m9tvv09.cloudfront.net/59007/product/nw-jockey-bk1550.jpg
2026-10-07,15:41:47,gogogo,Jockey (Tan),https://www.gogogo.cl/product/jockey-tan,5990,5990,si,4,https://dojiw2m9tvv09.cloudfront.net/59007/product/nw-jockey-tan07601.jpg
2026-10-07,15:41:47,gogogo,Jockey (Woodland),https://www.gogogo.cl/product/jockey-woodland,5990,5990,si,9,https://dojiw2m9tvv09.cloudfront.net/59007/product/nw-jockey-woodland2511.jpg
2026-10-07,15:41:47,gogogo,Jockey con Malla (Marpat),https://www.gogogo.cl/product/jockey-con-malla-marpat,5990,5990,si,1,https://dojiw2m9tvv09.cloudfront.net/59007/product/captura-de-pantalla-2025-05-29-1405264744.png
2026-10-07,15:41:47,gogogo,Jockey con Malla (Multicam Tropic),https://www.gogogo.cl/product/jockey-con-malla-multicam-tropic,5990,5990,si,3,https://dojiw2m9tvv09.cloudfront.net/59007/product/captura-de-pantalla-2025-05-19-1416105604.png
2026-10-07,15:41:47,gogogo,Jockey Police (Negro),https://www.gogogo.cl/product/jockey-police-negro,5990,5990,si,3,https://dojiw2m9tvv09.cloudfront.net/59007/product/nw-jockey-police0762.jpg
2026-10-07,15:41:47,gogogo,Jockey Punisher con Malla (FG),https://www.gogogo.cl/product/jockey-punisher-con-malla-fg,5990,5990,si,2,https://dojiw2m9tvv09.cloudfront.net/59007/product/nw-jockey-fgpns1165.jpg
2026-10-07,15:41:47,gogogo,Jockey Punisher con Malla (Multicam Arid),https://www.gogogo.cl/product/jockey-punisher-con-malla-multicam-arid,5990,5990,si,7,https://dojiw2m9tvv09.cloudfront.net/59007/product/captura-de-pantalla-2024-07-03-1837427276.png
2026-10-07,15:41:47,gogogo,Jockey Punisher con Malla (Multicam Black),https://www.gogogo.cl/product/jockey-punisher-con-malla-multicam-black,5990,5990,si,7,https://dojiw2m9tvv09.cloudfront.net/59007/product/nw-jockey-mcbkpns1131.jpg
2026-10-07,15:41:47,gogogo,Pouch Utilitario V2 (Verde),https://www.gogogo.cl/product/pouch-utilitario-v2-verde,5990,5990,si,3,https://dojiw2m9tvv09.cloudfront.net/59007/product/nw-pouch-utilitario-v2-od4028.jpg
2026-10-07,15:41:47,gogogo,Antiparras Táctica 3 Micas (Negro),https://www.gogogo.cl/product/antiparras-tactica-3-micas-negro,11990,11990,si,28,https://dojiw2m9tvv09.cloudfront.net/59007/product/nw-antiparras3micas-bk4826.jpg
2026-10-07,15:41:47,gogogo,Antiparras Táctica 3 Micas (Tan),https://www.gogogo.cl/product/antiparras-tactica-3-micas-tan,11990,11990,si,12,https://dojiw2m9tvv09.cloudfront.net/59007/product/nw-antiparras3micas-tan15269.jpg
2026-10-07,15:41:47,gogogo,Antiparras Táctica 3 Micas (Verde),https://www.gogogo.cl/product/antiparras-tactica-3-micas-verde,11990,11990,si,3,https://dojiw2m9tvv09.cloudfront.net/59007/product/nw-antiparras3micas-od4931.jpg
2026-10-07,15:41:47,gogogo,Gafas Crossbow 3 Micas (Negro),https://www.gogogo.cl/product/gafas-crossbow-3-micas-negro,12990,12990,si,10,https://dojiw2m9tvv09.cloudfront.net/59007/product/nw-gafas-poly-a-bk0701.jpg
2026-10-07,15:41:47,gogogo,Gafas Crossbow 3 Micas (Tan),https://www.gogogo.cl/product/gafas-crossbow-3-micas-tan,12990,12990,si,17,https://dojiw2m9tvv09.cloudfront.net/59007/product/nw-gafas-poly-a-tan18484.jpg
2026-10-07,15:41:47,gogogo,Mascara Rejilla Acolchada (Coyote),https://www.gogogo.cl/product/mascara-rejilla-acolchada-coyote,9990,9990,si,33,https://dojiw2m9tvv09.cloudfront.net/59007/product/nw-mascaraacolchada-coy7794.jpg
2026-10-07,15:41:47,gogogo,Mascara Rejilla Acolchada (DCU),https://www.gogogo.cl/product/mascara-rejilla-acolchada-dcu,14990,14990,si,9,https://dojiw2m9tvv09.cloudfront.net/59007/product/captura-de-pantalla-2026-06-03-1322491734.png
2026-10-07,15:41:47,gogogo,Mascara Rejilla Acolchada (FG),https://www.gogogo.cl/product/mascara-rejilla-acolchada-fg,14990,14990,si,10,https://dojiw2m9tvv09.cloudfront.net/59007/product/captura-de-pantalla-2026-06-02-1900538051.png
2026-10-07,15:41:47,gogogo,Mascara Rejilla Acolchada (Multicam Black),https://www.gogogo.cl/product/mascara-rejilla-acolchada-multicam-black,14990,14990,si,4,https://dojiw2m9tvv09.cloudfront.net/59007/product/gemini-generated-image-s1dlmvs1dlmvs1dl3583.png
2026-10-07,15:41:47,gogogo,Mascara Rejilla Acolchada (Multicam),https://www.gogogo.cl/product/mascara-rejilla-acolchada-multicam,14990,14990,si,17,https://dojiw2m9tvv09.cloudfront.net/59007/product/captura-de-pantalla-2026-06-02-1900357528.png
2026-10-07,15:41:47,gogogo,Mascara Rejilla Acolchada (Negro),https://www.gogogo.cl/product/mascara-rejilla-acolchada-negro,9990,9990,si,10,https://dojiw2m9tvv09.cloudfront.net/59007/product/nw-mascaraacolchada-bk7722.jpg
2026-10-07,15:41:47,gogogo,Mascara Rejilla Acolchada (Verde),https://www.gogogo.cl/product/mascara-rejilla-acolchada-verde,9990,9990,si,18,https://dojiw2m9tvv09.cloudfront.net/59007/product/nw-mascaraacolchada-od7849.jpg
2026-10-07,15:41:47,gogogo,Mascara Rejilla Acolchada (Woodland),https://www.gogogo.cl/product/mascara-rejilla-acolchada-woodland,14990,14990,si,10,https://dojiw2m9tvv09.cloudfront.net/59007/product/captura-de-pantalla-2026-06-02-1900470517.png
2026-10-07,15:41:47,gogogo,Mascara Rejilla Simple (Coyote),https://www.gogogo.cl/product/mascara-rejilla-simple-coyote,6990,6990,si,20,https://dojiw2m9tvv09.cloudfront.net/59007/product/nw-mascararejilla-coy17484.jpg
2026-10-07,15:41:47,gogogo,Mascara Rejilla Simple (Negro),https://www.gogogo.cl/product/mascara-rejilla-simple-negro,6990,6990,si,14,https://dojiw2m9tvv09.cloudfront.net/59007/product/nw-mascararejilla-bk7249.jpg
2026-10-07,15:41:47,gogogo,Mascara Rejilla Simple (Verde),https://www.gogogo.cl/product/mascara-rejilla-simple-verde,6990,6990,si,18,https://dojiw2m9tvv09.cloudfront.net/59007/product/nw-mascararejilla-od7546.jpg
2026-10-07,15:41:47,gogogo,PYRAMEX - HIGHLANDER Plus Anti-Fog Safety Glasses (Mica Clara),https://www.gogogo.cl/product/pyramex-highlander-plus-anti-fog-safety-glasses-mica-clara,24990,24990,si,1,https://dojiw2m9tvv09.cloudfront.net/59007/product/17861.jpg
2026-10-07,15:41:47,gogogo,PYRAMEX - Venture 3 Protective glasses anti-fog (Mica Gris),https://www.gogogo.cl/product/pyramex-venture-3-protective-glasses-anti-fog-mica-gris,16990,16990,si,7,https://dojiw2m9tvv09.cloudfront.net/59007/product/12671.jpg
2026-10-07,15:41:47,gogogo,ROYAL - Mascara Half-Face Skull (Tan),https://www.gogogo.cl/product/royal-mascara-half-face-skull-tan,12990,12990,si,3,https://dojiw2m9tvv09.cloudfront.net/59007/product/18734.jpg
2026-10-07,15:41:47,gogogo,STEELPRO - Gafas Delta (Mica Gris),https://www.gogogo.cl/product/steelpro-gafas-delta-mica-gris,10990,10990,si,7,https://dojiw2m9tvv09.cloudfront.net/59007/product/nw-delta-oscura7670.jpg
2026-10-07,15:41:47,gogogo,STEELPRO - Gafas Nexis (Mica Clara),https://www.gogogo.cl/product/steelpro-gafas-nexis-mica-clara,5990,5990,si,38,https://dojiw2m9tvv09.cloudfront.net/59007/product/nw-nexis-claras9053.jpg
2026-10-07,15:41:47,gogogo,STEELPRO - Gafas Nexis (Mica Gris),https://www.gogogo.cl/product/steelpro-gafas-nexis-mica-gris,5990,5990,si,39,https://dojiw2m9tvv09.cloudfront.net/59007/product/nw-nexis-gris9102.jpg
2026-10-07,15:41:47,gogogo,STEELPRO - Gafas Turbine (GT),https://www.gogogo.cl/product/steelpro-gafas-turbine-gt,12990,12990,si,4,https://dojiw2m9tvv09.cloudfront.net/59007/product/nw-turbine-gt9339.jpg
2026-10-07,15:41:47,gogogo,STEELPRO - X5 Dual (Mica Gris),https://www.gogogo.cl/product/steelpro-x5-dual-mica-gris,10990,10990,si,1,https://dojiw2m9tvv09.cloudfront.net/59007/product/x59898.jpg
2026-10-07,15:41:47,gogogo,WILEY X - Saber Advanced 302 (Grey),https://www.gogogo.cl/product/wiley-x-saber-advanced-302-grey,44990,44990,si,2,https://dojiw2m9tvv09.cloudfront.net/59007/product/18087.jpg
2026-10-07,15:41:47,gogogo,WILEY X - Saber Advanced 308 (3 Micas) (Black),https://www.gogogo.cl/product/wiley-x-saber-advanced-308-3-micas-black,69990,69990,si,2,https://dojiw2m9tvv09.cloudfront.net/59007/product/nw-wileysaber3micas-11209.jpg
2026-10-07,15:41:47,gogogo,YAKEDA - Mascara Fullface Mica Amarilla (Coyote),https://www.gogogo.cl/product/yakeda-mascara-fullface-mica-amarilla-coyote,25990,25990,si,3,https://dojiw2m9tvv09.cloudfront.net/59007/product/captura-de-pantalla-2025-09-16-1559465440.png
2026-10-07,15:41:47,gogogo,YAKEDA - Mascara Fullface Mica Amarilla (Negro),https://www.gogogo.cl/product/yakeda-mascara-fullface-mica-amarilla-negro,25990,25990,si,24,https://dojiw2m9tvv09.cloudfront.net/59007/product/captura-de-pantalla-2025-09-16-1552468829.png
2026-10-07,15:41:47,gogogo,YAKEDA - Mascara Fullface Mica Clara (Coyote),https://www.gogogo.cl/product/yakeda-mascara-fullface-mica-clara-coyote,25990,25990,si,4,https://dojiw2m9tvv09.cloudfront.net/59007/product/captura-de-pantalla-2025-09-16-1559028482.png
2026-10-07,15:41:47,gogogo,YAKEDA - Mascara Fullface Mica Clara (Negro),https://www.gogogo.cl/product/yakeda-mascara-fullface-mica-clara-negro,25990,25990,si,15,https://dojiw2m9tvv09.cloudfront.net/59007/product/captura-de-pantalla-2025-09-16-1558555974.png
2026-10-07,15:41:47,gogogo,YAKEDA - Mascara Fullface Mica Gris (Coyote),https://www.gogogo.cl/product/yakeda-mascara-fullface-mica-gris-coyote,25990,25990,si,10,https://dojiw2m9tvv09.cloudfront.net/59007/product/captura-de-pantalla-2025-09-16-1552537892.png
2026-10-07,15:41:47,gogogo,YAKEDA - Mascara Fullface Mica Gris (Negro),https://www.gogogo.cl/product/yakeda-mascara-fullface-mica-gris-negro,25990,25990,si,22,https://dojiw2m9tvv09.cloudfront.net/59007/product/captura-de-pantalla-2025-09-16-1552392997.png
2026-10-07,15:41:47,gogogo,YAKEDA - Mica Repuesto Mascara Fullface (Amarilla),https://www.gogogo.cl/product/yakeda-mica-repuesto-mascara-fullface-amarilla,9990,9990,si,23,https://dojiw2m9tvv09.cloudfront.net/59007/product/captura-de-pantalla-2026-06-18-1859324256.png
2026-10-07,15:41:47,gogogo,YAKEDA - Mica Repuesto Mascara Fullface (Transparente),https://www.gogogo.cl/product/yakeda-mica-repuesto-mascara-fullface-transparente,9990,9990,si,21,https://dojiw2m9tvv09.cloudfront.net/59007/product/captura-de-pantalla-2026-06-18-1859222569.png
2026-10-07,15:41:47,gogogo,Banano Militar Molle Avanzado (Multicam),https://www.gogogo.cl/product/banano-militar-molle-avanzado-multicam,14990,14990,si,5,https://dojiw2m9tvv09.cloudfront.net/59007/product/16908.png
2026-10-07,15:41:47,gogogo,Banano Militar Molle Avanzado (Negro),https://www.gogogo.cl/product/banano-militar-molle-avanzado-negro,14990,14990,si,4,https://dojiw2m9tvv09.cloudfront.net/59007/product/nw-banano-grande-bk2542.jpg
2026-10-07,15:41:47,gogogo,Banano Militar Molle Avanzado (Verde),https://www.gogogo.cl/product/banano-militar-molle-avanzado-verde,14990,14990,si,4,https://dojiw2m9tvv09.cloudfront.net/59007/product/nw-banano-grande-od7235.jpg
2026-10-07,15:41:47,gogogo,Banano Porta Pistola (Coyote),https://www.gogogo.cl/product/banano-porta-pistola-coyote,12990,12990,si,2,https://dojiw2m9tvv09.cloudfront.net/59007/product/nw-banano-pistola-coy4578.jpg
2026-10-07,15:41:47,gogogo,Banano Porta Pistola (Negro),https://www.gogogo.cl/product/banano-porta-pistola-negro,12990,12990,si,2,https://dojiw2m9tvv09.cloudfront.net/59007/product/nw-banano-pistola-bk5834.jpg
2026-10-07,15:41:47,gogogo,Bolso Doble Modular (Negro),https://www.gogogo.cl/product/bolso-doble-modular-negro,35990,35990,si,13,https://dojiw2m9tvv09.cloudfront.net/59007/product/nw-bolsoportareplicamodular-bk2rifles0164.jpg
2026-10-07,15:41:47,gogogo,Bolso Doble Modular (OD),https://www.gogogo.cl/product/bolso-doble-modular-od,35990,35990,si,9,https://dojiw2m9tvv09.cloudfront.net/59007/product/doble-modular8145.jpg
2026-10-07,15:41:47,gogogo,Bolso Mochila 90L Impermeable,https://www.gogogo.cl/product/bolso-mochila-90l-impermeable,54990,54990,si,2,
2026-10-07,15:41:47,gogogo,Bolso Porta Réplica Extensible 115-140 cm. (Multicam),https://www.gogogo.cl/product/bolso-porta-replica-extensible-115-140-cm-multicam,24990,24990,si,6,https://dojiw2m9tvv09.cloudfront.net/59007/product/nw-bolso-porta-replica-extensible-115-140-a-mc2898.jpg
2026-10-07,15:41:47,gogogo,Bolso Porta Réplica Extensible 115-140 cm. (Negro),https://www.gogogo.cl/product/bolso-porta-replica-extensible-115-140-cm-negro,24990,24990,si,1,https://dojiw2m9tvv09.cloudfront.net/59007/product/nw-bolso-porta-replica-extensible-115-140-a-bk6629.jpg
2026-10-07,15:41:47,gogogo,Bolso Porta Réplica Extensible 82-100 cm. (Coyote),https://www.gogogo.cl/product/bolso-porta-replica-extensible-82-100-cm-coyote,24990,24990,si,4,https://dojiw2m9tvv09.cloudfront.net/59007/product/nw-bolso-porta-replica-extensible-82-100-a-coy5391.jpg
2026-10-07,15:41:47,gogogo,Bolso Porta Réplica Extensible 82-100 cm. (Negro),https://www.gogogo.cl/product/bolso-porta-replica-extensible-82-100-cm-negro,24990,24990,si,2,https://dojiw2m9tvv09.cloudfront.net/59007/product/nw-bolso-porta-replica-extensible-82-100-a-bk7606.jpg
2026-10-07,15:41:47,gogogo,Bolso Porta Réplica Extensible 82-100 cm. (Verde),https://www.gogogo.cl/product/bolso-porta-replica-extensible-82-100-cm-verde,24990,24990,si,5,https://dojiw2m9tvv09.cloudfront.net/59007/product/nw-bolso-porta-replica-extensible-82-100-a-od12900.jpg
2026-10-07,15:41:47,gogogo,Bolso Porta Réplica Extensible 95-120 cm. (Coyote),https://www.gogogo.cl/product/bolso-porta-replica-extensible-95-120-cm-coyote,24990,24990,si,5,https://dojiw2m9tvv09.cloudfront.net/59007/product/nw-bolso-porta-replica-extensible-95-120-a-coy6750.jpg
2026-10-07,15:41:47,gogogo,Bolso Porta Réplica Extensible 95-120 cm. (Negro),https://www.gogogo.cl/product/bolso-porta-replica-extensible-95-120-cm-negro,24990,24990,si,1,https://dojiw2m9tvv09.cloudfront.net/59007/product/nw-bolso-porta-replica-extensible-95-120-a-bk3620.jpg
2026-10-07,15:41:47,gogogo,Bolso Rifle 120 cm. (Verde),https://www.gogogo.cl/product/bolso-rifle-120-cm-verde,24990,24990,si,9,
2026-10-07,15:41:47,gogogo,D5column - Mochila 30L modelo 2025 (Coyote),https://www.gogogo.cl/product/d5column-mochila-30l-modelo-2025-coyote,22900,22900,si,1,https://dojiw2m9tvv09.cloudfront.net/59007/product/nw-d5column-2025-coy1412.jpg
2026-10-07,15:41:47,gogogo,DEFENSOR FOREVER - Maleta Rigida Para Rifle 875*355*108mm (Negro),https://www.gogogo.cl/product/defensor-forever-maleta-rigida-para-rifle-875-355-108mm-negro,64990,64990,si,1,https://dojiw2m9tvv09.cloudfront.net/59007/product/dsc-31782804.jpg
2026-10-07,15:41:47,gogogo,DEFENSOR FOREVER - Maleta Semirigida Para Rifle 1200*250*100mm,https://www.gogogo.cl/product/defensor-forever-maleta-semirigida-para-rifle-1200-250-100mm,49990,49990,si,4,https://dojiw2m9tvv09.cloudfront.net/59007/product/19120.png
2026-10-07,15:41:47,gogogo,Mochila 20L Molle M20-1 (Negro),https://www.gogogo.cl/product/mochila-20l-molle-m20-1-negro,15990,15990,si,1,https://dojiw2m9tvv09.cloudfront.net/59007/product/aaas5783.png
2026-10-07,15:41:47,gogogo,Mochila 25L Modelo 3P (Coyote),https://www.gogogo.cl/product/mochila-25l-modelo-3p-coyote,15990,15990,si,2,https://dojiw2m9tvv09.cloudfront.net/59007/product/nw-d5column-3p-coy4461.jpg
2026-10-07,15:41:47,gogogo,Mochila 25L Modelo 3P (Marpat),https://www.gogogo.cl/product/mochila-25l-modelo-3p-marpat,15990,15990,si,2,https://dojiw2m9tvv09.cloudfront.net/59007/product/captura-de-pantalla-2026-04-23-1839055553.png
2026-10-07,15:41:47,gogogo,Mochila 25L Modelo 3P (Multicam),https://www.gogogo.cl/product/mochila-25l-modelo-3p-multicam,15990,15990,si,3,https://dojiw2m9tvv09.cloudfront.net/59007/product/nw-d5column-3p-mc4488.jpg
2026-10-07,15:41:47,gogogo,Mochila 25L Modelo 3P (Verde),https://www.gogogo.cl/product/mochila-25l-modelo-3p-verde,15990,15990,si,3,https://dojiw2m9tvv09.cloudfront.net/59007/product/nw-d5column-3p-od14550.jpg
2026-10-07,15:41:47,gogogo,Mochila 30L Molle M30-1 (Tan),https://www.gogogo.cl/product/mochila-30l-molle-m30-1-tan,24990,24990,si,2,https://dojiw2m9tvv09.cloudfront.net/59007/product/captura-de-pantalla-2025-01-20-1601112917.png
2026-10-07,15:41:47,gogogo,Mochila 30L Molle M30-2 (Negro),https://www.gogogo.cl/product/mochila-30l-molle-m30-2-negro,34990,34990,si,1,https://dojiw2m9tvv09.cloudfront.net/59007/product/30l-2-bk9586.png
2026-10-07,15:41:47,gogogo,Mochila 40L M40-2 (Multicam),https://www.gogogo.cl/product/mochila-40l-m40-2-multicam,24990,24990,si,1,https://dojiw2m9tvv09.cloudfront.net/59007/product/image12725.jpeg
2026-10-07,15:41:47,gogogo,Mochila 40L M40-3 (Coyote),https://www.gogogo.cl/product/mochila-40l-m40-3-coyote,23990,23990,si,1,https://dojiw2m9tvv09.cloudfront.net/59007/product/captura-de-pantalla-2026-06-08-1410271358.png
2026-10-07,15:41:47,gogogo,Mochila 40L M40-3 (Verde),https://www.gogogo.cl/product/mochila-40l-m40-3-verde,23990,23990,si,2,https://dojiw2m9tvv09.cloudfront.net/59007/product/captura-de-pantalla-2026-06-08-1409493595.png
2026-10-07,15:41:47,gogogo,Mochila 45L Molle M45-1 (Tan),https://www.gogogo.cl/product/mochila-45l-molle-m45-1-tan,20990,20990,si,2,https://dojiw2m9tvv09.cloudfront.net/59007/product/image0-24307.jpeg
2026-10-07,15:41:47,gogogo,Mochila 45L Molle M45-2 (Negro),https://www.gogogo.cl/product/mochila-45l-molle-m45-2-negro,28990,28990,si,2,https://dojiw2m9tvv09.cloudfront.net/59007/product/file-00000000fc5c71f5aa60830ebbf0ee401984.png
2026-10-07,15:41:47,gogogo,Mochila 50 lts. Parche USA (Coyote),https://www.gogogo.cl/product/mochila-50-lts-parche-usa-coyote,26990,26990,si,1,https://dojiw2m9tvv09.cloudfront.net/59007/product/nw-mochila-bandera-usa-coy19652.jpg
2026-10-07,15:41:47,gogogo,Mochila 50 lts. Parche USA (Multicam Black),https://www.gogogo.cl/product/mochila-50-lts-parche-usa-multicam-black,26990,26990,si,1,https://dojiw2m9tvv09.cloudfront.net/59007/product/nw-mochila-bandera-usa-mcbk12654.jpg
2026-10-07,15:41:47,gogogo,Mochila 50 lts. Parche USA (Multicam),https://www.gogogo.cl/product/mochila-50-lts-parche-usa-multicam,26990,26990,si,1,https://dojiw2m9tvv09.cloudfront.net/59007/product/nw-mochila-bandera-usa-mc21176.jpg
2026-10-07,15:41:47,gogogo,Mochila 50 lts. Parche USA (Negro),https://www.gogogo.cl/product/mochila-50-lts-parche-usa-negro,26990,26990,si,1,https://dojiw2m9tvv09.cloudfront.net/59007/product/nw-mochila-bandera-usa-bk19697.jpg
2026-10-07,15:41:47,gogogo,Mochila 50 lts. Parche USA (Verde),https://www.gogogo.cl/product/mochila-50-lts-parche-usa-verde,26990,26990,si,3,https://dojiw2m9tvv09.cloudfront.net/59007/product/nw-mochila-bandera-usa-od10335.jpg
2026-10-07,15:41:47,gogogo,Mochila 50L Molle M50-1 (Coyote),https://www.gogogo.cl/product/mochila-50l-molle-m50-1-coyote,28990,28990,si,2,https://dojiw2m9tvv09.cloudfront.net/59007/product/captura-de-pantalla-2026-06-08-1414318303.png
2026-10-07,15:41:47,gogogo,Mochila 50L Molle M50-1 (Multicam),https://www.gogogo.cl/product/mochila-50l-molle-m50-1-multicam,28990,28990,si,2,https://dojiw2m9tvv09.cloudfront.net/59007/product/captura-de-pantalla-2026-06-08-1415181492.png
2026-10-07,15:41:47,gogogo,Mochila 50L Molle M50-1 (Negro),https://www.gogogo.cl/product/mochila-50l-molle-m50-1-negro,28990,28990,si,2,https://dojiw2m9tvv09.cloudfront.net/59007/product/captura-de-pantalla-2026-06-08-1414362008.png
2026-10-07,15:41:47,gogogo,Mochila 60L Modelo 7072 (Coyote),https://www.gogogo.cl/product/mochila-60l-modelo-7072-coyote,34900,34900,si,1,https://dojiw2m9tvv09.cloudfront.net/59007/product/nw-d5column-7072-coy2927.jpg
2026-10-07,15:41:47,gogogo,Mochila 60L Modelo 7072 (Negro),https://www.gogogo.cl/product/mochila-60l-modelo-7072-negro,34900,34900,si,1,https://dojiw2m9tvv09.cloudfront.net/59007/product/nw-d5column-7072-bk2865.jpg
2026-10-07,15:41:47,gogogo,Mochila Bolso 60L (Coyote),https://www.gogogo.cl/product/mochila-bolso-60l-coyote,29990,29990,si,3,https://dojiw2m9tvv09.cloudfront.net/59007/product/nw-mochila60ltrs-coy0362.jpg
2026-10-07,15:41:47,gogogo,Mochila Bolso 60L (Multicam),https://www.gogogo.cl/product/mochila-bolso-60l-multicam,29990,29990,si,3,https://dojiw2m9tvv09.cloudfront.net/59007/product/nw-mochila60ltrs-mc0403.jpg
2026-10-07,15:41:47,gogogo,Mochila Bolso 60L (Negro),https://www.gogogo.cl/product/mochila-bolso-60l-negro,29990,29990,si,3,https://dojiw2m9tvv09.cloudfront.net/59007/product/nw-mochila60ltrs-bk0433.jpg
2026-10-07,15:41:47,gogogo,Mochila Bolso 60L M60-1 (Coyote),https://www.gogogo.cl/product/mochila-bolso-60l-m60-1-coyote,39990,39990,si,1,https://dojiw2m9tvv09.cloudfront.net/59007/product/captura-de-pantalla-2025-08-06-1735109607.png
2026-10-07,15:41:47,gogogo,Mochila Camelback (Coyote),https://www.gogogo.cl/product/mochila-camelback-coyote,11990,11990,si,4,https://dojiw2m9tvv09.cloudfront.net/59007/product/nw-camelback-coy0740.jpg
2026-10-07,15:41:47,gogogo,Mochila Camelback (Negro),https://www.gogogo.cl/product/mochila-camelback-negro,11990,11990,si,4,https://dojiw2m9tvv09.cloudfront.net/59007/product/nw-camelback-bk4046.jpg
2026-10-07,15:41:47,gogogo,Mochila Camelback (Verde),https://www.gogogo.cl/product/mochila-camelback-verde,11990,11990,si,4,https://dojiw2m9tvv09.cloudfront.net/59007/product/nw-camelback-od4077.jpg
2026-10-07,15:41:47,gogogo,Mochila Campaña 80 lts. (Coyote),https://www.gogogo.cl/product/mochila-campana-80-lts-coyote,32990,32990,si,1,https://dojiw2m9tvv09.cloudfront.net/59007/product/nw-bolso-70l-coy1527.jpg
2026-10-07,15:41:47,gogogo,Mochila Porta Rifle (Multicam),https://www.gogogo.cl/product/mochila-porta-rifle-multicam,32990,32990,si,4,https://dojiw2m9tvv09.cloudfront.net/59007/product/captura-de-pantalla-2024-02-01-1602188648.png
2026-10-07,15:41:47,gogogo,Mochila Urbana Impermeble Broche Magnetico,https://www.gogogo.cl/product/mochila-urbana-impermeble-broche-magnetico,24990,24990,si,1,https://dojiw2m9tvv09.cloudfront.net/59007/product/11519.jpeg
2026-10-07,15:41:47,gogogo,Mochila USB 35lts. 8055 (Negro),https://www.gogogo.cl/product/mochila-usb-35lts-8055-negro,24990,24990,si,2,https://dojiw2m9tvv09.cloudfront.net/59007/product/captura-de-pantalla-2026-03-19-1848132989.png
2026-10-07,15:41:47,gogogo,Muslera Utilitario + Parche S.W.A.T.,https://www.gogogo.cl/product/muslera-utilitario-parche-s-w-a-t,9900,9900,si,3,https://dojiw2m9tvv09.cloudfront.net/59007/product/nw-musleraswat0628.jpg
2026-10-07,15:41:47,gogogo,SPECNA ARMS - Bolso Porta Rifle 98cm (Chaos Grey),https://www.gogogo.cl/product/specna-arms-bolso-porta-rifle-98cm-chaos-grey,29990,29990,si,2,https://dojiw2m9tvv09.cloudfront.net/59007/product/15323.jpg
2026-10-07,15:41:47,gogogo,SPECNA ARMS - Bolso Porta Rifle 98cm (Coyote),https://www.gogogo.cl/product/specna-arms-bolso-porta-rifle-98cm-coyote,29990,29990,si,10,https://dojiw2m9tvv09.cloudfront.net/59007/product/19010.jpg
2026-10-07,15:41:47,gogogo,Walther - Bolso Range Bag,https://www.gogogo.cl/product/walther-bolso-range-bag,69990,69990,si,2,https://dojiw2m9tvv09.cloudfront.net/59007/product/18172.jpg
2026-10-07,15:41:47,gogogo,YAKEDA - Caja Rigida 12x8x4.5CM (Negro),https://www.gogogo.cl/product/yakeda-caja-rigida-12x8x4-5cm-negro,3490,3490,si,9,https://dojiw2m9tvv09.cloudfront.net/59007/product/captura-de-pantalla-2026-06-26-1904369127.png
2026-10-07,15:41:47,gogogo,Adaptador Sacado Rapido Holster (OD),https://www.gogogo.cl/product/adaptador-sacado-rapido-holster-od,8990,8990,si,2,https://dojiw2m9tvv09.cloudfront.net/59007/product/qls-verde6268.jpg
2026-10-07,15:41:47,gogogo,Adaptador Serpa QD Hembra/Macho (Negro),https://www.gogogo.cl/product/adaptador-serpa-qd-hembra-macho-negro,8990,8990,si,3,https://dojiw2m9tvv09.cloudfront.net/59007/product/adaptador-serpa0425.jpg
2026-10-07,15:41:47,gogogo,Adaptador Serpa QD Hembra/Macho (OD),https://www.gogogo.cl/product/adaptador-serpa-qd-hembra-macho-od,8990,8990,si,2,https://dojiw2m9tvv09.cloudfront.net/59007/product/adaptador-serpa-od0766.jpg
2026-10-07,15:41:47,gogogo,Funda Interna Universal Ambidiestra con Porta-Cargador (Coyote),https://www.gogogo.cl/product/funda-interna-universal-ambidiestra-con-porta-cargador-coyote,6990,6990,si,2,https://dojiw2m9tvv09.cloudfront.net/59007/product/nw-holsterunibersalambidientroconportagargador-coy7086.jpg
2026-10-07,15:41:47,gogogo,Funda Interna Universal Ambidiestra con Porta-Cargador (Verde),https://www.gogogo.cl/product/funda-interna-universal-ambidiestra-con-porta-cargador-verde,6990,6990,si,3,https://dojiw2m9tvv09.cloudfront.net/59007/product/nw-holsterunibersalambidientroconportagargador-od7126.jpg
2026-10-07,15:41:47,gogogo,Funda Interna Universal V2 (Coyote),https://www.gogogo.cl/product/funda-interna-universal-v2-coyote,5990,5990,si,5,https://dojiw2m9tvv09.cloudfront.net/59007/product/funda-interna-v2-coy4308.png
2026-10-07,15:41:47,gogogo,GO PACK! - Holster Rigido Universal Negro + Muslera Plataforma Negro,https://www.gogogo.cl/product/go-pack-holster-rigido-universal-negro-muslera-plataforma-negro,30582,33980,si,9,https://dojiw2m9tvv09.cloudfront.net/59007/product/pack-muslera-y-holster-mesa-de-trabajo-14686.jpg
2026-10-07,15:41:47,gogogo,GO PACK! - Holster Rigido Universal Verde + Muslera Plataforma OD,https://www.gogogo.cl/product/go-pack-holster-rigido-universal-verde-muslera-plataforma-od,30582,33980,si,10,https://dojiw2m9tvv09.cloudfront.net/59007/product/pack-muslera-y-holster-verde-mesa-de-trabajo-15547.jpg
2026-10-07,15:41:47,gogogo,Holster Beretta Tipo Serpa (Zurdo)(Negro),https://www.gogogo.cl/product/holster-beretta-tipo-serpa-zurdo-negro,9990,9990,si,2,https://dojiw2m9tvv09.cloudfront.net/59007/product/captura-de-pantalla-2024-09-11-1630250743.png
2026-10-07,15:41:47,gogogo,Holster Glock Rotatorio (Verde),https://www.gogogo.cl/product/holster-glock-rotatorio-verde,11900,11900,si,4,https://dojiw2m9tvv09.cloudfront.net/59007/product/nw-holsterglockrotatorio-od7820.jpg
2026-10-07,15:41:47,gogogo,Holster magazine Rigido Multiproposito (Negro),https://www.gogogo.cl/product/holster-magazine-rigido-multiproposito-negro,3990,3990,si,10,https://dojiw2m9tvv09.cloudfront.net/59007/product/captura2309.PNG
2026-10-07,15:41:47,gogogo,Holster Magazine Rigido Multiproposito (Tan),https://www.gogogo.cl/product/holster-magazine-rigido-multiproposito-tan,3990,3990,si,10,https://dojiw2m9tvv09.cloudfront.net/59007/product/captura-de-pantalla-2025-11-07-1415164664.png
2026-10-07,15:41:47,gogogo,Holster Rigido Magazine Universal,https://www.gogogo.cl/product/holster-rigido-magazine-universal,9990,9990,si,5,https://dojiw2m9tvv09.cloudfront.net/59007/product/captura-de-pantalla-2024-11-13-1621147404.png
2026-10-07,15:41:47,gogogo,Holster Rigido Universal (Negro),https://www.gogogo.cl/product/holster-rigido-universal-negro,14990,14990,si,14,https://dojiw2m9tvv09.cloudfront.net/59007/product/captura-de-pantalla-2024-11-13-1618122736.png
2026-10-07,15:41:47,gogogo,Holster Rigido Universal (Verde),https://www.gogogo.cl/product/holster-rigido-universal-verde,14990,14990,si,15,https://dojiw2m9tvv09.cloudfront.net/59007/product/captura-de-pantalla-2025-05-19-1411104772.png
2026-10-07,15:41:47,gogogo,Molle Platform (Coyote),https://www.gogogo.cl/product/molle-platform-coyote,4900,4900,si,3,https://dojiw2m9tvv09.cloudfront.net/59007/product/nw-molleplatform-coy7324.jpg
2026-10-07,15:41:47,gogogo,Molle Platform (Negro),https://www.gogogo.cl/product/molle-platform-negro,4900,4900,si,5,https://dojiw2m9tvv09.cloudfront.net/59007/product/nw-molleplatform-bk7369.jpg
2026-10-07,15:41:47,gogogo,Molle Platform (Verde),https://www.gogogo.cl/product/molle-platform-verde,4900,4900,si,4,https://dojiw2m9tvv09.cloudfront.net/59007/product/nw-molleplatform-od7395.jpg
2026-10-07,15:41:47,gogogo,Muslera Plataforma para Holster (Coyote),https://www.gogogo.cl/product/muslera-plataforma-para-holster-coyote,18990,18990,si,6,https://dojiw2m9tvv09.cloudfront.net/59007/product/nw-musleraplataformaholster-tan8118.jpg
2026-10-07,15:41:47,gogogo,Muslera Plataforma para Holster (Negro),https://www.gogogo.cl/product/muslera-plataforma-para-holster-negro,18990,18990,si,9,https://dojiw2m9tvv09.cloudfront.net/59007/product/nw-musleraplataformaholster-bk8044.jpg
2026-10-07,15:41:47,gogogo,Muslera Plataforma para Holster (OD),https://www.gogogo.cl/product/muslera-plataforma-para-holster-od,18990,18990,si,10,https://dojiw2m9tvv09.cloudfront.net/59007/product/nw-musleraplataformaholster-od8503.jpg
2026-10-07,15:41:47,gogogo,Plataforma Blackhawk para Holster (Negro),https://www.gogogo.cl/product/plataforma-blackhawk-para-holster-negro,7990,7990,si,3,https://dojiw2m9tvv09.cloudfront.net/59007/product/plataforma-blackhawk-para-holster5140.jpg
2026-10-07,15:41:47,gogogo,Plataforma para Holster (Coyote),https://www.gogogo.cl/product/plataforma-para-holster-coyote,6990,6990,si,2,https://dojiw2m9tvv09.cloudfront.net/59007/product/plataforma-para-holster-coyote2334.jpg
2026-10-07,15:41:47,gogogo,Plataforma para Holster (Negro),https://www.gogogo.cl/product/plataforma-para-holster-negro,6990,6990,si,3,https://dojiw2m9tvv09.cloudfront.net/59007/product/nw-porta-holster-bk0071.jpg
2026-10-07,15:41:47,gogogo,Plataforma para Holster (Verde),https://www.gogogo.cl/product/plataforma-para-holster-verde,6990,6990,si,4,https://dojiw2m9tvv09.cloudfront.net/59007/product/plataforma-para-holster-verde2350.jpg
2026-10-07,15:41:47,gogogo,Porta Esposas Rigido V2,https://www.gogogo.cl/product/porta-esposas-rigido-v2,12990,12990,si,1,https://dojiw2m9tvv09.cloudfront.net/59007/product/18114.jpg
2026-10-07,15:41:47,gogogo,WOSPORT - Holster Glock Rotatorio Zurdo (Tan),https://www.gogogo.cl/product/wosport-holster-glock-rotatorio-zurdo-tan,21990,21990,si,5,https://dojiw2m9tvv09.cloudfront.net/59007/product/10843.jpg
2026-10-07,15:41:47,gogogo,8FIELDS - Triple 40mm Grenade Pouch (Multicam),https://www.gogogo.cl/product/8fields-triple-40mm-grenade-pouch-multicam,10493,14990,si,1,https://dojiw2m9tvv09.cloudfront.net/59007/product/wyposazenie-taktyczne-ladownice-pistoletowe-ladownice-na-granaty-potrojna-ladownica-na-granaty-40mm-multicamo-8fields-2369374-1-14773.jpg
2026-10-07,15:41:47,gogogo,Drop Pouch (Coyote),https://www.gogogo.cl/product/drop-pouch-coyote,5900,5900,si,20,https://dojiw2m9tvv09.cloudfront.net/59007/product/nw-droppouch-coy7569.jpg
2026-10-07,15:41:47,gogogo,Drop Pouch (Negro),https://www.gogogo.cl/product/drop-pouch-negro,5900,5900,si,17,https://dojiw2m9tvv09.cloudfront.net/59007/product/nw-droppouch-bk8650.jpg
2026-10-07,15:41:47,gogogo,Drop Pouch (Verde),https://www.gogogo.cl/product/drop-pouch-verde,5900,5900,si,21,https://dojiw2m9tvv09.cloudfront.net/59007/product/nw-droppouch-od7605.jpg
2026-10-07,15:41:47,gogogo,Folded Navegation Board (BK),https://www.gogogo.cl/product/folded-navegation-board-bk,14990,14990,si,4,https://dojiw2m9tvv09.cloudfront.net/59007/product/folded-navegation-board0608.png
2026-10-07,15:41:47,gogogo,Folded Navegation Board (Verde),https://www.gogogo.cl/product/folded-navegation-board-verde,14990,14990,si,5,
2026-10-07,15:41:47,gogogo,GOLEM EQUIPMENT - Pouch Kanguro Multifuncional (Woodland),https://www.gogogo.cl/product/golem-equipment-pouch-kanguro-multifuncional-woodland,13230,18900,si,2,https://dojiw2m9tvv09.cloudfront.net/59007/product/nw-pouchkanguroowl15578.jpg
2026-10-07,15:41:47,gogogo,Levanta Mejilla Multi Propósito (Coyote),https://www.gogogo.cl/product/levanta-mejilla-multi-proposito-coyote,12900,12900,si,1,https://dojiw2m9tvv09.cloudfront.net/59007/product/nw-levantamejilla-coy1256.jpg
2026-10-07,15:41:47,gogogo,Levanta Mejilla Multi Propósito (Negro),https://www.gogogo.cl/product/levanta-mejilla-multi-proposito-negro,12900,12900,si,1,https://dojiw2m9tvv09.cloudfront.net/59007/product/nw-levantamejilla-bk1282.jpg
2026-10-07,15:41:47,gogogo,Porta Cargador Rígido Doble (Verde),https://www.gogogo.cl/product/porta-cargador-rigido-doble-verde,9990,9990,si,5,https://dojiw2m9tvv09.cloudfront.net/59007/product/nw-pouchrigidom4-od7563.jpg
2026-10-07,15:41:47,gogogo,Pouch Celular Molle (Verde),https://www.gogogo.cl/product/pouch-celular-molle-verde,3500,3500,si,1,https://dojiw2m9tvv09.cloudfront.net/59007/product/nw-pouchmobilemolle-od7242.jpg
2026-10-07,15:41:47,gogogo,Pouch Doble Magazine M4/AK (Coyote),https://www.gogogo.cl/product/pouch-doble-magazine-m4-ak-coyote,8900,8900,si,1,https://dojiw2m9tvv09.cloudfront.net/59007/product/nw-pouchmolledoublem4ak-coy6425.jpg
2026-10-07,15:41:47,gogogo,Pouch Magazine Doble M4 / Doble Pistola (Coyote),https://www.gogogo.cl/product/pouch-magazine-doble-m4-doble-pistola-coyote,6900,6900,si,1,https://dojiw2m9tvv09.cloudfront.net/59007/product/nw-doblepouchm4pistola-tan3773.jpg
2026-10-07,15:41:47,gogogo,Pouch Magazine M4/Pistola (Negro),https://www.gogogo.cl/product/pouch-magazine-m4-pistola-negro,5990,5990,si,6,https://dojiw2m9tvv09.cloudfront.net/59007/product/nw-pouch-mag-m4-mag-pistola-bk6866.jpg
2026-10-07,15:41:47,gogogo,Pouch Magazine M4/Pistola (Verde),https://www.gogogo.cl/product/pouch-magazine-m4-pistola-verde,5990,5990,si,3,https://dojiw2m9tvv09.cloudfront.net/59007/product/nw-pouch-mag-m4-mag-pistola-od8631.jpg
2026-10-07,15:41:47,gogogo,Pouch Magazine Pistola (Negro),https://www.gogogo.cl/product/pouch-magazine-pistola-negro,3490,3490,si,4,https://dojiw2m9tvv09.cloudfront.net/59007/product/captura-de-pantalla-2025-10-14-1425487837.png
2026-10-07,15:41:47,gogogo,Pouch Magazine Scorpion Shape Soft Shell 5.56 - 7.62 (Negro),https://www.gogogo.cl/product/pouch-magazine-scorpion-shape-soft-shell-5-56-7-62-negro,9990,9990,si,17,https://dojiw2m9tvv09.cloudfront.net/59007/product/nw-scorpionm4-bk6913.jpg
2026-10-07,15:41:47,gogogo,Pouch Magazine Scorpion Shape Soft Shell 5.56 - 7.62 (Verde),https://www.gogogo.cl/product/pouch-magazine-scorpion-shape-soft-shell-5-56-7-62-verde,9990,9990,si,11,https://dojiw2m9tvv09.cloudfront.net/59007/product/nw-scorpionm4-od7230.jpg
2026-10-07,15:41:47,gogogo,Pouch Medico + Parche (Coyote),https://www.gogogo.cl/product/pouch-medico-parche-coyote,5900,5900,si,4,https://dojiw2m9tvv09.cloudfront.net/59007/product/nw-pouchmedico-coy5535.jpg
2026-10-07,15:41:47,gogogo,Pouch Medico + Parche (Negro),https://www.gogogo.cl/product/pouch-medico-parche-negro,5900,5900,si,5,https://dojiw2m9tvv09.cloudfront.net/59007/product/nw-pouchmedico-bk5651.jpg
2026-10-07,15:41:47,gogogo,Pouch Medico V2 (Coyote),https://www.gogogo.cl/product/pouch-medico-v2-coyote,5990,5990,si,1,https://dojiw2m9tvv09.cloudfront.net/59007/product/medico-v2-cy3509.jpg
2026-10-07,15:41:47,gogogo,Pouch Medico V2 (Multicam),https://www.gogogo.cl/product/pouch-medico-v2-multicam,5990,5990,si,3,https://dojiw2m9tvv09.cloudfront.net/59007/product/captura-de-pantalla-2026-04-22-1830377793.png
2026-10-07,15:41:47,gogogo,Pouch Molle para Botellas (Coyote),https://www.gogogo.cl/product/pouch-molle-para-botellas-coyote,5900,5900,si,3,https://dojiw2m9tvv09.cloudfront.net/59007/product/nw-pouchmolleparabotella-coy11120.jpg
2026-10-07,15:41:47,gogogo,Pouch Molle para Botellas (Negro),https://www.gogogo.cl/product/pouch-molle-para-botellas-negro,5900,5900,si,1,https://dojiw2m9tvv09.cloudfront.net/59007/product/nw-pouchmolleparabotella-bk11177.jpg
2026-10-07,15:41:47,gogogo,Pouch Molle para Botellas (Verde),https://www.gogogo.cl/product/pouch-molle-para-botellas-verde,5900,5900,si,4,https://dojiw2m9tvv09.cloudfront.net/59007/product/nw-pouchmolleparabotella-od11211.jpg
2026-10-07,15:41:47,gogogo,Pouch Molle para Botellas V2 (Coyote),https://www.gogogo.cl/product/pouch-molle-para-botellas-v2-coyote,5990,5990,si,4,https://dojiw2m9tvv09.cloudfront.net/59007/product/botella-v2-cy9328.jpg
2026-10-07,15:41:47,gogogo,Pouch Molle para Botellas V2 (Multicam),https://www.gogogo.cl/product/pouch-molle-para-botellas-v2-multicam,5990,5990,si,2,https://dojiw2m9tvv09.cloudfront.net/59007/product/botella-v2-mc8636.jpg
2026-10-07,15:41:47,gogogo,Pouch Molle para Botellas V2 (Verde),https://www.gogogo.cl/product/pouch-molle-para-botellas-v2-verde,5990,5990,si,1,https://dojiw2m9tvv09.cloudfront.net/59007/product/botella-v2-od7266.jpg
2026-10-07,15:41:47,gogogo,Pouch Porta Esposas (Negro),https://www.gogogo.cl/product/pouch-porta-esposas-negro,5990,5990,si,2,https://dojiw2m9tvv09.cloudfront.net/59007/product/10001689185485.jpg
2026-10-07,15:41:47,gogogo,Pouch Porta Esposas (Verde),https://www.gogogo.cl/product/pouch-porta-esposas-verde,5990,5990,si,3,https://dojiw2m9tvv09.cloudfront.net/59007/product/10001689229804.jpg
2026-10-07,15:41:47,gogogo,Pouch Radio Medium (Negro),https://www.gogogo.cl/product/pouch-radio-medium-negro,5900,5900,si,5,https://dojiw2m9tvv09.cloudfront.net/59007/product/nw-pouchradio-bk3582.jpg
2026-10-07,15:41:47,gogogo,Pouch Radio/Granada (Coyote),https://www.gogogo.cl/product/pouch-radio-granada-coyote,5990,5990,si,12,https://dojiw2m9tvv09.cloudfront.net/59007/product/nw-pouchradiosmall-coy3363.jpg
2026-10-07,15:41:47,gogogo,Pouch Radio/Granada (Negro),https://www.gogogo.cl/product/pouch-radio-granada-negro,5990,5990,si,12,https://dojiw2m9tvv09.cloudfront.net/59007/product/nw-pouchradiosmall-bk3433.jpg
2026-10-07,15:41:47,gogogo,Pouch Radio/Granada (Verde),https://www.gogogo.cl/product/pouch-radio-granada-verde,5990,5990,si,2,https://dojiw2m9tvv09.cloudfront.net/59007/product/nw-pouchradiosmall-od3475.jpg
2026-10-07,15:41:47,gogogo,Pouch Single Magazine M4/AK (Coyote),https://www.gogogo.cl/product/pouch-single-magazine-m4-ak-coyote,4990,4990,si,4,https://dojiw2m9tvv09.cloudfront.net/59007/product/captura-de-pantalla-2024-07-03-1834459543.png
2026-10-07,15:41:47,gogogo,Pouch Tijera/Torniquete (Negro),https://www.gogogo.cl/product/pouch-tijera-torniquete-negro,2990,2990,si,2,https://dojiw2m9tvv09.cloudfront.net/59007/product/nw-pouch-tijera-torniquete-v2-bk4784.jpg
2026-10-07,15:41:47,gogogo,Pouch Tijera/Torniquete (Verde),https://www.gogogo.cl/product/pouch-tijera-torniquete-verde,2990,2990,si,5,https://dojiw2m9tvv09.cloudfront.net/59007/product/nw-pouch-tijera-torniquete-v2-od7812.jpg
2026-10-07,15:41:47,gogogo,Pouch Triple Magazine M4/AK (Coyote),https://www.gogogo.cl/product/pouch-triple-magazine-m4-ak-coyote,9900,9900,si,2,https://dojiw2m9tvv09.cloudfront.net/59007/product/nw-triplepouchm4ak-coy1001.jpg
2026-10-07,15:41:47,gogogo,Pouch Triple Magazine M4/AK (Negro),https://www.gogogo.cl/product/pouch-triple-magazine-m4-ak-negro,9900,9900,si,1,https://dojiw2m9tvv09.cloudfront.net/59007/product/nw-triplepouchm4ak-bk1103.jpg
2026-10-07,15:41:47,gogogo,Pouch Utilitario (Coyote),https://www.gogogo.cl/product/pouch-utilitario-coyote,5990,5990,si,4,https://dojiw2m9tvv09.cloudfront.net/59007/product/nw-pouchutilitario-coy6100.jpg
2026-10-07,15:41:47,gogogo,Pouch Utilitario (Multicam),https://www.gogogo.cl/product/pouch-utilitario-multicam,5990,5990,si,5,https://dojiw2m9tvv09.cloudfront.net/59007/product/nw-pouch-utilitario-mc7614.jpg
2026-10-07,15:41:47,gogogo,Pouch Utilitario (Negro),https://www.gogogo.cl/product/pouch-utilitario-negro,5990,5990,si,11,https://dojiw2m9tvv09.cloudfront.net/59007/product/nw-pouchutilitario-bk6132.jpg
2026-10-07,15:41:47,gogogo,Pouch Utilitario (Verde),https://www.gogogo.cl/product/pouch-utilitario-verde,5990,5990,si,9,https://dojiw2m9tvv09.cloudfront.net/59007/product/nw-pouchutilitario-od6156.jpg
2026-10-07,15:41:47,gogogo,Pouch Utilitario V2 (Coyote),https://www.gogogo.cl/product/pouch-utilitario-v2-coyote,5990,5990,si,2,https://dojiw2m9tvv09.cloudfront.net/59007/product/nw-pouch-utilitario-v2-coy9685.jpg
2026-10-07,15:41:47,gogogo,Pouch Utilitario V2 (Multicam),https://www.gogogo.cl/product/pouch-utilitario-v2-multicam,5990,5990,si,3,https://dojiw2m9tvv09.cloudfront.net/59007/product/utilitario-v2-mc2342.jpg
2026-10-07,15:41:47,gogogo,Pouch Utilitario V2 (Negro),https://www.gogogo.cl/product/pouch-utilitario-v2-negro,5990,5990,si,1,https://dojiw2m9tvv09.cloudfront.net/59007/product/nw-pouch-utilitario-v2-bk0644.jpg
2026-10-07,15:41:47,gogogo,YAKEDA -  Pouch Triple Magazine Elasticado Rifle/Pistola (Coyote),https://www.gogogo.cl/product/yakeda-pouch-triple-magazine-elasticado-rifle-pistola-coyote,16990,16990,si,4,https://dojiw2m9tvv09.cloudfront.net/59007/product/captura-de-pantalla-2026-06-26-1900505271.png
2026-10-07,15:41:47,gogogo,YAKEDA -  Pouch Triple Magazine Elasticado Rifle/Pistola (Multicam Black),https://www.gogogo.cl/product/yakeda-pouch-triple-magazine-elasticado-rifle-pistola-multicam-black,16990,16990,si,7,https://dojiw2m9tvv09.cloudfront.net/59007/product/captura-de-pantalla-2026-06-26-1901064530.png
2026-10-07,15:41:47,gogogo,YAKEDA -  Pouch Triple Magazine Elasticado Rifle/Pistola (Negro),https://www.gogogo.cl/product/yakeda-pouch-triple-magazine-elasticado-rifle-pistola-negro,16990,16990,si,5,https://dojiw2m9tvv09.cloudfront.net/59007/product/captura-de-pantalla-2026-06-26-1900585895.png
2026-10-07,15:41:47,gogogo,YAKEDA - Pouch Porta Celular,https://www.gogogo.cl/product/yakeda-pouch-porta-celular,10990,10990,si,20,https://dojiw2m9tvv09.cloudfront.net/59007/product/captura-de-pantalla-2026-06-18-1854217123.png
2026-10-07,15:41:47,gogogo,Exhibidor para Parches 60x45 cm. (Coyote),https://www.gogogo.cl/product/exhibidor-para-parches-60x45-cm-coyote,7990,7990,si,6,https://dojiw2m9tvv09.cloudfront.net/59007/product/nw-espositor-para-parches-coy8688.jpg
2026-10-07,15:41:47,gogogo,Gancho con Amarra (Coyote),https://www.gogogo.cl/product/gancho-con-amarra-coyote,1990,1990,si,2,
2026-10-07,15:41:47,gogogo,Mosquetón Aluminio 8 cm.,https://www.gogogo.cl/product/mosqueton-aluminio-8-cm,1990,1990,si,9,https://dojiw2m9tvv09.cloudfront.net/59007/product/nw-mosqueton6127.jpg
2026-10-07,15:41:47,gogogo,Mosquetón Polímero,https://www.gogogo.cl/product/mosqueton-polimero,1990,1990,si,11,https://dojiw2m9tvv09.cloudfront.net/59007/product/nw-mosquetonplasticgrande-od6173.jpg
2026-10-07,15:41:47,gogogo,Mosquetón Polímero Pequeño,https://www.gogogo.cl/product/mosqueton-polimero-pequeno,1990,1990,si,12,https://dojiw2m9tvv09.cloudfront.net/59007/product/nw-mosquetonplastic-tan6249.jpg
2026-10-07,15:41:47,gogogo,PARCHE A-/NEG 2.5x5 cm. (Tan),https://www.gogogo.cl/product/parche-a-neg-2-5x5-cm-tan,2490,2490,si,1,https://dojiw2m9tvv09.cloudfront.net/59007/product/nw-blood-anegativa2768.jpg
2026-10-07,15:41:47,gogogo,PARCHE A-NEG 2.5x5 cm. (Coyote),https://www.gogogo.cl/product/parche-a-neg-2-5x5-cm-coyote,2490,2490,si,1,https://dojiw2m9tvv09.cloudfront.net/59007/product/nw-blood-a2394.jpg
2026-10-07,15:41:47,gogogo,PARCHE AB+POS+ (Multicam),https://www.gogogo.cl/product/parche-ab-pos-multicam,3900,3900,si,5,https://dojiw2m9tvv09.cloudfront.net/59007/product/nw-sangreabpos-mc6100.jpg
2026-10-07,15:41:47,gogogo,PARCHE AB-/NEG 2.5x5 cm.,https://www.gogogo.cl/product/parche-ab-neg-2-5x5-cm,2490,2490,si,4,https://dojiw2m9tvv09.cloudfront.net/59007/product/nw-blood-abnegativo2196.jpg
2026-10-07,15:41:47,gogogo,Parche Airsofthub,https://www.gogogo.cl/product/parche-airsofthub,4990,4990,si,7,https://dojiw2m9tvv09.cloudfront.net/59007/product/parche0977.png
2026-10-07,15:41:47,gogogo,Parche AK Zenitco,https://www.gogogo.cl/product/parche-ak-zenitco,5990,5990,si,15,https://dojiw2m9tvv09.cloudfront.net/59007/product/parche-ak-zenitco5571.jpg
2026-10-07,15:41:47,gogogo,Parche AR15,https://www.gogogo.cl/product/parche-ar15,5990,5990,si,10,https://dojiw2m9tvv09.cloudfront.net/59007/product/parche-ar159576.jpg
2026-10-07,15:41:47,gogogo,Parche Astronauta,https://www.gogogo.cl/product/parche-astronauta,3990,3990,si,9,https://dojiw2m9tvv09.cloudfront.net/59007/product/whatsapp-image-2026-07-09-at-6-56-35-pm-17374.jpeg
2026-10-07,15:41:47,gogogo,PARCHE B+POS+ (Multicam),https://www.gogogo.cl/product/parche-b-pos-multicam,3900,3900,si,2,https://dojiw2m9tvv09.cloudfront.net/59007/product/nw-sangrebpos-mc5995.jpg
2026-10-07,15:41:47,gogogo,PARCHE B-NEG 2.5x5 cm.,https://www.gogogo.cl/product/parche-b-neg-2-5x5-cm,2490,2490,si,7,https://dojiw2m9tvv09.cloudfront.net/59007/product/nw-blood-bnegativa2057.jpg
2026-10-07,15:41:47,gogogo,PARCHE Bandera Argentina,https://www.gogogo.cl/product/parche-bandera-argentina,3990,3990,si,5,https://dojiw2m9tvv09.cloudfront.net/59007/product/10001395985500.png
2026-10-07,15:41:47,gogogo,PARCHE Bandera Colombia,https://www.gogogo.cl/product/parche-bandera-colombia,3900,3900,si,10,https://dojiw2m9tvv09.cloudfront.net/59007/product/nw-banderacolombia2071.jpg
2026-10-07,15:41:47,gogogo,PARCHE Bandera Colombia (Coyote),https://www.gogogo.cl/product/parche-bandera-colombia-coyote,3900,3900,si,9,https://dojiw2m9tvv09.cloudfront.net/59007/product/nw-banderacolombia-coy4821.jpg
2026-10-07,15:41:47,gogogo,PARCHE Bandera Cruz de la Vida (Azul),https://www.gogogo.cl/product/parche-bandera-cruz-de-la-vida-azul,3900,3900,si,5,https://dojiw2m9tvv09.cloudfront.net/59007/product/nw-mediccruz-azul5433.jpg
2026-10-07,15:41:47,gogogo,PARCHE Bandera Cruz de la Vida (Coyote),https://www.gogogo.cl/product/parche-bandera-cruz-de-la-vida-coyote,3900,3900,si,1,https://dojiw2m9tvv09.cloudfront.net/59007/product/nw-mediccruz-coy2217.jpg
2026-10-07,15:41:47,gogogo,PARCHE Bandera Cruz de la Vida (Negro),https://www.gogogo.cl/product/parche-bandera-cruz-de-la-vida-negro,3900,3900,si,9,https://dojiw2m9tvv09.cloudfront.net/59007/product/nw-mediccruz-bk2178.jpg
2026-10-07,15:41:47,gogogo,PARCHE Bandera Ghost,https://www.gogogo.cl/product/parche-bandera-ghost,3900,3900,si,1,https://dojiw2m9tvv09.cloudfront.net/59007/product/nw-patch-ghost-a5952.jpg
2026-10-07,15:41:47,gogogo,PARCHE Bandera Italia,https://www.gogogo.cl/product/parche-bandera-italia,3900,3900,si,15,https://dojiw2m9tvv09.cloudfront.net/59007/product/nw-bandera-italia-a7806.jpg
2026-10-07,15:41:47,gogogo,PARCHE Bandera Rusia,https://www.gogogo.cl/product/parche-bandera-rusia,3900,3900,si,15,https://dojiw2m9tvv09.cloudfront.net/59007/product/captura-de-pantalla-2024-07-24-1702398902.png
2026-10-07,15:41:47,gogogo,PARCHE Bandera Ucrania V1,https://www.gogogo.cl/product/parche-bandera-ucrania-v1,3900,3900,si,13,https://dojiw2m9tvv09.cloudfront.net/59007/product/captura-de-pantalla-2025-03-19-1414175336.png
2026-10-07,15:41:47,gogogo,PARCHE Bandera Ucrania V2 PVC,https://www.gogogo.cl/product/parche-bandera-ucrania-v2-pvc,5990,5990,si,15,https://dojiw2m9tvv09.cloudfront.net/59007/product/10001781325003.jpg
2026-10-07,15:41:47,gogogo,Parche Bandera USA (Borde Blanco),https://www.gogogo.cl/product/parche-bandera-usa-borde-blanco,3990,3990,si,10,https://dojiw2m9tvv09.cloudfront.net/59007/product/whatsapp-image-2026-07-09-at-6-56-36-pm8539.jpeg
2026-10-07,15:41:47,gogogo,PARCHE Bandera USA / Cruz de la Vida,https://www.gogogo.cl/product/parche-bandera-usa-cruz-de-la-vida,3990,3990,si,5,
2026-10-07,15:41:47,gogogo,Parche Bandera USA K9 (Coyote),https://www.gogogo.cl/product/parche-bandera-usa-k9-coyote,3990,3990,si,1,https://dojiw2m9tvv09.cloudfront.net/59007/product/whatsapp-image-2026-06-30-at-3-08-56-pm0865.jpeg
2026-10-07,15:41:47,gogogo,Parche Bandera USA Punisher (Verde),https://www.gogogo.cl/product/parche-bandera-usa-punisher-verde,3990,3990,si,3,https://dojiw2m9tvv09.cloudfront.net/59007/product/sin-t-tulo-155555-mesa-de-trabajo-19728.jpg
2026-10-07,15:41:47,gogogo,PARCHE Bandera Venezuela,https://www.gogogo.cl/product/parche-bandera-venezuela,3900,3900,si,30,https://dojiw2m9tvv09.cloudfront.net/59007/product/nw-banderavenezuela0674.jpg
2026-10-07,15:41:47,gogogo,Parche Bitcoin,https://www.gogogo.cl/product/parche-bitcoin,3990,3990,si,15,https://dojiw2m9tvv09.cloudfront.net/59007/product/10001785777442.jpg
2026-10-07,15:41:47,gogogo,Parche Chile (Borde amarillo)(CH06),https://www.gogogo.cl/product/parche-chile-borde-amarillo-ch06,3990,3990,si,19,https://dojiw2m9tvv09.cloudfront.net/59007/product/nw-banderachilena8421.jpg
2026-10-07,15:41:47,gogogo,Parche Chile (con Letras)(CH01),https://www.gogogo.cl/product/parche-chile-con-letras-ch01,3990,3990,si,19,https://dojiw2m9tvv09.cloudfront.net/59007/product/nw-banderachilenabordeblancoletras2310.jpg
2026-10-07,15:41:47,gogogo,Parche Chile (Coyote)(CH02),https://www.gogogo.cl/product/parche-chile-coyote-ch02,3990,3990,si,1,https://dojiw2m9tvv09.cloudfront.net/59007/product/nw-banderachilena-coy8492.jpg
2026-10-07,15:41:47,gogogo,Parche Chile/Punisher (CP01),https://www.gogogo.cl/product/parche-chile-punisher-cp01,3990,3990,si,8,https://dojiw2m9tvv09.cloudfront.net/59007/product/nw-banderachilena-punisher8676.jpg
2026-10-07,15:41:47,gogogo,PARCHE Corte Laser A neg 2.5x5 cm. (Coyote),https://www.gogogo.cl/product/parche-corte-laser-a-neg-2-5x5-cm-coyote,3990,3990,si,2,https://dojiw2m9tvv09.cloudfront.net/59007/product/captura-de-pantalla-2025-09-08-1826292246.png
2026-10-07,15:41:47,gogogo,PARCHE Corte Laser AB neg 2.5x5 cm. (Coyote),https://www.gogogo.cl/product/parche-corte-laser-ab-neg-2-5x5-cm-coyote,3990,3990,si,2,https://dojiw2m9tvv09.cloudfront.net/59007/product/captura-de-pantalla-2025-09-08-1827383456.png
2026-10-07,15:41:47,gogogo,PARCHE Corte Laser AB pos 2.5x5 cm. (Coyote),https://www.gogogo.cl/product/parche-corte-laser-ab-pos-2-5x5-cm-coyote,3990,3990,si,1,https://dojiw2m9tvv09.cloudfront.net/59007/product/captura-de-pantalla-2025-09-08-1828073543.png
2026-10-07,15:41:47,gogogo,PARCHE Corte Laser B neg 2.5x5 cm. (Coyote),https://www.gogogo.cl/product/parche-corte-laser-b-neg-2-5x5-cm-coyote,3990,3990,si,2,https://dojiw2m9tvv09.cloudfront.net/59007/product/captura-de-pantalla-2025-09-08-1829076354.png
2026-10-07,15:41:47,gogogo,Parche Craneo Bandera Chile,https://www.gogogo.cl/product/parche-craneo-bandera-chile,3990,3990,si,9,https://dojiw2m9tvv09.cloudfront.net/59007/product/10001785508880.jpg
2026-10-07,15:41:47,gogogo,Parche Craneo Confederado,https://www.gogogo.cl/product/parche-craneo-confederado,3990,3990,si,10,https://dojiw2m9tvv09.cloudfront.net/59007/product/whatsapp-image-2026-07-09-at-6-56-35-pm-33567.jpeg
2026-10-07,15:41:47,gogogo,Parche Craneo NVG luminiscente,https://www.gogogo.cl/product/parche-craneo-nvg-luminiscente,5990,5990,si,13,https://dojiw2m9tvv09.cloudfront.net/59007/product/10001785796688.jpg
2026-10-07,15:41:47,gogogo,Parche Cuchillo,https://www.gogogo.cl/product/parche-cuchillo,4490,4490,si,15,https://dojiw2m9tvv09.cloudfront.net/59007/product/10001781245622.jpg
2026-10-07,15:41:47,gogogo,PARCHE Escudo Ucrania,https://www.gogogo.cl/product/parche-escudo-ucrania,3900,3900,si,15,https://dojiw2m9tvv09.cloudfront.net/59007/product/captura-de-pantalla-2025-03-19-1414423881.png
2026-10-07,15:41:47,gogogo,Parche First Strike Death Sticks,https://www.gogogo.cl/product/parche-first-strike-death-sticks,4490,4490,si,15,https://dojiw2m9tvv09.cloudfront.net/59007/product/10001785769168.jpg
2026-10-07,15:41:47,gogogo,Parche Forward Observations Group (FOG),https://www.gogogo.cl/product/parche-forward-observations-group-fog,3990,3990,si,13,https://dojiw2m9tvv09.cloudfront.net/59007/product/10001785758069.jpg
2026-10-07,15:41:47,gogogo,Parche Furgoneta UAZ-452,https://www.gogogo.cl/product/parche-furgoneta-uaz-452,5990,5990,si,13,https://dojiw2m9tvv09.cloudfront.net/59007/product/10001785590973.jpg
2026-10-07,15:41:47,gogogo,Parche Gato Blanco,https://www.gogogo.cl/product/parche-gato-blanco,3990,3990,si,15,https://dojiw2m9tvv09.cloudfront.net/59007/product/10001785886374.jpg
2026-10-07,15:41:47,gogogo,Parche Gato Cuchillo,https://www.gogogo.cl/product/parche-gato-cuchillo,3990,3990,si,9,https://dojiw2m9tvv09.cloudfront.net/59007/product/10001785940832.jpg
2026-10-07,15:41:47,gogogo,Parche Gato Negro,https://www.gogogo.cl/product/parche-gato-negro,3990,3990,si,14,https://dojiw2m9tvv09.cloudfront.net/59007/product/10001785894364.jpg
2026-10-07,15:41:47,gogogo,Parche Gato Odio,https://www.gogogo.cl/product/parche-gato-odio,3990,3990,si,13,https://dojiw2m9tvv09.cloudfront.net/59007/product/10001785987251.jpg
2026-10-07,15:41:47,gogogo,PARCHE GOGOGO! PEW PEW PEW!,https://www.gogogo.cl/product/parche-gogogo-pew-pew-pew,4990,4990,si,2,https://dojiw2m9tvv09.cloudfront.net/59007/product/nw-patch-pew-pew-pew-18043.jpg
2026-10-07,15:41:47,gogogo,PARCHE GOGOGO! XOXO,https://www.gogogo.cl/product/parche-gogogo-xoxo,4990,4990,si,7,https://dojiw2m9tvv09.cloudfront.net/59007/product/nw-patch-xoxo-10244.jpg
2026-10-07,15:41:47,gogogo,Parche Guante Odio,https://www.gogogo.cl/product/parche-guante-odio,4490,4490,si,13,https://dojiw2m9tvv09.cloudfront.net/59007/product/captura-de-pantalla-2026-08-11-1505463690.png
2026-10-07,15:41:47,gogogo,Parche Guante Paz,https://www.gogogo.cl/product/parche-guante-paz,4490,4490,si,14,https://dojiw2m9tvv09.cloudfront.net/59007/product/captura-de-pantalla-2026-08-11-1505372029.png
2026-10-07,15:41:47,gogogo,PARCHE Guante Protección,https://www.gogogo.cl/product/parche-guante-proteccion,5990,5990,si,14,https://dojiw2m9tvv09.cloudfront.net/59007/product/nw-patch-guante-durex1953.jpg
2026-10-07,15:41:47,gogogo,PARCHE Kriss Vector,https://www.gogogo.cl/product/parche-kriss-vector,5990,5990,si,15,https://dojiw2m9tvv09.cloudfront.net/59007/product/nw-patchkrissvector6883.jpg
2026-10-07,15:41:47,gogogo,PARCHE L96,https://www.gogogo.cl/product/parche-l96,5990,5990,si,15,https://dojiw2m9tvv09.cloudfront.net/59007/product/nw-patchl969222.jpg
2026-10-07,15:41:47,gogogo,Parche Lobo Tactico,https://www.gogogo.cl/product/parche-lobo-tactico,5990,5990,si,12,https://dojiw2m9tvv09.cloudfront.net/59007/product/10001786000052.jpg
2026-10-07,15:41:47,gogogo,Parche M110 (Pink),https://www.gogogo.cl/product/parche-m110-pink,5990,5990,si,14,https://dojiw2m9tvv09.cloudfront.net/59007/product/parche-m1105180.jpg
2026-10-07,15:41:47,gogogo,PARCHE M249,https://www.gogogo.cl/product/parche-m249,5990,5990,si,15,https://dojiw2m9tvv09.cloudfront.net/59007/product/nw-patchmk469279.jpg
2026-10-07,15:41:47,gogogo,Parche Maneki Neko Tactical,https://www.gogogo.cl/product/parche-maneki-neko-tactical,5990,5990,si,15,https://dojiw2m9tvv09.cloudfront.net/59007/product/10001786027831.jpg
2026-10-07,15:41:47,gogogo,PARCHE Mirada Gato luminiscente (Coyote),https://www.gogogo.cl/product/parche-mirada-gato-luminiscente-coyote,3990,3990,si,5,https://dojiw2m9tvv09.cloudfront.net/59007/product/nw-ojosgato-coy5038.jpg
2026-10-07,15:41:47,gogogo,PARCHE Mirada Gato luminiscente (Multicam),https://www.gogogo.cl/product/parche-mirada-gato-luminiscente-multicam,3990,3990,si,4,https://dojiw2m9tvv09.cloudfront.net/59007/product/nw-ojosgato-mc5079.jpg
2026-10-07,15:41:47,gogogo,PARCHE Mirada Gato luminiscente (Negro),https://www.gogogo.cl/product/parche-mirada-gato-luminiscente-negro,3990,3990,si,5,https://dojiw2m9tvv09.cloudfront.net/59007/product/nw-ojosgato-bk4919.jpg
2026-10-07,15:41:47,gogogo,Parche MP5,https://www.gogogo.cl/product/parche-mp5,5990,5990,si,15,https://dojiw2m9tvv09.cloudfront.net/59007/product/parche-mp52016.jpg
2026-10-07,15:41:47,gogogo,Parche MP7,https://www.gogogo.cl/product/parche-mp7,5990,5990,si,15,https://dojiw2m9tvv09.cloudfront.net/59007/product/parche-mp75283.jpg
2026-10-07,15:41:47,gogogo,PARCHE Mujer AK,https://www.gogogo.cl/product/parche-mujer-ak,5990,5990,si,14,https://dojiw2m9tvv09.cloudfront.net/59007/product/10001781658575.jpg
2026-10-07,15:41:47,gogogo,PARCHE Mujer AR15 Blanco,https://www.gogogo.cl/product/parche-mujer-ar15-blanco,5990,5990,si,14,https://dojiw2m9tvv09.cloudfront.net/59007/product/10001781384717.jpg
2026-10-07,15:41:47,gogogo,PARCHE Mujer AR15 Negro,https://www.gogogo.cl/product/parche-mujer-ar15-negro,5990,5990,si,15,https://dojiw2m9tvv09.cloudfront.net/59007/product/10001781405731.jpg
2026-10-07,15:41:47,gogogo,PARCHE Mujer Dron,https://www.gogogo.cl/product/parche-mujer-dron,5990,5990,si,13,https://dojiw2m9tvv09.cloudfront.net/59007/product/10001781538712.jpg
2026-10-07,15:41:47,gogogo,PARCHE Mujer LMG,https://www.gogogo.cl/product/parche-mujer-lmg,5990,5990,si,12,https://dojiw2m9tvv09.cloudfront.net/59007/product/10001781425257.jpg
2026-10-07,15:41:47,gogogo,PARCHE Mujer RPG,https://www.gogogo.cl/product/parche-mujer-rpg,5990,5990,si,14,https://dojiw2m9tvv09.cloudfront.net/59007/product/10001781995643.jpg
2026-10-07,15:41:47,gogogo,Parche NASA,https://www.gogogo.cl/product/parche-nasa,3990,3990,si,10,https://dojiw2m9tvv09.cloudfront.net/59007/product/whatsapp-image-2026-07-09-at-6-56-35-pm4562.jpeg
2026-10-07,15:41:47,gogogo,PARCHE O+/POS 2.5x5 cm. (Gris),https://www.gogogo.cl/product/parche-o-pos-2-5x5-cm-gris,2490,2490,si,6,https://dojiw2m9tvv09.cloudfront.net/59007/product/10001785587341.jpg
2026-10-07,15:41:47,gogogo,PARCHE Ojos Gato luminiscente (Coyote),https://www.gogogo.cl/product/parche-ojos-gato-luminiscente-coyote,3900,3900,si,5,https://dojiw2m9tvv09.cloudfront.net/59007/product/nw-ojossolos-coy5754.jpg
2026-10-07,15:41:47,gogogo,PARCHE Ojos Gato luminiscente (Multicam),https://www.gogogo.cl/product/parche-ojos-gato-luminiscente-multicam,3900,3900,si,8,https://dojiw2m9tvv09.cloudfront.net/59007/product/nw-ojossolos-mc5799.jpg
2026-10-07,15:41:47,gogogo,PARCHE Ojos Gato luminiscente (Negro),https://www.gogogo.cl/product/parche-ojos-gato-luminiscente-negro,3900,3900,si,3,https://dojiw2m9tvv09.cloudfront.net/59007/product/nw-ojossolos-bk5245.jpg
2026-10-07,15:41:47,gogogo,PARCHE Ojos Gato luminiscente (Verde),https://www.gogogo.cl/product/parche-ojos-gato-luminiscente-verde,3900,3900,si,7,https://dojiw2m9tvv09.cloudfront.net/59007/product/nw-ojossolos-od5692.jpg
2026-10-07,15:41:47,gogogo,Parche Panda Tactico,https://www.gogogo.cl/product/parche-panda-tactico,4490,4490,si,13,https://dojiw2m9tvv09.cloudfront.net/59007/product/10001786040898.jpg
2026-10-07,15:41:47,gogogo,Parche Pin-Up Bomber Girl,https://www.gogogo.cl/product/parche-pin-up-bomber-girl,3990,3990,si,10,https://dojiw2m9tvv09.cloudfront.net/59007/product/whatsapp-image-2026-07-09-at-6-56-35-pm-23003.jpeg
2026-10-07,15:41:47,gogogo,Parche Police,https://www.gogogo.cl/product/parche-police,3990,3990,si,15,https://dojiw2m9tvv09.cloudfront.net/59007/product/captura-de-pantalla-2026-08-11-1451449004.png
2026-10-07,15:41:47,gogogo,Parche Police hub,https://www.gogogo.cl/product/parche-police-hub,3990,3990,si,14,https://dojiw2m9tvv09.cloudfront.net/59007/product/parche-police-hub4642.jpg
2026-10-07,15:41:47,gogogo,Parche Punisher (Coyote)(P04),https://www.gogogo.cl/product/parche-punisher-coyote-p04,3900,3900,si,14,https://dojiw2m9tvv09.cloudfront.net/59007/product/nw-banderapunisher-coy9470.jpg
2026-10-07,15:41:47,gogogo,Parche Punisher (Multicam)(P05),https://www.gogogo.cl/product/parche-punisher-multicam-p05,3900,3900,si,6,https://dojiw2m9tvv09.cloudfront.net/59007/product/nw-banderapunisher-mc4568.jpg
2026-10-07,15:41:47,gogogo,Parche Punisher (Negro)(P01),https://www.gogogo.cl/product/parche-punisher-negro-p01,3900,3900,si,5,https://dojiw2m9tvv09.cloudfront.net/59007/product/nw-banderapunisher-bk6339.jpg
2026-10-07,15:41:47,gogogo,Parche Punisher (Rojo)(P06),https://www.gogogo.cl/product/parche-punisher-rojo-p06,3900,3900,si,6,https://dojiw2m9tvv09.cloudfront.net/59007/product/nw-bandera-punisher-red3849.jpg
2026-10-07,15:41:47,gogogo,Parche Punisher (Verde Borde Café)(P07),https://www.gogogo.cl/product/parche-punisher-verde-borde-cafe-p07,3990,3990,si,10,https://dojiw2m9tvv09.cloudfront.net/59007/product/whatsapp-image-2026-06-30-at-3-01-30-pm1938.jpeg
2026-10-07,15:41:47,gogogo,Parche Punisher Terminator luminiscente,https://www.gogogo.cl/product/parche-punisher-terminator-luminiscente,5990,5990,si,13,https://dojiw2m9tvv09.cloudfront.net/59007/product/10001785818581.jpg
2026-10-07,15:41:47,gogogo,Parche PVC Bandera USA (Negro),https://www.gogogo.cl/product/parche-pvc-bandera-usa-negro,3990,3990,si,3,https://dojiw2m9tvv09.cloudfront.net/59007/product/captura-de-pantalla-2026-02-11-1454066335.png
2026-10-07,15:41:47,gogogo,PARCHE Scar,https://www.gogogo.cl/product/parche-scar,5990,5990,si,14,https://dojiw2m9tvv09.cloudfront.net/59007/product/parche-scar0646.jpg
2026-10-07,15:41:47,gogogo,PARCHE SWAT 8x5CM,https://www.gogogo.cl/product/parche-swat-8x5cm,3990,3990,si,7,https://dojiw2m9tvv09.cloudfront.net/59007/product/10001027478532.png
2026-10-07,15:41:47,gogogo,Parche Tanque T-72,https://www.gogogo.cl/product/parche-tanque-t-72,5990,5990,si,14,https://dojiw2m9tvv09.cloudfront.net/59007/product/10001785606622.jpg
2026-10-07,15:41:47,gogogo,Parche USA Dragon,https://www.gogogo.cl/product/parche-usa-dragon,3990,3990,si,9,https://dojiw2m9tvv09.cloudfront.net/59007/product/whatsapp-image-2026-07-09-at-6-56-36-pm-10329.jpeg
2026-10-07,15:41:47,gogogo,Parche USA Libertad,https://www.gogogo.cl/product/parche-usa-libertad,3990,3990,si,9,https://dojiw2m9tvv09.cloudfront.net/59007/product/whatsapp-image-2026-07-09-at-6-56-36-pm-20138.jpeg
2026-10-07,15:41:47,gogogo,Parche Vikingo Valknut Reflectante,https://www.gogogo.cl/product/parche-vikingo-valknut-reflectante,4490,4490,si,15,https://dojiw2m9tvv09.cloudfront.net/59007/product/10001785729131.jpg
2026-10-07,15:41:47,gogogo,Combat Pant Gen3 (Wolf Grey),https://www.gogogo.cl/product/combat-pant-gen3-wolf-grey,49990,49990,si,6,https://dojiw2m9tvv09.cloudfront.net/59007/product/pant8205.jpg
2026-10-07,15:41:47,gogogo,EMERSON GEAR - Combat Shirt Gen2 Multicam Tropic (Talla XL),https://www.gogogo.cl/product/emerson-gear-combat-shirt-gen2-multicam-tropic-talla-xl,34993,49990,si,1,https://dojiw2m9tvv09.cloudfront.net/59007/product/emerson-combat-shirt-mc-tropic7631.jpg
2026-10-07,15:41:47,gogogo,ESDY - Combat Shirt Manga Corta (Multicam Black),https://www.gogogo.cl/product/esdy-combat-shirt-manga-corta-multicam-black,16990,16990,si,7,https://dojiw2m9tvv09.cloudfront.net/59007/product/nw-poleraesdy-mcbkt0271.jpg
2026-10-07,15:41:47,gogogo,ESDY - Combat Shirt Manga Corta (Multicam),https://www.gogogo.cl/product/esdy-combat-shirt-manga-corta-multicam,16990,16990,si,18,https://dojiw2m9tvv09.cloudfront.net/59007/product/nw-poleraesdy-mct0225.jpg
2026-10-07,15:41:47,gogogo,ESDY - Combat Shirt Manga Corta (Negro),https://www.gogogo.cl/product/esdy-combat-shirt-manga-corta-negro,16990,16990,si,11,https://dojiw2m9tvv09.cloudfront.net/59007/product/nw-poleraesdy-bkt0136.jpg
2026-10-07,15:41:47,gogogo,ESDY - Combat Shirt Manga Corta (Tan),https://www.gogogo.cl/product/esdy-combat-shirt-manga-corta-tan,16990,16990,si,4,https://dojiw2m9tvv09.cloudfront.net/59007/product/nw-poleraesdy-tant0336.jpg
2026-10-07,15:41:47,gogogo,ESDY - Combat Shirt Manga Larga (FG) (Talla XL),https://www.gogogo.cl/product/esdy-combat-shirt-manga-larga-fg-talla-xl,21990,21990,si,1,https://dojiw2m9tvv09.cloudfront.net/59007/product/10000989129544.jpg
2026-10-07,15:41:47,gogogo,ESDY - Tactical Combat Shirt V2 (Multicam),https://www.gogogo.cl/product/esdy-tactical-combat-shirt-v2-multicam,19990,19990,si,19,https://dojiw2m9tvv09.cloudfront.net/59007/product/esdy-tactical-combat-shirt-multicam6366.jpg
2026-10-07,15:41:47,gogogo,New Gen Tactical Uniform (Black),https://www.gogogo.cl/product/new-gen-tactical-uniform-black,59990,59990,si,8,https://dojiw2m9tvv09.cloudfront.net/59007/product/captura-de-pantalla-2025-09-11-1445421352.png
2026-10-07,15:41:47,gogogo,New Gen Tactical Uniform (Brown),https://www.gogogo.cl/product/new-gen-tactical-uniform-brown,50992,59990,si,13,https://dojiw2m9tvv09.cloudfront.net/59007/product/captura-de-pantalla-2025-09-11-1444241349.png
2026-10-07,15:41:47,gogogo,New Gen Tactical Uniform (Gray),https://www.gogogo.cl/product/new-gen-tactical-uniform-gray,50992,59990,si,18,https://dojiw2m9tvv09.cloudfront.net/59007/product/captura-de-pantalla-2025-09-11-1445576456.png
2026-10-07,15:41:47,gogogo,New Gen Tactical Uniform (Multicam),https://www.gogogo.cl/product/new-gen-tactical-uniform-multicam,59990,59990,si,2,https://dojiw2m9tvv09.cloudfront.net/59007/product/captura-de-pantalla-2025-09-11-1445135654.png
2026-10-07,15:41:47,gogogo,Set Uniforme de Combate (Azul),https://www.gogogo.cl/product/set-uniforme-de-combate-azul,44990,44990,si,3,https://dojiw2m9tvv09.cloudfront.net/59007/product/nw-uniforme-azul-navy-g32780.jpg
2026-10-07,15:41:47,gogogo,Set Uniforme de Combate (Digital Desert),https://www.gogogo.cl/product/set-uniforme-de-combate-digital-desert,44990,44990,si,10,https://dojiw2m9tvv09.cloudfront.net/59007/product/nw-uniformesc-digitaldesertg30094.jpg
2026-10-07,15:41:47,gogogo,Set Uniforme de Combate (Marpat),https://www.gogogo.cl/product/set-uniforme-de-combate-marpat,44990,44990,si,5,https://dojiw2m9tvv09.cloudfront.net/59007/product/nw-uniformesc-clonmarpatg30141.jpg
2026-10-07,15:41:47,gogogo,Set Uniforme de Combate (Multicam Black),https://www.gogogo.cl/product/set-uniforme-de-combate-multicam-black,44990,44990,si,13,https://dojiw2m9tvv09.cloudfront.net/59007/product/nw-uniformesc-negrog3-20026.jpg
2026-10-07,15:41:47,gogogo,Set Uniforme de Combate (Multicam),https://www.gogogo.cl/product/set-uniforme-de-combate-multicam,44990,44990,si,14,https://dojiw2m9tvv09.cloudfront.net/59007/product/nw-uniformesc-multicamg39764.jpg
2026-10-07,15:41:47,gogogo,Set Uniforme de Combate (Negro),https://www.gogogo.cl/product/set-uniforme-de-combate-negro,44990,44990,si,18,https://dojiw2m9tvv09.cloudfront.net/59007/product/nw-uniformesc-negrog39807.jpg
2026-10-07,15:41:47,gogogo,Set Uniforme de Combate (OD),https://www.gogogo.cl/product/set-uniforme-de-combate-od,44990,44990,si,8,https://dojiw2m9tvv09.cloudfront.net/59007/product/nw-uniforme-verdeodg37755.jpg
2026-10-07,15:41:47,gogogo,Set Uniforme de Combate (Tan),https://www.gogogo.cl/product/set-uniforme-de-combate-tan,44990,44990,si,7,https://dojiw2m9tvv09.cloudfront.net/59007/product/nw-uniforme-tang35330.jpg
2026-10-07,15:41:47,gogogo,SIVI - PANTALON CARGO LIGERO SECADO RÁPIDO (BEIGE),https://www.gogogo.cl/product/sivi-pantalon-cargo-ligero-secado-rapido-beige,22990,22990,si,13,https://dojiw2m9tvv09.cloudfront.net/59007/product/captura-de-pantalla-2026-01-12-1633048872.png
2026-10-07,15:41:47,gogogo,SIVI - PANTALON CARGO LIGERO SECADO RÁPIDO (NEGRO),https://www.gogogo.cl/product/sivi-pantalon-cargo-ligero-secado-rapido-negro,22990,22990,si,10,https://dojiw2m9tvv09.cloudfront.net/59007/product/captura-de-pantalla-2026-01-12-1633048329.png
2026-10-07,15:41:47,gogogo,SIVI - PANTALON CARGO LIGERO SECADO RÁPIDO (VERDE),https://www.gogogo.cl/product/sivi-pantalon-cargo-ligero-secado-rapido-verde,22990,22990,si,10,https://dojiw2m9tvv09.cloudfront.net/59007/product/captura-de-pantalla-2026-01-12-1633041947.png
2026-10-07,15:41:47,gogogo,SIVI - PANTALON DE COMBATE (BEIGE),https://www.gogogo.cl/product/sivi-pantalon-de-combate-beige,38990,38990,si,8,https://dojiw2m9tvv09.cloudfront.net/59007/product/captura-de-pantalla-2026-01-12-1714145166.png
2026-10-07,15:41:47,gogogo,SIVI - PANTALON DE COMBATE (MULTICAM),https://www.gogogo.cl/product/sivi-pantalon-de-combate-multicam,38990,38990,si,5,https://dojiw2m9tvv09.cloudfront.net/59007/product/captura-de-pantalla-2026-01-12-1714344122.png
2026-10-07,15:41:47,gogogo,SIVI - PANTALON DE COMBATE (NEGRO),https://www.gogogo.cl/product/sivi-pantalon-de-combate-negro,38990,38990,si,11,https://dojiw2m9tvv09.cloudfront.net/59007/product/captura-de-pantalla-2026-01-12-1714264886.png
2026-10-07,15:41:47,gogogo,SIVI - SHORT TÁCTICO ELASTICADO SECADO RÁPIDO (BEIGE),https://www.gogogo.cl/product/sivi-short-tactico-elasticado-secado-rapido-beige,13592,15990,si,15,https://dojiw2m9tvv09.cloudfront.net/59007/product/captura-de-pantalla-2026-01-12-1725580034.png
2026-10-07,15:41:47,gogogo,SIVI - SHORT TÁCTICO ELASTICADO SECADO RÁPIDO (GRIS),https://www.gogogo.cl/product/sivi-short-tactico-elasticado-secado-rapido-gris,13592,15990,si,14,https://dojiw2m9tvv09.cloudfront.net/59007/product/captura-de-pantalla-2026-01-12-1725482623.png
2026-10-07,15:41:47,gogogo,SIVI - SHORT TÁCTICO ELASTICADO SECADO RÁPIDO (NEGRO),https://www.gogogo.cl/product/sivi-short-tactico-elasticado-secado-rapido-negro,13592,15990,si,14,https://dojiw2m9tvv09.cloudfront.net/59007/product/captura-de-pantalla-2026-01-12-1725441526.png
2026-10-07,15:41:47,gogogo,SIVI - SHORT TÁCTICO ELASTICADO SECADO RÁPIDO (VERDE),https://www.gogogo.cl/product/sivi-short-tactico-elasticado-secado-rapido-verde,13592,15990,si,14,https://dojiw2m9tvv09.cloudfront.net/59007/product/captura-de-pantalla-2026-01-12-1725531736.png
2026-10-07,15:41:47,gogogo,SIVI - SHORT TÁCTICO RIPSTOP (BEIGE),https://www.gogogo.cl/product/sivi-short-tactico-ripstop-beige,16142,18990,si,15,https://dojiw2m9tvv09.cloudfront.net/59007/product/captura-de-pantalla-2026-01-12-1739437345.png
2026-10-07,15:41:47,gogogo,SIVI - SHORT TÁCTICO RIPSTOP (GRIS),https://www.gogogo.cl/product/sivi-short-tactico-ripstop-gris,16142,18990,si,11,https://dojiw2m9tvv09.cloudfront.net/59007/product/captura-de-pantalla-2026-01-12-1739560824.png
2026-10-07,15:41:47,gogogo,SIVI - SHORT TÁCTICO RIPSTOP (NEGRO),https://www.gogogo.cl/product/sivi-short-tactico-ripstop-negro,16142,18990,si,9,https://dojiw2m9tvv09.cloudfront.net/59007/product/captura-de-pantalla-2026-01-12-1741156776.png
2026-10-07,15:41:47,gogogo,SIVI - SHORT TÁCTICO RIPSTOP (VERDE),https://www.gogogo.cl/product/sivi-short-tactico-ripstop-verde,16142,18990,si,12,https://dojiw2m9tvv09.cloudfront.net/59007/product/captura-de-pantalla-2026-01-12-1741195113.png
2026-10-07,15:41:47,gogogo,CAMPSOR - Toalla Microfibra 120x80 cm (Medium)(Azul),https://www.gogogo.cl/product/campsor-toalla-microfibra-120x80-cm-medium-azul,6990,6990,si,1,https://dojiw2m9tvv09.cloudfront.net/59007/product/nw-toallamedium-azul5289.jpg
2026-10-07,15:41:47,gogogo,CAMPSOR - Toalla Microfibra 120x80 cm (Medium)(Gris),https://www.gogogo.cl/product/campsor-toalla-microfibra-120x80-cm-medium-gris,6990,6990,si,2,
2026-10-07,15:41:47,gogogo,CAMPSOR - Toalla Microfibra 120x80 cm (Medium)(Rosado),https://www.gogogo.cl/product/campsor-toalla-microfibra-120x80-cm-medium-rosado,6990,6990,si,1,https://dojiw2m9tvv09.cloudfront.net/59007/product/nw-toallamedium-rosa5315.jpg
2026-10-07,15:41:47,gogogo,Cocinilla a Gas,https://www.gogogo.cl/product/cocinilla-a-gas,12990,12990,si,1,https://dojiw2m9tvv09.cloudfront.net/59007/product/nw-cocinilla-orange-a4537.jpg
2026-10-07,15:41:47,gogogo,Correa de Equipaje,https://www.gogogo.cl/product/correa-de-equipaje,1990,1990,si,4,
2026-10-07,15:41:47,gogogo,Linterna Llavero Recargable (Tipo C),https://www.gogogo.cl/product/linterna-llavero-recargable-tipo-c,5990,5990,si,3,https://dojiw2m9tvv09.cloudfront.net/59007/product/nw-cob-keychain-a9282.jpg
2026-10-07,15:41:47,gogogo,Luz Química (Amarillo),https://www.gogogo.cl/product/luz-quimica-amarillo,1000,1000,si,12,https://dojiw2m9tvv09.cloudfront.net/59007/product/nw-luz-quimica-ama14818.jpg
2026-10-07,15:41:47,gogogo,Luz Química (Azul),https://www.gogogo.cl/product/luz-quimica-azul,1000,1000,si,24,https://dojiw2m9tvv09.cloudfront.net/59007/product/nw-luz-quimica-azul18576.jpg
2026-10-07,15:41:47,gogogo,Luz Química (Rojo),https://www.gogogo.cl/product/luz-quimica-rojo,1000,1000,si,11,https://dojiw2m9tvv09.cloudfront.net/59007/product/nw-luz-quimica-rojo13216.jpg
2026-10-07,15:41:47,gogogo,Luz Química (Verde) ,https://www.gogogo.cl/product/luz-quimica-verde,1000,1000,si,20,https://dojiw2m9tvv09.cloudfront.net/59007/product/nw-luz-quimica-verde11977.jpg
2026-10-07,15:41:47,gogogo,Red de Camuflaje 2x3 mt (Desierto),https://www.gogogo.cl/product/red-de-camuflaje-2x3-mt-desierto,14990,14990,si,2,https://dojiw2m9tvv09.cloudfront.net/59007/product/captura-de-pantalla-2026-04-22-1818285866.png
2026-10-07,15:41:47,gogogo,SKMEI - Reloj Digital 13 Digitos Version 2,https://www.gogogo.cl/product/skmei-reloj-digital-13-digitos-version-2,10990,10990,si,1,https://dojiw2m9tvv09.cloudfront.net/59007/product/17381.jpg
2026-10-07,15:41:47,gogogo,Antena Radio 38cm. Flexible,https://www.gogogo.cl/product/antena-radio-38cm-flexible,6900,6900,si,5,https://dojiw2m9tvv09.cloudfront.net/59007/product/nw-antenaradio38cm8470.jpg
2026-10-07,15:41:47,gogogo,Audífono Laringófono Versión K1,https://www.gogogo.cl/product/audifono-laringofono-version-k1,12990,12990,si,11,https://dojiw2m9tvv09.cloudfront.net/59007/product/nw-laringofonov21183.jpg
2026-10-07,15:41:47,gogogo,Audífonos Modelo Básico Versión K4,https://www.gogogo.cl/product/audifonos-modelo-basico-version-k4,3990,3990,si,1,https://dojiw2m9tvv09.cloudfront.net/59007/product/nw-audifonosbasicos9096.jpg
2026-10-07,15:41:47,gogogo,BAOFENG - Antena 17cm,https://www.gogogo.cl/product/baofeng-antena-17cm,3990,3990,si,3,https://dojiw2m9tvv09.cloudfront.net/59007/product/19194.jpg
2026-10-07,15:41:47,gogogo,BAOFENG - Radio BF-888S,https://www.gogogo.cl/product/baofeng-radio-bf-888s,25990,25990,si,4,https://dojiw2m9tvv09.cloudfront.net/59007/product/nw-radiobaofengbf-888s4885.jpg
2026-10-07,15:41:47,gogogo,BAOFENG - Radio UV5R,https://www.gogogo.cl/product/baofeng-radio-uv5r,29990,29990,si,7,https://dojiw2m9tvv09.cloudfront.net/59007/product/nw-radiobaofenguv5r0326.jpg
2026-10-07,15:41:47,gogogo,Communication Headset 5 Gen (Verde),https://www.gogogo.cl/product/communication-headset-5-gen-verde,69990,69990,si,2,https://dojiw2m9tvv09.cloudfront.net/59007/product/nw-headset-v-a-od3774.jpg
2026-10-07,15:41:47,gogogo,MOTOROLA - Audífonos M1 ,https://www.gogogo.cl/product/motorola-audifonos-m1,6900,6900,si,6,https://dojiw2m9tvv09.cloudfront.net/59007/product/nw-audifonos-motorola3885.jpg
2026-10-07,15:41:47,gogogo,Tactical PTT U94 v1,https://www.gogogo.cl/product/tactical-ptt-u94-v1,15990,15990,si,7,https://dojiw2m9tvv09.cloudfront.net/59007/product/511aqokwaol-ac-uf894-1000-ql800811.jpg
2026-10-07,15:41:47,gogogo,Z-TAC - TASC1 Headset,https://www.gogogo.cl/product/z-tac-tasc1-headset,21990,21990,si,9,https://dojiw2m9tvv09.cloudfront.net/59007/product/19832.jpg
2026-10-07,15:41:47,gogogo,Coderas y Rodilleras Tácticas V1 (Negro),https://www.gogogo.cl/product/coderas-y-rodilleras-tacticas-v1-negro,9990,9990,si,10,https://dojiw2m9tvv09.cloudfront.net/59007/product/nw-rodilleras-v1-bk1476.jpg
2026-10-07,15:41:47,gogogo,Coderas y Rodilleras Tácticas V1 (OD),https://www.gogogo.cl/product/coderas-y-rodilleras-tacticas-v1-od,9990,9990,si,9,https://dojiw2m9tvv09.cloudfront.net/59007/product/nw-rodilleras-v1-od8896.jpg
2026-10-07,15:41:47,gogogo,Coderas y Rodilleras Tácticas V1 (Tan),https://www.gogogo.cl/product/coderas-y-rodilleras-tacticas-v1-tan,9990,9990,si,10,https://dojiw2m9tvv09.cloudfront.net/59007/product/nw-rodilleras-v1-coy8269.jpg
2026-10-07,15:41:47,gogogo,Coderas y Rodilleras Tácticas V2 (Negro),https://www.gogogo.cl/product/coderas-y-rodilleras-tacticas-v2-negro,9990,9990,si,9,https://dojiw2m9tvv09.cloudfront.net/59007/product/nw-rodilleras-bk4463.jpg
2026-10-07,15:41:47,gogogo,Coderas y Rodilleras Tácticas V2 (OD),https://www.gogogo.cl/product/coderas-y-rodilleras-tacticas-v2-od,9990,9990,si,10,https://dojiw2m9tvv09.cloudfront.net/59007/product/nw-rodilleras-od5572.jpg
2026-10-07,15:41:47,gogogo,Coderas y Rodilleras Tácticas V2 (Tan),https://www.gogogo.cl/product/coderas-y-rodilleras-tacticas-v2-tan,9990,9990,si,8,https://dojiw2m9tvv09.cloudfront.net/59007/product/nw-rodilleras-coy6705.jpg
2026-10-07,15:41:47,gogogo,SIVI - RODILLERAS Y CODERAS G3 HEXAGONO (COYOTE),https://www.gogogo.cl/product/sivi-rodilleras-y-coderas-g3-hexagono-coyote,12990,12990,si,13,https://dojiw2m9tvv09.cloudfront.net/59007/product/captura-de-pantalla-2026-01-12-1721397120.png
2026-10-07,15:41:47,gogogo,SIVI - RODILLERAS Y CODERAS G3 HEXAGONO (NEGRO),https://www.gogogo.cl/product/sivi-rodilleras-y-coderas-g3-hexagono-negro,12990,12990,si,14,https://dojiw2m9tvv09.cloudfront.net/59007/product/captura-de-pantalla-2026-01-12-1722362703.png
2026-10-07,15:41:47,gogogo,SIVI - RODILLERAS Y CODERAS G3 HEXAGONO (VERDE),https://www.gogogo.cl/product/sivi-rodilleras-y-coderas-g3-hexagono-verde,12990,12990,si,10,https://dojiw2m9tvv09.cloudfront.net/59007/product/captura-de-pantalla-2026-01-12-1722318368.png
2026-10-07,15:41:47,gogogo,SULAITE - Coderas y Rodilleras,https://www.gogogo.cl/product/sulaite-coderas-y-rodilleras,29990,29990,si,2,https://dojiw2m9tvv09.cloudfront.net/59007/product/nw-coderas-y-rodilleras-sulaite-a-10719.jpg
2026-10-07,15:41:47,gogogo,Banquillo Plegable (Coyote),https://www.gogogo.cl/product/banquillo-plegable-coyote,8990,8990,si,1,https://dojiw2m9tvv09.cloudfront.net/59007/product/captura-de-pantalla-2025-02-05-1346195147.png
2026-10-07,15:41:47,gogogo,Banquillo Plegable (Negro),https://www.gogogo.cl/product/banquillo-plegable-negro,8990,8990,si,2,https://dojiw2m9tvv09.cloudfront.net/59007/product/captura-de-pantalla-2025-02-05-1346524692.png
2026-10-07,15:41:47,gogogo,Banquillo Plegable (Verde),https://www.gogogo.cl/product/banquillo-plegable-verde,8990,8990,si,1,https://dojiw2m9tvv09.cloudfront.net/59007/product/captura-de-pantalla-2025-02-05-1346448810.png
2026-10-07,15:41:47,gogogo,ELEMENT - Llave Delta,https://www.gogogo.cl/product/element-llave-delta,12990,12990,si,7,https://dojiw2m9tvv09.cloudfront.net/59007/product/element-delta-wrench-tool-el-ex1203492.jpg
2026-10-07,15:41:47,gogogo,Lampara Farol Camping LED USB (Naranja),https://www.gogogo.cl/product/lampara-farol-camping-led-usb-naranja,6990,6990,si,1,
2026-10-07,15:41:47,gogogo,Lampara Farol Camping LED USB (Verde),https://www.gogogo.cl/product/lampara-farol-camping-led-usb-verde,6990,6990,si,2,
2026-10-07,15:41:47,gogogo,Llavero Tactico (Coyote),https://www.gogogo.cl/product/llavero-tactico-coyote,3990,3990,si,20,https://dojiw2m9tvv09.cloudfront.net/59007/product/captura-de-pantalla-2026-06-03-1710165250.png
2026-10-07,15:41:47,gogogo,Llavero Tactico (Negro),https://www.gogogo.cl/product/llavero-tactico-negro,3990,3990,si,15,https://dojiw2m9tvv09.cloudfront.net/59007/product/captura-de-pantalla-2026-06-03-1710378093.png
2026-10-07,15:41:47,gogogo,Llavero Tactico (Verde),https://www.gogogo.cl/product/llavero-tactico-verde,3990,3990,si,12,https://dojiw2m9tvv09.cloudfront.net/59007/product/captura-de-pantalla-2026-06-03-1710087085.png
2026-10-07,15:41:47,gogogo,Navaja Multiherramientas (Rojo),https://www.gogogo.cl/product/navaja-multiherramientas-rojo,4990,4990,si,2,https://dojiw2m9tvv09.cloudfront.net/59007/product/captura-de-pantalla-2026-04-23-1801058735.png
2026-10-07,15:41:47,gogogo,Radio AM/FM de 2 Bandas,https://www.gogogo.cl/product/radio-am-fm-de-2-bandas,6990,6990,si,7,https://dojiw2m9tvv09.cloudfront.net/59007/product/10001325155777.png
2026-10-07,15:41:47,gogogo,YUZEX - Reloj sobrevivencia (Negro),https://www.gogogo.cl/product/yuzex-reloj-sobrevivencia-negro,11990,11990,si,2,https://dojiw2m9tvv09.cloudfront.net/59007/product/13487.jpg
2026-10-07,15:41:47,gogogo,YUZEX - Reloj sobrevivencia (Verde),https://www.gogogo.cl/product/yuzex-reloj-sobrevivencia-verde,11990,11990,si,2,https://dojiw2m9tvv09.cloudfront.net/59007/product/22987.jpg
2026-10-07,15:41:47,gogogo,Bipode Atlas,https://www.gogogo.cl/product/bipode-atlas,31900,31900,si,3,https://dojiw2m9tvv09.cloudfront.net/59007/product/nw-bipodeatlas-bk9982.jpg
2026-10-07,15:41:47,gogogo,Bipode Harris,https://www.gogogo.cl/product/bipode-harris,21900,21900,si,4,https://dojiw2m9tvv09.cloudfront.net/59007/product/nw-bipodeharris-bk9527.jpg
2026-10-07,15:41:47,gogogo,Bipode Para Cañón,https://www.gogogo.cl/product/bipode-para-canon,21900,21900,si,2,https://dojiw2m9tvv09.cloudfront.net/59007/product/nw-bipode-ajustable-bk27683.jpg
2026-10-07,15:41:47,gogogo,DEFENSOR FOREVER - Bípode Accutac Picatinny (Bronce),https://www.gogogo.cl/product/defensor-forever-bipode-accutac-picatinny-bronce,39990,39990,si,1,https://dojiw2m9tvv09.cloudfront.net/59007/product/13100.png
2026-10-07,15:41:47,gogogo,DEFENSOR FOREVER - Bipode Magpul (Dark Earth),https://www.gogogo.cl/product/defensor-forever-bipode-magpul-dark-earth,44990,44990,si,1,https://dojiw2m9tvv09.cloudfront.net/59007/product/13806.jpg
2026-10-07,15:41:47,gogogo,DEFENSOR FOVERER - Bipode Büker V10,https://www.gogogo.cl/product/defensor-foverer-bipode-buker-v10,59990,59990,si,3,https://dojiw2m9tvv09.cloudfront.net/59007/product/12489.jpg
2026-10-07,15:41:47,gogogo,5KU - Curved Folding Skeleton Stock for Folding AKs (5KU-328),https://www.gogogo.cl/product/5ku-curved-folding-skeleton-stock-for-folding-aks-5ku-328,79990,79990,si,1,https://dojiw2m9tvv09.cloudfront.net/59007/product/akcesoria-asg-kolby-dodatki-zakrzywiona-kolba-szkieletowa-do-ak-ze-skladana-kolba-5ku-2021025-1-14908.jpg
2026-10-07,15:41:47,gogogo,Culata CTR (Black),https://www.gogogo.cl/product/culata-ctr-black,32990,32990,si,7,https://dojiw2m9tvv09.cloudfront.net/59007/product/ctr-bk5009.jpg
2026-10-07,15:41:47,gogogo,Culata CTR (Tan),https://www.gogogo.cl/product/culata-ctr-tan,32990,32990,si,3,https://dojiw2m9tvv09.cloudfront.net/59007/product/ctr-tan8566.jpg
2026-10-07,15:41:47,gogogo,Angled Fore Grip 1 (Negro),https://www.gogogo.cl/product/angled-fore-grip-1-negro,14990,14990,si,9,https://dojiw2m9tvv09.cloudfront.net/59007/product/nw-angledforegrip1-32413.jpg
2026-10-07,15:41:47,gogogo,Angled Fore Grip 1 (Tan),https://www.gogogo.cl/product/angled-fore-grip-1-tan,14990,14990,si,8,https://dojiw2m9tvv09.cloudfront.net/59007/product/afg1-tan0095.jpg
2026-10-07,15:41:47,gogogo,Angled Fore Grip 2 (Negro),https://www.gogogo.cl/product/angled-fore-grip-2-negro,14990,14990,si,1,https://dojiw2m9tvv09.cloudfront.net/59007/product/nw-angledforegrip2-bk5343.jpg
2026-10-07,15:41:47,gogogo,Angled Fore Grip 2 (Tan),https://www.gogogo.cl/product/angled-fore-grip-2-tan,14990,14990,si,6,https://dojiw2m9tvv09.cloudfront.net/59007/product/nw-angledforegrip2-tan5372.jpg
2026-10-07,15:41:47,gogogo,BIG DRAGON - Grip Tango Down Long (BD-3618) (Tan),https://www.gogogo.cl/product/big-dragon-grip-tango-down-long-bd-3618-tan,9990,9990,si,8,https://dojiw2m9tvv09.cloudfront.net/59007/product/14404.jpg
2026-10-07,15:41:47,gogogo,BIG DRAGON - Grip Tango Down QD (BD-3350) (Dark Earth),https://www.gogogo.cl/product/big-dragon-grip-tango-down-qd-bd-3350-dark-earth,14990,14990,si,7,https://dojiw2m9tvv09.cloudfront.net/59007/product/14939.jpg
2026-10-07,15:41:47,gogogo,BIG DRAGON - Vertical Foregrip (BD-0071B) (Black),https://www.gogogo.cl/product/big-dragon-vertical-foregrip-bd-0071b-black,9990,9990,si,17,https://dojiw2m9tvv09.cloudfront.net/59007/product/big-dragon-foregrip-black-bd-0071b9538.jpg
2026-10-07,15:41:47,gogogo,BIG DRAGON - Vertical Foregrip Battery Holder (Black/Dark Earth)(BD9405BT),https://www.gogogo.cl/product/big-dragon-vertical-foregrip-battery-holder-black-dark-earth-bd9405bt,14990,14990,si,9,https://dojiw2m9tvv09.cloudfront.net/59007/product/17717.jpg
2026-10-07,15:41:47,gogogo,BIG DRAGON - Vertical Foregrip Long (BD-9291LT) (Dark Earth),https://www.gogogo.cl/product/big-dragon-vertical-foregrip-long-bd-9291lt-dark-earth,13990,13990,si,12,https://dojiw2m9tvv09.cloudfront.net/59007/product/big-dragon-vertical-foregrip-long-dark-earth-bd-9291lt6406.jpg
2026-10-07,15:41:47,gogogo,BIG DRAGON - Vertical Grip M-Lok (BD-9366T) (Tan),https://www.gogogo.cl/product/big-dragon-vertical-grip-m-lok-bd-9366t-tan,12990,12990,si,4,https://dojiw2m9tvv09.cloudfront.net/59007/product/10669.jpg
2026-10-07,15:41:47,gogogo,CYMA - Folding Tactical Grip (Black),https://www.gogogo.cl/product/cyma-folding-tactical-grip-black,11990,11990,si,4,https://dojiw2m9tvv09.cloudfront.net/59007/product/cyma-folding-tactical-grip-c570301.jpg
2026-10-07,15:41:47,gogogo,CYMA - Grip Flip Up Tactical (C16),https://www.gogogo.cl/product/cyma-grip-flip-up-tactical-c16,12990,12990,si,9,https://dojiw2m9tvv09.cloudfront.net/59007/product/nw-grip-flip-up-aps4346.jpg
2026-10-07,15:41:47,gogogo,CYMA - Vertical Foregrip MP5-Style Mlok,https://www.gogogo.cl/product/cyma-vertical-foregrip-mp5-style-mlok,14990,14990,si,1,https://dojiw2m9tvv09.cloudfront.net/59007/product/11703.jpg
2026-10-07,15:41:47,gogogo,D|BOYS - Foregrip Long Battery Holder (Black)(DB028),https://www.gogogo.cl/product/d-boys-foregrip-long-battery-holder-black-db028,14990,14990,si,1,https://dojiw2m9tvv09.cloudfront.net/59007/product/dboys-foregrip-long-version-black-db0287267.jpg
2026-10-07,15:41:47,gogogo,FMA - Grip Oblique (Black),https://www.gogogo.cl/product/fma-grip-oblique-black,12990,12990,si,4,https://dojiw2m9tvv09.cloudfront.net/59007/product/18689.jpg
2026-10-07,15:41:47,gogogo,FMA - Hand Stop Angular Grip (FG),https://www.gogogo.cl/product/fma-hand-stop-angular-grip-fg,14990,14990,si,1,https://dojiw2m9tvv09.cloudfront.net/59007/product/10289.jpg
2026-10-07,15:41:47,gogogo,G&G - Vertical Grip Mlok (G03206) (Black),https://www.gogogo.cl/product/g-g-vertical-grip-mlok-g03206-black,18990,18990,si,3,https://dojiw2m9tvv09.cloudfront.net/59007/product/11869.jpg
2026-10-07,15:41:47,gogogo,Goma para Empuñadura (Negro),https://www.gogogo.cl/product/goma-para-empunadura-negro,6990,6990,si,2,https://dojiw2m9tvv09.cloudfront.net/59007/product/mp-rubber-grip-glove-for-pistol-grip-black-mp3084-b5198.jpg
2026-10-07,15:41:47,gogogo,Goma para Empuñadura (Tan),https://www.gogogo.cl/product/goma-para-empunadura-tan,6990,6990,si,3,
2026-10-07,15:41:47,gogogo,Grip Handstop Keymod / Mlok Metalico (ME6087-B),https://www.gogogo.cl/product/grip-handstop-keymod-mlok-metalico-me6087-b,11990,11990,si,1,https://dojiw2m9tvv09.cloudfront.net/59007/product/19095.jpg
2026-10-07,15:41:47,gogogo,Grip PTK (Black),https://www.gogogo.cl/product/grip-ptk-black,12990,12990,si,1,https://dojiw2m9tvv09.cloudfront.net/59007/product/ptk-grip2093.jpg
2026-10-07,15:41:47,gogogo,Grip PTK (Dark Earth),https://www.gogogo.cl/product/grip-ptk-dark-earth,12990,12990,si,2,https://dojiw2m9tvv09.cloudfront.net/59007/product/captura-de-pantalla-2026-03-24-1719536721.png
2026-10-07,15:41:47,gogogo,Grip RVG (Negro),https://www.gogogo.cl/product/grip-rvg-negro,9990,9990,si,1,https://dojiw2m9tvv09.cloudfront.net/59007/product/nw-griprvg-bk7928.jpg
2026-10-07,15:41:47,gogogo,Grip RVG (Tan),https://www.gogogo.cl/product/grip-rvg-tan,9990,9990,si,2,https://dojiw2m9tvv09.cloudfront.net/59007/product/nw-griprvg-tan7739.jpg
2026-10-07,15:41:47,gogogo,Hand Stop Angular Grip (Negro),https://www.gogogo.cl/product/hand-stop-angular-grip-negro,11990,11990,si,14,https://dojiw2m9tvv09.cloudfront.net/59007/product/nw-handstop-cobra-tactical-fore-frip-11360.jpg
2026-10-07,15:41:47,gogogo,Hand Stop Angular Grip (Tan),https://www.gogogo.cl/product/hand-stop-angular-grip-tan,11990,11990,si,9,https://dojiw2m9tvv09.cloudfront.net/59007/product/nw-handstop-cobra-tactical-fore-frip-1tan1457.jpg
2026-10-07,15:41:47,gogogo,Hand Stop Mlok/Keymod Aluminio (ME6093-B) (Black),https://www.gogogo.cl/product/hand-stop-mlok-keymod-aluminio-me6093-b-black,19990,19990,si,1,https://dojiw2m9tvv09.cloudfront.net/59007/product/11991.jpg
2026-10-07,15:41:47,gogogo,Hand Stop Mlok/Keymod Aluminio (ME6093-T) (Dark Earth),https://www.gogogo.cl/product/hand-stop-mlok-keymod-aluminio-me6093-t-dark-earth,19990,19990,si,4,https://dojiw2m9tvv09.cloudfront.net/59007/product/14948.jpg
2026-10-07,15:41:47,gogogo,Magwell M4,https://www.gogogo.cl/product/magwell-m4,14990,14990,si,1,https://dojiw2m9tvv09.cloudfront.net/59007/product/magwell1790.jpg
2026-10-07,15:41:47,gogogo,MP - Hand Stop Mlok Polimero (Black),https://www.gogogo.cl/product/mp-hand-stop-mlok-polimero-black,12990,12990,si,3,https://dojiw2m9tvv09.cloudfront.net/59007/product/13475.jpg
2026-10-07,15:41:47,gogogo,MP - Link Angled Hand Stop Mlok/Keymod (Black),https://www.gogogo.cl/product/mp-link-angled-hand-stop-mlok-keymod-black,14990,14990,si,1,https://dojiw2m9tvv09.cloudfront.net/59007/product/11362.jpg
2026-10-07,15:41:47,gogogo,MP - Short Vertical Grip M-lok/Keymod (Dark Earth),https://www.gogogo.cl/product/mp-short-vertical-grip-m-lok-keymod-dark-earth,14990,14990,si,3,https://dojiw2m9tvv09.cloudfront.net/59007/product/mp-vertical-grip-for-m-lokkeymod-systems-dark-earth-mp1009-t0701.jpg
2026-10-07,15:41:47,gogogo,Support Fore Grip (Black),https://www.gogogo.cl/product/support-fore-grip-black,12990,12990,si,11,https://dojiw2m9tvv09.cloudfront.net/59007/product/captura-de-pantalla-2026-03-24-1722007514.png
2026-10-07,15:41:47,gogogo,Support Fore Grip (Dark Earth),https://www.gogogo.cl/product/support-fore-grip-dark-earth,12990,12990,si,10,https://dojiw2m9tvv09.cloudfront.net/59007/product/captura-de-pantalla-2026-03-24-1721457266.png
2026-10-07,15:41:47,gogogo,WOSPORT - Grip Short Tango Down (Negro),https://www.gogogo.cl/product/wosport-grip-short-tango-down-negro,10990,10990,si,9,https://dojiw2m9tvv09.cloudfront.net/59007/product/wosport-vertical-grip-black-m-1091927.jpg
2026-10-07,15:41:47,gogogo,WOSPORT - Mag Assist M4 (Pack 2 unidades) (Black),https://www.gogogo.cl/product/wosport-mag-assist-m4-pack-2-unidades-black,5990,5990,si,10,https://dojiw2m9tvv09.cloudfront.net/59007/product/15797.jpg
2026-10-07,15:41:47,gogogo,WOSPORT - Tactical Grip Picatinny (Black),https://www.gogogo.cl/product/wosport-tactical-grip-picatinny-black,19990,19990,si,2,https://dojiw2m9tvv09.cloudfront.net/59007/product/15189.jpg
2026-10-07,15:41:47,gogogo,CYMA - Bolt Catch,https://www.gogogo.cl/product/cyma-bolt-catch,9990,9990,si,5,https://dojiw2m9tvv09.cloudfront.net/59007/product/akcesoria-asg-korpusy-asg-i-komory-dzwignia-zatrzasku-zamka-cyma-2494601-1-11921.jpg
2026-10-07,15:41:47,gogogo,ELEMENT - Tapa Empuñadura M4 / M16,https://www.gogogo.cl/product/element-tapa-empunadura-m4-m16,7990,7990,si,2,https://dojiw2m9tvv09.cloudfront.net/59007/product/element-cover-for-motor-hand-grip-for-m4m16-el-ex169-14368.jpg
2026-10-07,15:41:47,gogogo,"JS-TACTICAL - Handguard Keymod 7"" M4",https://www.gogogo.cl/product/js-tactical-handguard-keymod-7-m4,34990,34990,si,1,https://dojiw2m9tvv09.cloudfront.net/59007/product/10651.jpg
2026-10-07,15:41:47,gogogo,"JS-TACTICAL - Handguard M4 Mlok 10"" Skeletonized Free-Float (Black)",https://www.gogogo.cl/product/js-tactical-handguard-m4-mlok-10-skeletonized-free-float-black,54990,54990,si,1,https://dojiw2m9tvv09.cloudfront.net/59007/product/18416.jpg
2026-10-07,15:41:47,gogogo,ROYAL - Pistol Grip (Tan)(M10TAN),https://www.gogogo.cl/product/royal-pistol-grip-tan-m10tan,13990,13990,si,1,https://dojiw2m9tvv09.cloudfront.net/59007/product/14293.jpg
2026-10-07,15:41:47,gogogo,ROYAL - Pistol Grip (Tan)(M34TAN),https://www.gogogo.cl/product/royal-pistol-grip-tan-m34tan,13990,13990,si,5,https://dojiw2m9tvv09.cloudfront.net/59007/product/11172.jpg
2026-10-07,15:41:47,gogogo,4UANTUM - Goma Hop Up Friction PRO GBB,https://www.gogogo.cl/product/4uantum-goma-hop-up-friction-pro-gbb,13990,13990,si,19,https://dojiw2m9tvv09.cloudfront.net/59007/product/10001596861753.png
2026-10-07,15:41:47,gogogo,ARCTURUS - Magazine PP19 Variable-Cap 30/95RDS (Negro),https://www.gogogo.cl/product/arcturus-magazine-pp19-variable-cap-30-95rds-negro,16990,16990,si,22,https://dojiw2m9tvv09.cloudfront.net/59007/product/nw-mag-arcturus-pp19-variable-cap-30-95-18968.jpg
2026-10-07,15:41:47,gogogo,ARCTURUS - Resorte M110 HCL,https://www.gogogo.cl/product/arcturus-resorte-m110-hcl,13990,13990,si,4,https://dojiw2m9tvv09.cloudfront.net/59007/product/arcturus-m1108176.jpg
2026-10-07,15:41:47,gogogo,COBA - Linterna LED de Cabeza tipo cintillo con Sensor   ,https://www.gogogo.cl/product/coba-linterna-led-de-cabeza-tipo-cintillo-con-sensor,8990,8990,si,4,https://dojiw2m9tvv09.cloudfront.net/59007/product/nw-coba-headlamp0450.jpg
2026-10-07,15:41:47,gogogo,Defensor Forever - Linterna Led para Jockey 200 Lumen,https://www.gogogo.cl/product/defensor-forever-linterna-led-para-jockey-200-lumen,2990,2990,si,3,https://dojiw2m9tvv09.cloudfront.net/59007/product/79-243147.jpg
2026-10-07,15:41:47,gogogo,JS-TACTICAL - Linterna LED 200lm,https://www.gogogo.cl/product/js-tactical-linterna-led-200lm,31990,31990,si,5,https://dojiw2m9tvv09.cloudfront.net/59007/product/15763.jpg
2026-10-07,15:41:47,gogogo,Linterna Cabeza LED HL-521,https://www.gogogo.cl/product/linterna-cabeza-led-hl-521,9990,9990,si,1,https://dojiw2m9tvv09.cloudfront.net/59007/product/13883.jpg
2026-10-07,15:41:47,gogogo,Linterna Láser con Pulsador Remoto,https://www.gogogo.cl/product/linterna-laser-con-pulsador-remoto,27990,27990,si,3,https://dojiw2m9tvv09.cloudfront.net/59007/product/nw-linternalaserconpulsadorremoto6651.jpg
2026-10-07,15:41:47,gogogo,Linterna Pistola,https://www.gogogo.cl/product/linterna-pistola,19900,19900,si,1,https://dojiw2m9tvv09.cloudfront.net/59007/product/nw-linternapistola9136.jpg
2026-10-07,15:41:47,gogogo,Linterna Recargable LED USB 11cm.,https://www.gogogo.cl/product/linterna-recargable-led-usb-11cm,6990,6990,si,5,https://dojiw2m9tvv09.cloudfront.net/59007/product/nw-linternarecargableusb11cm0465.jpg
2026-10-07,15:41:47,gogogo,PEQ 15 Funcional Láser Rojo / IR / Linterna (Negro),https://www.gogogo.cl/product/peq-15-funcional-laser-rojo-ir-linterna-negro,59990,59990,si,1,https://dojiw2m9tvv09.cloudfront.net/59007/product/nw-peq-funcional13484.jpg
2026-10-07,15:41:47,gogogo,WADSN - Linterna Led 200lm Pistola,https://www.gogogo.cl/product/wadsn-linterna-led-200lm-pistola,59990,59990,si,2,https://dojiw2m9tvv09.cloudfront.net/59007/product/18967.jpg
2026-10-07,15:41:47,gogogo,WADSN - Linterna Mini Led 280lm,https://www.gogogo.cl/product/wadsn-linterna-mini-led-280lm,52990,52990,si,2,https://dojiw2m9tvv09.cloudfront.net/59007/product/11062.jpg
2026-10-07,15:41:47,gogogo,WADSN - Protector Linterna 26mm (X300/X400/M300W/M600W)(WEX604-BK),https://www.gogogo.cl/product/wadsn-protector-linterna-26mm-x300-x400-m300w-m600w-wex604-bk,8990,8990,si,1,https://dojiw2m9tvv09.cloudfront.net/59007/product/15379.png
2026-10-07,15:41:47,gogogo,WST - Tactical signal light III (Multi-Color),https://www.gogogo.cl/product/wst-tactical-signal-light-iii-multi-color,12990,12990,si,21,https://dojiw2m9tvv09.cloudfront.net/59007/product/nw-luzvelcromulticolor16300.jpg
2026-10-07,15:41:47,gogogo,X-BALOG - Linterna con Montura Incorporada y Disparador Remoto,https://www.gogogo.cl/product/x-balog-linterna-con-montura-incorporada-y-disparador-remoto,25990,25990,si,3,https://dojiw2m9tvv09.cloudfront.net/59007/product/nw-linternaxbalogbl5894.jpg
2026-10-07,15:41:47,gogogo,X-BALOG - Linterna LED BL-Q2804,https://www.gogogo.cl/product/x-balog-linterna-led-bl-q2804,22990,22990,si,4,https://dojiw2m9tvv09.cloudfront.net/59007/product/linterna39661.png
2026-10-07,15:41:47,gogogo,X-BALOG - Linterna LED de Cabeza,https://www.gogogo.cl/product/x-balog-linterna-led-de-cabeza,11990,11990,si,1,https://dojiw2m9tvv09.cloudfront.net/59007/product/nw-xbalog-linterna-headlight2931.jpg
2026-10-07,15:41:47,gogogo,ACM - Extension de Cañon 100x19 mm,https://www.gogogo.cl/product/acm-extension-de-canon-100x19-mm,11990,11990,si,5,https://dojiw2m9tvv09.cloudfront.net/59007/product/13317.jpg
2026-10-07,15:41:47,gogogo,Adaptador Montura Sling QD Ambidiestro + Gancho QD,https://www.gogogo.cl/product/adaptador-montura-sling-qd-ambidiestro-gancho-qd,11990,11990,si,2,https://dojiw2m9tvv09.cloudfront.net/59007/product/10001482310888.jpg
2026-10-07,15:41:47,gogogo,BIG DRAGON - Montura Superior Riel MP5,https://www.gogogo.cl/product/big-dragon-montura-superior-riel-mp5,24990,24990,si,7,https://dojiw2m9tvv09.cloudfront.net/59007/product/10197.jpg
2026-10-07,15:41:47,gogogo,CYMA - Montura Linterna Picatinny AK - UGrip,https://www.gogogo.cl/product/cyma-montura-linterna-picatinny-ak-ugrip,12990,12990,si,1,https://dojiw2m9tvv09.cloudfront.net/59007/product/18397.jpg
2026-10-07,15:41:47,gogogo,ELEMENT - Adaptador Montura Sling,https://www.gogogo.cl/product/element-adaptador-montura-sling,9990,9990,si,13,https://dojiw2m9tvv09.cloudfront.net/59007/product/element-rear-sling-mount-for-m4-el-ot09016048.jpg
2026-10-07,15:41:47,gogogo,ELEMENT - Montura Sling MOE Mlok,https://www.gogogo.cl/product/element-montura-sling-moe-mlok,8990,8990,si,16,https://dojiw2m9tvv09.cloudfront.net/59007/product/17795.jpg
2026-10-07,15:41:47,gogogo,Gancho QD Sling,https://www.gogogo.cl/product/gancho-qd-sling,5900,5900,si,6,https://dojiw2m9tvv09.cloudfront.net/59007/product/nw-qdsling6193.jpg
2026-10-07,15:41:47,gogogo,JS-TACTICAL - Adaptador Ambidiestro para Sling,https://www.gogogo.cl/product/js-tactical-adaptador-ambidiestro-para-sling,8990,8990,si,20,https://dojiw2m9tvv09.cloudfront.net/59007/product/16102.jpg
2026-10-07,15:41:47,gogogo,JS-TACTICAL - Adaptador Montura Sling QD + Gancho QD,https://www.gogogo.cl/product/js-tactical-adaptador-montura-sling-qd-gancho-qd,10990,10990,si,10,https://dojiw2m9tvv09.cloudfront.net/59007/product/11054.jpg
2026-10-07,15:41:47,gogogo,JS-TACTICAL - Montura 45 Grados Mlok,https://www.gogogo.cl/product/js-tactical-montura-45-grados-mlok,10990,10990,si,10,https://dojiw2m9tvv09.cloudfront.net/59007/product/14996.jpg
2026-10-07,15:41:47,gogogo,"JS-TACTICAL - Montura Alza Mira 4 Espacios 4,5x4x2cm (1/2 Pulgada)",https://www.gogogo.cl/product/js-tactical-montura-alza-mira-4-espacios-4-5x4x2cm-1-2-pulgada,8990,8990,si,10,https://dojiw2m9tvv09.cloudfront.net/59007/product/12355.jpg
2026-10-07,15:41:47,gogogo,"JS-TACTICAL - Montura Alza Mira 8 Espacios 8,5x4x2cm (1/2 Pulgada)",https://www.gogogo.cl/product/js-tactical-montura-alza-mira-8-espacios-8-5x4x2cm-1-2-pulgada,9990,9990,si,2,https://dojiw2m9tvv09.cloudfront.net/59007/product/js-tactical-weaver-rail-12-inch-riser-js-rt4l3352.jpg
2026-10-07,15:41:47,gogogo,JS-TACTICAL - Montura Alza Mira 8 Slots,https://www.gogogo.cl/product/js-tactical-montura-alza-mira-8-slots,14990,14990,si,6,https://dojiw2m9tvv09.cloudfront.net/59007/product/js-tactical-8-slots-standard-20mm-rail-12-inch-riser-black-js-tacrs8581.jpg
2026-10-07,15:41:47,gogogo,JS-TACTICAL - Montura Mp5 Low profile,https://www.gogogo.cl/product/js-tactical-montura-mp5-low-profile,19990,19990,si,14,https://dojiw2m9tvv09.cloudfront.net/59007/product/js-tactical-standard-20mm-rail-low-profile-for-mp5-black-js-mp5m8630.jpg
2026-10-07,15:41:47,gogogo,Montura 45 Grados,https://www.gogogo.cl/product/montura-45-grados,6900,6900,si,20,https://dojiw2m9tvv09.cloudfront.net/59007/product/nw-montura457405.jpg
2026-10-07,15:41:47,gogogo,Montura Alza Mira + 45 Grados UTG,https://www.gogogo.cl/product/montura-alza-mira-45-grados-utg,8990,8990,si,1,https://dojiw2m9tvv09.cloudfront.net/59007/product/16335.png
2026-10-07,15:41:47,gogogo,"Montura Alza Mira 3cm. x 8,5cm.",https://www.gogogo.cl/product/montura-alza-mira-3cm-x-8-5cm,7990,7990,si,23,https://dojiw2m9tvv09.cloudfront.net/59007/product/nw-alzamira3x85mm5913.jpg
2026-10-07,15:41:47,gogogo,Montura Compacta Mlok Linterna M300/M600 (Negro),https://www.gogogo.cl/product/montura-compacta-mlok-linterna-m300-m600-negro,6990,6990,si,3,https://dojiw2m9tvv09.cloudfront.net/59007/product/captura-de-pantalla-2026-02-11-1449577869.png
2026-10-07,15:41:47,gogogo,Montura GOPRO Picatinny,https://www.gogogo.cl/product/montura-gopro-picatinny,12990,12990,si,8,https://dojiw2m9tvv09.cloudfront.net/59007/product/nw-monturagopropicatinny1324.jpg
2026-10-07,15:41:47,gogogo,Montura Linterna 3 Posiciones Picatinny (Coyote),https://www.gogogo.cl/product/montura-linterna-3-posiciones-picatinny-coyote,4990,4990,si,4,https://dojiw2m9tvv09.cloudfront.net/59007/product/nw-monturalinterna3posiciones-coy1338.jpg
2026-10-07,15:41:47,gogogo,Montura Linterna 3 Posiciones Picatinny (Negro),https://www.gogogo.cl/product/montura-linterna-3-posiciones-picatinny-negro,4990,4990,si,3,https://dojiw2m9tvv09.cloudfront.net/59007/product/nw-monturalinterna3posiciones-bk1359.jpg
2026-10-07,15:41:47,gogogo,Montura Linterna Picatinny 25mm.,https://www.gogogo.cl/product/montura-linterna-picatinny-25mm,5900,5900,si,2,https://dojiw2m9tvv09.cloudfront.net/59007/product/nw-omonturalinternapicatinny25mm0797.jpg
2026-10-07,15:41:47,gogogo,Montura Mlok para correas (Bronce),https://www.gogogo.cl/product/montura-mlok-para-correas-bronce,10990,10990,si,2,https://dojiw2m9tvv09.cloudfront.net/59007/product/captura-de-pantalla-2025-03-19-1416326905.png
2026-10-07,15:41:47,gogogo,Montura Mlok QD para correas (Negro),https://www.gogogo.cl/product/montura-mlok-qd-para-correas-negro,9990,9990,si,2,https://dojiw2m9tvv09.cloudfront.net/59007/product/captura-de-pantalla-2026-04-22-1837016618.png
2026-10-07,15:41:47,gogogo,Montura para Cañón V2,https://www.gogogo.cl/product/montura-para-canon-v2,5900,5900,si,1,https://dojiw2m9tvv09.cloudfront.net/59007/product/nw-monturaparacononv28991.jpg
2026-10-07,15:41:47,gogogo,Montura Scope 25mm.,https://www.gogogo.cl/product/montura-scope-25mm,4990,4990,si,3,https://dojiw2m9tvv09.cloudfront.net/59007/product/nw-monturascopeqd25mm1123.jpg
2026-10-07,15:41:47,gogogo,Montura Scope 25mm. para Riel 11mm.,https://www.gogogo.cl/product/montura-scope-25mm-para-riel-11mm,1900,1900,si,11,https://dojiw2m9tvv09.cloudfront.net/59007/product/nw-monturascopeqd11mm1284.jpg
2026-10-07,15:41:47,gogogo,Montura Scope QD 25/30mm. Picatinny ,https://www.gogogo.cl/product/montura-scope-qd-25-30mm-picatinny,15900,15900,si,3,https://dojiw2m9tvv09.cloudfront.net/59007/product/nw-omonturalinternapicatinny25-30mm1725.jpg
2026-10-07,15:41:47,gogogo,Montura Sling Z A-1 (Metal Green),https://www.gogogo.cl/product/montura-sling-z-a-1-metal-green,11990,11990,si,2,https://dojiw2m9tvv09.cloudfront.net/59007/product/a1-verde5094.jpg
2026-10-07,15:41:47,gogogo,Pack Rieles Universales,https://www.gogogo.cl/product/pack-rieles-universales,6990,6990,si,36,https://dojiw2m9tvv09.cloudfront.net/59007/product/nw-packrielmlok2633.jpg
2026-10-07,15:41:47,gogogo,Protector de Mira Picatinny,https://www.gogogo.cl/product/protector-de-mira-picatinny,7900,7900,si,13,https://dojiw2m9tvv09.cloudfront.net/59007/product/nw-protectordemira3479.jpg
2026-10-07,15:41:47,gogogo,SPECNA ARMS - Alza Mira 19x50mm largo,https://www.gogogo.cl/product/specna-arms-alza-mira-19x50mm-largo,13990,13990,si,1,https://dojiw2m9tvv09.cloudfront.net/59007/product/17634.jpg
2026-10-07,15:41:47,gogogo,"SPECNA ARMS - Set Rieles Mlok 7,5/9,5 cm",https://www.gogogo.cl/product/specna-arms-set-rieles-mlok-7-5-9-5-cm,13990,13990,si,1,https://dojiw2m9tvv09.cloudfront.net/59007/product/19343.jpg
2026-10-07,15:41:47,gogogo,AGM - Magazine MP40/MP007 Midcap 60RDS Full Metal,https://www.gogogo.cl/product/agm-magazine-mp40-mp007-midcap-60rds-full-metal,18990,18990,si,3,https://dojiw2m9tvv09.cloudfront.net/59007/product/14316.jpg
2026-10-07,15:41:47,gogogo,AMOEBA - Magazine Striker Short Version Low-cap 45rd,https://www.gogogo.cl/product/amoeba-magazine-striker-short-version-low-cap-45rd,23990,23990,si,3,https://dojiw2m9tvv09.cloudfront.net/59007/product/amoeba-45-rounds-short-version-magazine-for-striker-ar-caras022540.jpg
2026-10-07,15:41:47,gogogo,ARCTURUS - Magazine AK Windowed Variable-Cap 30/130RDS EMM (Negro),https://www.gogogo.cl/product/arcturus-magazine-ak-windowed-variable-cap-30-130rds-emm-negro,14990,14990,si,18,https://dojiw2m9tvv09.cloudfront.net/59007/product/magazynki-asg-magazynki-aeg-mid-cap-magazynek-o-zmiennej-pojemnosci-30-130-kulek-mod1-do-ak74-black-arcturus-2176880-19495.jpeg
2026-10-07,15:41:47,gogogo,ARCTURUS - Magazine AK12 Variable-Cap 30/135RDS (Negro),https://www.gogogo.cl/product/arcturus-magazine-ak12-variable-cap-30-135rds-negro,19990,19990,si,8,https://dojiw2m9tvv09.cloudfront.net/59007/product/nw-magarcturusak123948.jpg
2026-10-07,15:41:47,gogogo,ARCTURUS - Magazine AK74 Bakelite Variable-Cap 30/135RDS (Negro),https://www.gogogo.cl/product/arcturus-magazine-ak74-bakelite-variable-cap-30-135rds-negro,14990,14990,si,51,https://dojiw2m9tvv09.cloudfront.net/59007/product/nw-magbakelitarealcap1203.jpg
2026-10-07,15:41:47,gogogo,ARCTURUS - Magazine AK74 Dmag Variable-Cap 30/135RDS (Negro),https://www.gogogo.cl/product/arcturus-magazine-ak74-dmag-variable-cap-30-135rds-negro,14990,14990,si,6,https://dojiw2m9tvv09.cloudfront.net/59007/product/arcturus-magazine-ak749099.png
2026-10-07,15:41:47,gogogo,ARES - Magazine EV01 Series Low-cap 45rd (Black),https://www.gogogo.cl/product/ares-magazine-ev01-series-low-cap-45rd-black,19990,19990,si,3,https://dojiw2m9tvv09.cloudfront.net/59007/product/18237.jpg
2026-10-07,15:41:47,gogogo,BATTLEAXE - Magazine M4 450rd Hicap Polimero,https://www.gogogo.cl/product/battleaxe-magazine-m4-450rd-hicap-polimero,12990,12990,si,6,https://dojiw2m9tvv09.cloudfront.net/59007/product/10098.jpg
2026-10-07,15:41:47,gogogo,BATTLEAXE - Magazine SVD Hicap 180rd (Black),https://www.gogogo.cl/product/battleaxe-magazine-svd-hicap-180rd-black,14990,14990,si,1,https://dojiw2m9tvv09.cloudfront.net/59007/product/13389.jpg
2026-10-07,15:41:47,gogogo,BIG DRAGON - Magazine P90 50rds Low-cap,https://www.gogogo.cl/product/big-dragon-magazine-p90-50rds-low-cap,13990,13990,si,1,https://dojiw2m9tvv09.cloudfront.net/59007/product/13062.jpg
2026-10-07,15:41:47,gogogo,CYBERGUN - Magazine CANIK TP9 ELITE BLACK 22rds Green Gas,https://www.gogogo.cl/product/cybergun-magazine-canik-tp9-elite-black-22rds-green-gas,55990,55990,si,5,https://dojiw2m9tvv09.cloudfront.net/59007/product/15356.jpg
2026-10-07,15:41:47,gogogo,CYMA - Magazine AK47 Hicap 600RDS Full Metal (C22),https://www.gogogo.cl/product/cyma-magazine-ak47-hicap-600rds-full-metal-c22,9990,9990,si,30,https://dojiw2m9tvv09.cloudfront.net/59007/product/nw-cyma-mag-ak-metal-a4719818.jpg
2026-10-07,15:41:47,gogogo,CYMA - Magazine AKs Series Midcap 150rd (C105),https://www.gogogo.cl/product/cyma-magazine-aks-series-midcap-150rd-c105,14990,14990,si,1,https://dojiw2m9tvv09.cloudfront.net/59007/product/magazynki-asg-magazynki-aeg-mid-cap-magazynek-mid-cap-na-150-kulek-do-serii-ak-cyma-13305-1-19403.jpg
2026-10-07,15:41:47,gogogo,CYMA - Magazine M4 450RDS Hicap Metal (M001) (Negro),https://www.gogogo.cl/product/cyma-magazine-m4-450rds-hicap-metal-m001-negro,9990,9990,si,1,https://dojiw2m9tvv09.cloudfront.net/59007/product/12266.png
2026-10-07,15:41:47,gogogo,CYMA - Magazine MP5 Hicap 260rd Full Metal (C46),https://www.gogogo.cl/product/cyma-magazine-mp5-hicap-260rd-full-metal-c46,9990,9990,si,5,https://dojiw2m9tvv09.cloudfront.net/59007/product/15673.png
2026-10-07,15:41:47,gogogo,CYMA - Magazine Recto MP5 Midcap 110rd (C101),https://www.gogogo.cl/product/cyma-magazine-recto-mp5-midcap-110rd-c101,15990,15990,si,6,https://dojiw2m9tvv09.cloudfront.net/59007/product/mp5midstraight3920.jpeg
2026-10-07,15:41:47,gogogo,CYMA - Magazine SVD Hicap 120rds,https://www.gogogo.cl/product/cyma-magazine-svd-hicap-120rds,19990,19990,si,4,https://dojiw2m9tvv09.cloudfront.net/59007/product/cyma-hi-cap-120-rounds-magazine-for-svd-c953132.jpg
2026-10-07,15:41:47,gogogo,DMAG - Magazine AK 5.45x39 Variable-Cap 30/130RDS EMM (Negro),https://www.gogogo.cl/product/dmag-magazine-ak-5-45x39-variable-cap-30-130rds-emm-negro,14990,14990,si,15,
2026-10-07,15:41:47,gogogo,DMAG - Magazine AK 7.62x39 Variable-Cap 30/130RDS EMM (Negro),https://www.gogogo.cl/product/dmag-magazine-ak-7-62x39-variable-cap-30-130rds-emm-negro,14990,14990,si,39,https://dojiw2m9tvv09.cloudfront.net/59007/product/nw-dmag-ak47-variable-a-003343.jpg
2026-10-07,15:41:47,gogogo,E&L - Magazine AK Bakelite Midcap 120RDS (Orange),https://www.gogogo.cl/product/e-l-magazine-ak-bakelite-midcap-120rds-orange,12900,12900,si,8,https://dojiw2m9tvv09.cloudfront.net/59007/product/nw-e-l-mag-orange8461.jpg
2026-10-07,15:41:47,gogogo,EMG - Magazine Staccato CS 26 rds Hi-Capa Series ( by SAVIA ),https://www.gogogo.cl/product/emg-magazine-staccato-cs-26-rds-hi-capa-series-by-savia,59990,59990,si,3,https://dojiw2m9tvv09.cloudfront.net/59007/product/10389.jpg
2026-10-07,15:41:47,gogogo,G&G - Magazine GR16/M4 Midcap 105RDS Polimero (Opaco),https://www.gogogo.cl/product/g-g-magazine-gr16-m4-midcap-105rds-polimero-opaco,15990,15990,si,1,https://dojiw2m9tvv09.cloudfront.net/59007/product/gg-g-08-151-1-105r-mid-cap-magazine-gr16-tainted-5pcsbb-loader4836.jpg
2026-10-07,15:41:47,gogogo,G&G - Magazine GTP9/SMC9 23rds (G08167),https://www.gogogo.cl/product/g-g-magazine-gtp9-smc9-23rds-g08167,59990,59990,si,2,https://dojiw2m9tvv09.cloudfront.net/59007/product/gg-gas-magazine-23rds-for-gtp9smc9-pistol-g081678983.jpg
2026-10-07,15:41:47,gogogo,G&G - Magazine Piranha 25rds (G08183),https://www.gogogo.cl/product/g-g-magazine-piranha-25rds-g08183,44990,44990,si,7,https://dojiw2m9tvv09.cloudfront.net/59007/product/17594.jpg
2026-10-07,15:41:47,gogogo,GO PACK! - X3 Bakelite E&L MIDCAP (Orange),https://www.gogogo.cl/product/go-pack-x3-bakelite-e-l-midcap-orange,36900,36900,si,2,https://dojiw2m9tvv09.cloudfront.net/59007/product/nw-pack-mag-e-l-orange3829.jpg
2026-10-07,15:41:47,gogogo,GO PACK! - X3 Mag ARCTURUS AK Windowed Variable-Cap 30/130RDS EMM (Negro),https://www.gogogo.cl/product/go-pack-x3-mag-arcturus-ak-windowed-variable-cap-30-130rds-emm-negro,41990,41990,si,6,https://dojiw2m9tvv09.cloudfront.net/59007/product/x3windowak9542.jpg
2026-10-07,15:41:47,gogogo,GO PACK! - X3 Mag ARCTURUS AK12 Midcap,https://www.gogogo.cl/product/go-pack-x3-mag-arcturus-ak12-midcap,54990,54990,si,2,https://dojiw2m9tvv09.cloudfront.net/59007/product/x3ak128486.jpg
2026-10-07,15:41:47,gogogo,GO PACK! - X3 Mag Arcturus PP19 Variable-Cap (Negro),https://www.gogogo.cl/product/go-pack-x3-mag-arcturus-pp19-variable-cap-negro,49990,49990,si,7,https://dojiw2m9tvv09.cloudfront.net/59007/product/nw-pack-arcturus-mag-pp190806.jpg
2026-10-07,15:41:47,gogogo,GO PACK! - X3 Mag DMAG AKM Variable-Cap (Negro),https://www.gogogo.cl/product/go-pack-x3-mag-dmag-akm-variable-cap-negro,43000,43000,si,13,https://dojiw2m9tvv09.cloudfront.net/59007/product/ak7626284.jpg
2026-10-07,15:41:47,gogogo,GO PACK! - X3 Mag Specna Arms HICAP Full Metal (Negro),https://www.gogogo.cl/product/go-pack-x3-mag-specna-arms-hicap-full-metal-negro,24990,24990,si,7,https://dojiw2m9tvv09.cloudfront.net/59007/product/nw-x3sahicapbk8779.jpg
2026-10-07,15:41:47,gogogo,GO PACK! - X3 Smag M4 Specna Arms MIDCAP (Negro),https://www.gogogo.cl/product/go-pack-x3-smag-m4-specna-arms-midcap-negro,27872,29970,si,26,https://dojiw2m9tvv09.cloudfront.net/59007/product/nw-x3sasmagbk8987.jpg
2026-10-07,15:41:47,gogogo,GO PACK! - X3 SPECNA ARMS MAGAZINE AK SMAG 175RDS MIDCAP BK,https://www.gogogo.cl/product/go-pack-x3-specna-arms-magazine-ak-smag-175rds-midcap-bk,36242,38970,si,1,https://dojiw2m9tvv09.cloudfront.net/59007/product/ak-mesa-de-trabajo-17950.jpg
2026-10-07,15:41:47,gogogo,GO PACK! - X3 SPECNA ARMS MAGAZINE X-SERIES SMAG 100RDS Midcap,https://www.gogogo.cl/product/go-pack-x3-specna-arms-magazine-x-series-smag-100rds-midcap,42722,44970,si,8,https://dojiw2m9tvv09.cloudfront.net/59007/product/x-series-x3-mesa-de-trabajo-16743.jpg
2026-10-07,15:41:47,gogogo,GO PACK! x3 ARCTURUS AK74 Bakelite 30/135Rds. Variable-Cap Magazine (Negro),https://www.gogogo.cl/product/go-pack-x3-arcturus-ak74-bakelite-30-135rds-variable-cap-magazine-negro,41900,41900,si,17,https://dojiw2m9tvv09.cloudfront.net/59007/product/nw-packbakelitax30839.jpg
2026-10-07,15:41:47,gogogo,GUARDER - BB follower with spring Hi Capa,https://www.gogogo.cl/product/guarder-bb-follower-with-spring-hi-capa,6990,6990,si,3,https://dojiw2m9tvv09.cloudfront.net/59007/product/magazynki-asg-dodatki-do-magazynkow-dosylacz-kulek-wraz-ze-sprezyna-hi-capa-guarder-1483240-1-13540.jpg
2026-10-07,15:41:47,gogogo,JG WORKS - Magazine G36 Hicap 470rds,https://www.gogogo.cl/product/jg-works-magazine-g36-hicap-470rds,12990,12990,si,2,https://dojiw2m9tvv09.cloudfront.net/59007/product/15559.jpg
2026-10-07,15:41:47,gogogo,KING ARMS - Magazine VSS VINTOREZ Hicap 380rds (KA-CAR166),https://www.gogogo.cl/product/king-arms-magazine-vss-vintorez-hicap-380rds-ka-car166,20993,29990,si,2,https://dojiw2m9tvv09.cloudfront.net/59007/product/king-arms-380-rounds-magazine-for-vss-vintorez-ka-car1664417.jpg
2026-10-07,15:41:47,gogogo,KJ WORKS - M9 Magazine CO2,https://www.gogogo.cl/product/kj-works-m9-magazine-co2,39990,39990,si,2,https://dojiw2m9tvv09.cloudfront.net/59007/product/magazynki-asg-magazynki-gazowe-magazynek-do-m9-z-miejscem-na-naboj-co2-kjw-10523-1-16552.jpg
2026-10-07,15:41:47,gogogo,KWA - Magazine LM4 PTR 40rds Green Gas (197-03201),https://www.gogogo.cl/product/kwa-magazine-lm4-ptr-40rds-green-gas-197-03201,79990,79990,si,5,https://dojiw2m9tvv09.cloudfront.net/59007/product/197-03201-kwa-lm4-ptr-40-round-magazine6429.jpg
2026-10-07,15:41:47,gogogo,KWA - Magazine MS120 Midcap 120rds (Mint)(197-04302-M1),https://www.gogogo.cl/product/kwa-magazine-ms120-midcap-120rds-mint-197-04302-m1,20993,29990,si,11,https://dojiw2m9tvv09.cloudfront.net/59007/product/mint-single-19762.png
2026-10-07,15:41:47,gogogo,KWA - Magazine QRF MOD 3 80rds Midcap,https://www.gogogo.cl/product/kwa-magazine-qrf-mod-3-80rds-midcap,24990,24990,si,2,https://dojiw2m9tvv09.cloudfront.net/59007/product/10998.jpg
2026-10-07,15:41:47,gogogo,LEVIATHAN ARMS - Magazine Hi Capa / P14 23rds,https://www.gogogo.cl/product/leviathan-arms-magazine-hi-capa-p14-23rds,34990,34990,si,30,https://dojiw2m9tvv09.cloudfront.net/59007/product/captura-de-pantalla-2023-11-13-1309158994.png
2026-10-07,15:41:47,gogogo,LEVIATHAN ARMS - Magazine M9 23rds,https://www.gogogo.cl/product/leviathan-arms-magazine-m9-23rds,34990,34990,si,22,https://dojiw2m9tvv09.cloudfront.net/59007/product/captura-de-pantalla-2023-11-13-1309071743.png
2026-10-07,15:41:47,gogogo,LEVIATHAN ARMS - Magazine P18/P17 23rds,https://www.gogogo.cl/product/leviathan-arms-magazine-p18-p17-23rds,34990,34990,si,50,https://dojiw2m9tvv09.cloudfront.net/59007/product/captura-de-pantalla-2023-11-13-1309208339.png
2026-10-07,15:41:47,gogogo,SECUTOR ARMS - Magazine Gladius 17 23rds Green Gas,https://www.gogogo.cl/product/secutor-arms-magazine-gladius-17-23rds-green-gas,49990,49990,si,5,https://dojiw2m9tvv09.cloudfront.net/59007/product/14459.png
2026-10-07,15:41:47,gogogo,SPECNA ARMS - Magazine 7.62 E35/E36/E37/E38 Lowcap 40RDS Full Metal (Black),https://www.gogogo.cl/product/specna-arms-magazine-7-62-e35-e36-e37-e38-lowcap-40rds-full-metal-black,18990,18990,si,7,https://dojiw2m9tvv09.cloudfront.net/59007/product/21849.jpg
2026-10-07,15:41:47,gogogo,SPECNA ARMS - MAGAZINE AK SMAG 175RDS MIDCAP BK,https://www.gogogo.cl/product/specna-arms-magazine-ak-smag-175rds-midcap-bk,12990,12990,si,5,https://dojiw2m9tvv09.cloudfront.net/59007/product/smag-ak8570.jpg
2026-10-07,15:41:47,gogogo,SPECNA ARMS - Magazine M4 Hicap 300RDS Full Metal (Gris),https://www.gogogo.cl/product/specna-arms-magazine-m4-hicap-300rds-full-metal-gris,8990,8990,si,21,https://dojiw2m9tvv09.cloudfront.net/59007/product/nw-mag-specna-hc-a-gris4615.jpg
2026-10-07,15:41:47,gogogo,SPECNA ARMS - Magazine M4 Hicap 300RDS Full Metal (Negro),https://www.gogogo.cl/product/specna-arms-magazine-m4-hicap-300rds-full-metal-negro,8990,8990,si,22,https://dojiw2m9tvv09.cloudfront.net/59007/product/nw-magspecnahg-bk3121.jpg
2026-10-07,15:41:47,gogogo,Specna Arms - Magazine M4 SMAG 120RDS MIDCAP BK,https://www.gogogo.cl/product/specna-arms-magazine-m4-smag-120rds-midcap-bk,9990,9990,si,78,https://dojiw2m9tvv09.cloudfront.net/59007/product/nw-magspecnamd-bk3356.jpg
2026-10-07,15:41:47,gogogo,SPECNA ARMS - MAGAZINE X-SERIES SMAG 100RDS Midcap (Black),https://www.gogogo.cl/product/specna-arms-magazine-x-series-smag-100rds-midcap-black,14990,14990,si,25,https://dojiw2m9tvv09.cloudfront.net/59007/product/10113.png
2026-10-07,15:41:47,gogogo,TOKYO MARUI - Magazine Glock 19 3ra Generation No.56 22rds Green Gas,https://www.gogogo.cl/product/tokyo-marui-magazine-glock-19-3ra-generation-no-56-22rds-green-gas,59990,59990,si,1,https://dojiw2m9tvv09.cloudfront.net/59007/product/11261.jpg
2026-10-07,15:41:47,gogogo,UMAREX - Beretta M9A3 Magazine CO2 22rds,https://www.gogogo.cl/product/umarex-beretta-m9a3-magazine-co2-22rds,69990,69990,si,2,https://dojiw2m9tvv09.cloudfront.net/59007/product/16389.png
2026-10-07,15:41:47,gogogo,UMAREX - Magazine Beretta APX 22rds Green Gas,https://www.gogogo.cl/product/umarex-magazine-beretta-apx-22rds-green-gas,54990,54990,si,2,https://dojiw2m9tvv09.cloudfront.net/59007/product/19224.jpg
2026-10-07,15:41:47,gogogo,UMAREX - Magazine Heckler & Koch USP Compact 22rds Green Gas,https://www.gogogo.cl/product/umarex-magazine-heckler-koch-usp-compact-22rds-green-gas,54990,54990,si,3,https://dojiw2m9tvv09.cloudfront.net/59007/product/16214.jpg
2026-10-07,15:41:47,gogogo,WE - Magazine G19-G23 SERIES 20rds Green Gas,https://www.gogogo.cl/product/we-magazine-g19-g23-series-20rds-green-gas,49990,49990,si,2,https://dojiw2m9tvv09.cloudfront.net/59007/product/we-gas-magazine-20-rounds-for-g19-g23-series-car-wg039992.jpg
2026-10-07,15:41:47,gogogo,WE - Magazine Hi Capa 3.8 25rds Green Gas,https://www.gogogo.cl/product/we-magazine-hi-capa-3-8-25rds-green-gas,44990,44990,si,4,https://dojiw2m9tvv09.cloudfront.net/59007/product/we-gas-magazine-25-rounds-for-hi-capa-38-car03100336.jpg
2026-10-07,15:41:47,gogogo,WE - Magazine M1911A Series 15rds Green Gas,https://www.gogogo.cl/product/we-magazine-m1911a-series-15rds-green-gas,39990,39990,si,3,https://dojiw2m9tvv09.cloudfront.net/59007/product/we-gas-magazine-15-rounds-for-m1911a-series-carw049g4121.jpg
2026-10-07,15:41:47,gogogo,Perno Keymod,https://www.gogogo.cl/product/perno-keymod,2900,2900,si,16,https://dojiw2m9tvv09.cloudfront.net/59007/product/nw-perno-keymod9614.jpg
2026-10-07,15:41:47,gogogo,Perno Mlok,https://www.gogogo.cl/product/perno-mlok,2900,2900,si,11,https://dojiw2m9tvv09.cloudfront.net/59007/product/nw-perno-mlok9638.jpg
2026-10-07,15:41:47,gogogo,EMG - Oppressor Universal Blast Shield + Trazador ACETECH Bifrost (Azul),https://www.gogogo.cl/product/emg-oppressor-universal-blast-shield-trazador-acetech-bifrost-azul,127992,159990,si,3,https://dojiw2m9tvv09.cloudfront.net/59007/product/17530.jpg
2026-10-07,15:41:47,gogogo,EMG - Oppressor Universal Blast Shield + Trazador ACETECH Bifrost (Rojo),https://www.gogogo.cl/product/emg-oppressor-universal-blast-shield-trazador-acetech-bifrost-rojo,127992,159990,si,3,https://dojiw2m9tvv09.cloudfront.net/59007/product/15580.jpg
2026-10-07,15:41:47,gogogo,BLS - Speedloader 100BBS,https://www.gogogo.cl/product/bls-speedloader-100bbs,4990,4990,si,47,https://dojiw2m9tvv09.cloudfront.net/59007/product/12992.jpg
2026-10-07,15:41:47,gogogo,FIDRAGON - Speedloader 200BBS,https://www.gogogo.cl/product/fidragon-speedloader-200bbs,5990,5990,si,92,https://dojiw2m9tvv09.cloudfront.net/59007/product/nw-speedloader200rds3446.jpg
2026-10-07,15:41:47,gogogo,Speedloader M4 3000RDS (Negro),https://www.gogogo.cl/product/speedloader-m4-3000rds-negro,16990,16990,si,20,https://dojiw2m9tvv09.cloudfront.net/59007/product/nw-speedloaderbotellabk19867.jpg
2026-10-07,15:41:47,gogogo,T238 - Electric Speed Loader PRO Edition,https://www.gogogo.cl/product/t238-electric-speed-loader-pro-edition,149990,149990,si,10,https://dojiw2m9tvv09.cloudfront.net/59007/product/10841.png
2026-10-07,15:41:47,gogogo,WOSPORT - Adaptador AK para Speedloader,https://www.gogogo.cl/product/wosport-adaptador-ak-para-speedloader,14990,14990,si,3,https://dojiw2m9tvv09.cloudfront.net/59007/product/10022.jpg
2026-10-07,15:41:47,gogogo,WOSPORT - Adaptador MP5 para Speedloader,https://www.gogogo.cl/product/wosport-adaptador-mp5-para-speedloader,14990,14990,si,3,https://dojiw2m9tvv09.cloudfront.net/59007/product/15945.jpg
2026-10-07,15:41:47,gogogo,Adaptador Mini Tamiya Hembra a T-Dean Macho,https://www.gogogo.cl/product/adaptador-mini-tamiya-hembra-a-t-dean-macho,4990,4990,si,5,https://dojiw2m9tvv09.cloudfront.net/59007/product/nw-adaptadormacho-hembra8212.jpg
2026-10-07,15:41:47,gogogo,Conector T-Dean,https://www.gogogo.cl/product/conector-t-dean,1900,1900,si,36,https://dojiw2m9tvv09.cloudfront.net/59007/product/nw-conectort-dean6243.jpg
2026-10-07,15:41:47,gogogo,Conector T-Dean V2,https://www.gogogo.cl/product/conector-t-dean-v2,3490,3490,si,9,https://dojiw2m9tvv09.cloudfront.net/59007/product/captura-de-pantalla-2024-06-07-0058538592.png
2026-10-07,15:41:47,gogogo,SPECNA ARMS - Adaptador Mini Tamiya Hembra a T-Dean Macho,https://www.gogogo.cl/product/specna-arms-adaptador-mini-tamiya-hembra-a-t-dean-macho,5990,5990,si,7,https://dojiw2m9tvv09.cloudfront.net/59007/product/19776.jpg
2026-10-07,15:41:47,gogogo,ARES - Camara Hop Up M4 (AR-AMHOP),https://www.gogogo.cl/product/ares-camara-hop-up-m4-ar-amhop,32990,32990,si,3,https://dojiw2m9tvv09.cloudfront.net/59007/product/ares-complete-assembled-hop-up-chamber-for-m4-ar-amhop6215.jpg
2026-10-07,15:41:47,gogogo,ARES - Camara Hop Up Metal M4 (AR-HU07),https://www.gogogo.cl/product/ares-camara-hop-up-metal-m4-ar-hu07,29990,29990,si,1,https://dojiw2m9tvv09.cloudfront.net/59007/product/ares-metal-hop-up-chamber-for-m4-ar-hu070605.jpg
2026-10-07,15:41:47,gogogo,BIG DRAGON - Camara Hop Up Aluminio AK Series,https://www.gogogo.cl/product/big-dragon-camara-hop-up-aluminio-ak-series,25990,25990,si,1,https://dojiw2m9tvv09.cloudfront.net/59007/product/16156.jpg
2026-10-07,15:41:47,gogogo,BIG DRAGON - Camara Hop Up Aluminio M4 Series,https://www.gogogo.cl/product/big-dragon-camara-hop-up-aluminio-m4-series,48990,48990,si,11,https://dojiw2m9tvv09.cloudfront.net/59007/product/14020.jpg
2026-10-07,15:41:47,gogogo,CYMA - Camara Hop Up Rotatorio High Performanced M4/M16 (M227),https://www.gogogo.cl/product/cyma-camara-hop-up-rotatorio-high-performanced-m4-m16-m227,21990,21990,si,3,https://dojiw2m9tvv09.cloudfront.net/59007/product/czesci-wewnetrzne-komory-hop-up-rotary-komora-hop-up-do-m4-m16-cyma-1641773-1-14046.jpg
2026-10-07,15:41:47,gogogo,LEVIATHAN ARMS - Camara HOP UP V2 (M-281),https://www.gogogo.cl/product/leviathan-arms-camara-hop-up-v2-m-281,18990,18990,si,5,https://dojiw2m9tvv09.cloudfront.net/59007/product/leviathan-arms-camara-hop-up-v2-m-2816603.png
2026-10-07,15:41:47,gogogo,RETRO ARMS - CNC Hop Up Chamber AR15 BASIC,https://www.gogogo.cl/product/retro-arms-cnc-hop-up-chamber-ar15-basic,59990,59990,si,3,https://dojiw2m9tvv09.cloudfront.net/59007/product/13510.jpg
2026-10-07,15:41:47,gogogo,SPECNA ARMS - Camara Hop Up M4 CNC,https://www.gogogo.cl/product/specna-arms-camara-hop-up-m4-cnc,59990,59990,si,1,https://dojiw2m9tvv09.cloudfront.net/59007/product/19675.jpg
2026-10-07,15:41:47,gogogo,SPECNA ARMS - Camara Hop Up M4 Rotatorio TDC Magnus™ + Goma Flat Helium™,https://www.gogogo.cl/product/specna-arms-camara-hop-up-m4-rotatorio-tdc-magnus-goma-flat-helium,22990,22990,si,13,https://dojiw2m9tvv09.cloudfront.net/59007/product/11632.png
2026-10-07,15:41:47,gogogo,GUARDER - 6.02 Cañón de Precisión Interchange (229 mm.),https://www.gogogo.cl/product/guarder-6-02-canon-de-precision-interchange-229-mm,43992,54990,si,13,https://dojiw2m9tvv09.cloudfront.net/59007/product/canon-precision-aeg-602-229mm-guarder-interchange-m4-015716.jpeg
2026-10-07,15:41:47,gogogo,GUARDER - 6.02 Cañón de Precisión Interchange (363 mm.),https://www.gogogo.cl/product/guarder-6-02-canon-de-precision-interchange-363-mm,47992,59990,si,3,https://dojiw2m9tvv09.cloudfront.net/59007/product/canon-precision-aeg-6-02-363mm-guarder-interchange-m4-017916.jpeg
2026-10-07,15:41:47,gogogo,GUARDER - 6.02 Cañón de Precisión Interchange (500 mm.),https://www.gogogo.cl/product/guarder-6-02-canon-de-precision-interchange-500-mm,64990,64990,si,1,https://dojiw2m9tvv09.cloudfront.net/59007/product/photo-010520-11-31-091122.jpg
2026-10-07,15:41:47,gogogo,MODIFY - 6.01 Cañón de Precisión Hybrid (469 mm.),https://www.gogogo.cl/product/modify-6-01-canon-de-precision-hybrid-469-mm,49990,49990,si,3,https://dojiw2m9tvv09.cloudfront.net/59007/product/nw-ca-on-presicion-601-469mm-modify6187.jpg
2026-10-07,15:41:47,gogogo,SPECNA ARMS - Cañon de Precision 6.02 363mm,https://www.gogogo.cl/product/specna-arms-canon-de-precision-6-02-363mm,38990,38990,si,2,https://dojiw2m9tvv09.cloudfront.net/59007/product/15770.jpg
2026-10-07,15:41:47,gogogo,SPECNA ARMS - Cañon de Precision 6.02 407mm,https://www.gogogo.cl/product/specna-arms-canon-de-precision-6-02-407mm,49990,49990,si,1,https://dojiw2m9tvv09.cloudfront.net/59007/product/16467.jpg
2026-10-07,15:41:47,gogogo,SPECNA ARMS - Cañon de Precision 6.02 455mm,https://www.gogogo.cl/product/specna-arms-canon-de-precision-6-02-455mm,54990,54990,si,1,https://dojiw2m9tvv09.cloudfront.net/59007/product/10697.jpg
2026-10-07,15:41:47,gogogo,SPECNA ARMS - Cañon de Precision 6.02 509mm,https://www.gogogo.cl/product/specna-arms-canon-de-precision-6-02-509mm,59990,59990,si,1,https://dojiw2m9tvv09.cloudfront.net/59007/product/13059.jpg
2026-10-07,15:41:47,gogogo,BIG DRAGON - Nozzle G36C Series,https://www.gogogo.cl/product/big-dragon-nozzle-g36c-series,7990,7990,si,5,https://dojiw2m9tvv09.cloudfront.net/59007/product/czesci-wewnetrzne-dysze-asg-aluminiowa-doszczelniona-dysza-do-g36c-bd-13191-1-16963.jpg
2026-10-07,15:41:47,gogogo,BIG DRAGON - Nozzle M4/M16 Series,https://www.gogogo.cl/product/big-dragon-nozzle-m4-m16-series,9990,9990,si,9,https://dojiw2m9tvv09.cloudfront.net/59007/product/12629.png
2026-10-07,15:41:47,gogogo,CYMA - Cilindro Tipo 2,https://www.gogogo.cl/product/cyma-cilindro-tipo-2,9990,9990,si,2,https://dojiw2m9tvv09.cloudfront.net/59007/product/czesci-wewnetrzne-cylindry-asg-cylinder-ze-stali-nierdzewnej-typ-2-cyma-1909538-1-17953.jpg
2026-10-07,15:41:47,gogogo,E&L - 2/3 Cilindro V2 / V3,https://www.gogogo.cl/product/e-l-2-3-cilindro-v2-v3,12990,12990,si,3,https://dojiw2m9tvv09.cloudfront.net/59007/product/el-stainless-23-cylinder-for-v2-and-v3-gearbox-el-3d-00-23706.jpg
2026-10-07,15:41:47,gogogo,ELEMENT - Cabeza de Cilindro V3,https://www.gogogo.cl/product/element-cabeza-de-cilindro-v3,11990,11990,si,5,https://dojiw2m9tvv09.cloudfront.net/59007/product/13388.jpg
2026-10-07,15:41:47,gogogo,ELEMENT - Nozzle Aluminio AK Series,https://www.gogogo.cl/product/element-nozzle-aluminio-ak-series,7990,7990,si,2,https://dojiw2m9tvv09.cloudfront.net/59007/product/11375.jpg
2026-10-07,15:41:47,gogogo,G&G - Nozzle AK Series,https://www.gogogo.cl/product/g-g-nozzle-ak-series,8990,8990,si,3,https://dojiw2m9tvv09.cloudfront.net/59007/product/14726.jpg
2026-10-07,15:41:47,gogogo,G&G - Nozzle Mp5 Series,https://www.gogogo.cl/product/g-g-nozzle-mp5-series,8990,8990,si,4,https://dojiw2m9tvv09.cloudfront.net/59007/product/gg-air-seal-nozzle-for-mp5-series-gg-sp-mp58573.jpg
2026-10-07,15:41:47,gogogo,MODIFY - Nozzle G36C,https://www.gogogo.cl/product/modify-nozzle-g36c,8900,8900,si,1,https://dojiw2m9tvv09.cloudfront.net/59007/product/nw-nozzleg36cseries-modify8140.jpg
2026-10-07,15:41:47,gogogo,Nozzle M4/M16 Series (Dorado),https://www.gogogo.cl/product/nozzle-m4-m16-series-dorado,9990,9990,si,4,https://dojiw2m9tvv09.cloudfront.net/59007/product/captura-de-pantalla-2025-12-10-1806378041.png
2026-10-07,15:41:47,gogogo,RETRO ARMS - Nozzle CNC 21.4mm,https://www.gogogo.cl/product/retro-arms-nozzle-cnc-21-4mm,12990,12990,si,5,https://dojiw2m9tvv09.cloudfront.net/59007/product/13698.jpg
2026-10-07,15:41:47,gogogo,SPECNA ARMS - Cilindro Tipo 0 Edge™,https://www.gogogo.cl/product/specna-arms-cilindro-tipo-0-edge,11990,11990,si,6,https://dojiw2m9tvv09.cloudfront.net/59007/product/10403.jpg
2026-10-07,15:41:47,gogogo,SPECNA ARMS - Cilindro Tipo 2 Edge™,https://www.gogogo.cl/product/specna-arms-cilindro-tipo-2-edge,8990,8990,si,5,https://dojiw2m9tvv09.cloudfront.net/59007/product/19184.jpg
2026-10-07,15:41:47,gogogo,SPECNA ARMS - Nozzle M4 21.3mm Æther™ Prime™,https://www.gogogo.cl/product/specna-arms-nozzle-m4-21-3mm-aether-prime,10990,10990,si,5,https://dojiw2m9tvv09.cloudfront.net/59007/product/11565.jpg
2026-10-07,15:41:47,gogogo,SPITFIRE SYSTEMS - Cabeza de Cilindro Aluminio V2 (Gris),https://www.gogogo.cl/product/spitfire-systems-cabeza-de-cilindro-aluminio-v2-gris,11990,11990,si,5,
2026-10-07,15:41:47,gogogo,T238 - Cilindro 100% con recubrimiento de PTFE,https://www.gogogo.cl/product/t238-cilindro-100-con-recubrimiento-de-ptfe,10990,10990,si,9,https://dojiw2m9tvv09.cloudfront.net/59007/product/12455.png
2026-10-07,15:41:47,gogogo,T238 - Cilindro 70% con recubrimiento de PTFE,https://www.gogogo.cl/product/t238-cilindro-70-con-recubrimiento-de-ptfe,10990,10990,si,10,https://dojiw2m9tvv09.cloudfront.net/59007/product/11029.png
2026-10-07,15:41:47,gogogo,UMAREX / VFC - Loading Nozzle /Cylinder Set,https://www.gogogo.cl/product/umarex-vfc-loading-nozzle-cylinder-set,25990,25990,si,1,https://dojiw2m9tvv09.cloudfront.net/59007/product/13772.jpg
2026-10-07,15:41:47,gogogo,AIM TOP - Anti Reversal V2/V3,https://www.gogogo.cl/product/aim-top-anti-reversal-v2-v3,10990,10990,si,2,https://dojiw2m9tvv09.cloudfront.net/59007/product/czesci-wewnetrzne-zatrzaski-anti-reversal-zatrzask-przeciwpowrotny-v2-i-v3-aimtop-3284482-2-16561.jpg
2026-10-07,15:41:47,gogogo,D|BOYS - Cut Off V2,https://www.gogogo.cl/product/d-boys-cut-off-v2,7990,7990,si,5,https://dojiw2m9tvv09.cloudfront.net/59007/product/16396.jpg
2026-10-07,15:41:47,gogogo,GUARDER - Cut Off Lever V3,https://www.gogogo.cl/product/guarder-cut-off-lever-v3,15990,15990,si,1,https://dojiw2m9tvv09.cloudfront.net/59007/product/czesci-wewnetrzne-pozostale-przerywacz-trybu-ognia-ak-v3-stal-guarder-588386-1-15471.jpg
2026-10-07,15:41:47,gogogo,LEVIATHAN ARMS - Cut Off Level V2,https://www.gogogo.cl/product/leviathan-arms-cut-off-level-v2,9990,9990,si,14,https://dojiw2m9tvv09.cloudfront.net/59007/product/captura-de-pantalla-2024-11-22-1451089797.png
2026-10-07,15:41:47,gogogo,RETRO ARMS - CNC Cut-Off lever V3,https://www.gogogo.cl/product/retro-arms-cnc-cut-off-lever-v3,14990,14990,si,10,https://dojiw2m9tvv09.cloudfront.net/59007/product/2668-6563-46547672.jpg
2026-10-07,15:41:47,gogogo,SPECNA ARMS - Steel Cut Off V2,https://www.gogogo.cl/product/specna-arms-steel-cut-off-v2,9990,9990,si,9,https://dojiw2m9tvv09.cloudfront.net/59007/product/16394.jpg
2026-10-07,15:41:47,gogogo,SPITFIRE - Anti Reversal V2/V3,https://www.gogogo.cl/product/spitfire-anti-reversal-v2-v3,9990,9990,si,4,https://dojiw2m9tvv09.cloudfront.net/59007/product/captura-de-pantalla-2024-11-22-1458436076.png
2026-10-07,15:41:47,gogogo,CYMA - SHORT STROKE 12 Dientes CNC set,https://www.gogogo.cl/product/cyma-short-stroke-12-dientes-cnc-set,39990,39990,si,2,https://dojiw2m9tvv09.cloudfront.net/59007/product/czesci-wewnetrzne-zebatki-asg-komplet-short-stroke-12-zebow-cnc-cyma-817840-1-11681.jpg
2026-10-07,15:41:47,gogogo,LEVIATHAN ARMS - Standart Gear Set,https://www.gogogo.cl/product/leviathan-arms-standart-gear-set,21990,21990,si,1,https://dojiw2m9tvv09.cloudfront.net/59007/product/sdsdsd4725.PNG
2026-10-07,15:41:47,gogogo,SPECNA ARMS - CNC 13:1 Steel Gear Set,https://www.gogogo.cl/product/specna-arms-cnc-13-1-steel-gear-set,35990,35990,si,1,https://dojiw2m9tvv09.cloudfront.net/59007/product/13129.jpg
2026-10-07,15:41:47,gogogo,SPECNA ARMS - CNC 16:1 Steel Gear Set,https://www.gogogo.cl/product/specna-arms-cnc-16-1-steel-gear-set,35990,35990,si,2,https://dojiw2m9tvv09.cloudfront.net/59007/product/15024.jpg
2026-10-07,15:41:47,gogogo,SPITFIRE SYSTEMS - CNC Gear Set 100:200 Helicoidales,https://www.gogogo.cl/product/spitfire-systems-cnc-gear-set-100-200-helicoidales,29990,29990,si,1,https://dojiw2m9tvv09.cloudfront.net/59007/product/spitfire-systems-cnc-gear-set-100-200-helicoidales2444.png
2026-10-07,15:41:47,gogogo,SPITFIRE SYSTEMS - CNC Gear Set 13:1,https://www.gogogo.cl/product/spitfire-systems-cnc-gear-set-13-1,29990,29990,si,1,
2026-10-07,15:41:47,gogogo,SPITFIRE SYSTEMS - CNC Gear Set 16:1,https://www.gogogo.cl/product/spitfire-systems-cnc-gear-set-16-1,29990,29990,si,1,https://dojiw2m9tvv09.cloudfront.net/59007/product/spitfire-systems-cnc-gear-set-16-13056.png
2026-10-07,15:41:47,gogogo,SPITFIRE SYSTEMS - CNC Gear Set 18:1,https://www.gogogo.cl/product/spitfire-systems-cnc-gear-set-18-1,29990,29990,si,2,https://dojiw2m9tvv09.cloudfront.net/59007/product/spitfire-systems-cnc-gear-set-18-16864.png
2026-10-07,15:41:47,gogogo,T238 - High Strength Low Noise CNC Gear Set 13:1,https://www.gogogo.cl/product/t238-high-strength-low-noise-cnc-gear-set-13-1,49990,49990,si,8,https://dojiw2m9tvv09.cloudfront.net/59007/product/captura-de-pantalla-2026-05-18-1800013956.png
2026-10-07,15:41:47,gogogo,T238 - High Strength Low Noise CNC Gear Set 16:1,https://www.gogogo.cl/product/t238-high-strength-low-noise-cnc-gear-set-16-1,49990,49990,si,4,https://dojiw2m9tvv09.cloudfront.net/59007/product/15719.jpg
2026-10-07,15:41:47,gogogo,CYMA - Switch de Gatillo V2,https://www.gogogo.cl/product/cyma-switch-de-gatillo-v2,11990,11990,si,17,https://dojiw2m9tvv09.cloudfront.net/59007/product/11592.jpg
2026-10-07,15:41:47,gogogo,D|BOYS - Gatillo Electronico KYLIN V2,https://www.gogogo.cl/product/d-boys-gatillo-electronico-kylin-v2,69990,69990,si,8,https://dojiw2m9tvv09.cloudfront.net/59007/product/15553.jpg
2026-10-07,15:41:47,gogogo,D|BOYS - Gatillo Electronico V2,https://www.gogogo.cl/product/d-boys-gatillo-electronico-v2,39990,39990,si,19,https://dojiw2m9tvv09.cloudfront.net/59007/product/11072.jpg
2026-10-07,15:41:47,gogogo,D|BOYS - Set Switch V2 + Cableado Trasero,https://www.gogogo.cl/product/d-boys-set-switch-v2-cableado-trasero,12990,12990,si,10,https://dojiw2m9tvv09.cloudfront.net/59007/product/14558.jpg
2026-10-07,15:41:47,gogogo,D|BOYS - Set Switch V3 + Cableado Delantero,https://www.gogogo.cl/product/d-boys-set-switch-v3-cableado-delantero,12990,12990,si,11,https://dojiw2m9tvv09.cloudfront.net/59007/product/15524.jpg
2026-10-07,15:41:47,gogogo,D|BOYS - Set Switch V3 + Cableado Trasero,https://www.gogogo.cl/product/d-boys-set-switch-v3-cableado-trasero,12990,12990,si,7,https://dojiw2m9tvv09.cloudfront.net/59007/product/15565.jpg
2026-10-07,15:41:47,gogogo,E&L - Set Switch V3 / AK Series (Tamiya),https://www.gogogo.cl/product/e-l-set-switch-v3-ak-series-tamiya,24990,24990,si,4,https://dojiw2m9tvv09.cloudfront.net/59007/product/el-switch-assembly-for-v3-gearboxex-el-3-04-19980.jpg
2026-10-07,15:41:47,gogogo,MODIFY - Set Switch AK con Cable Plateado (Tamiya),https://www.gogogo.cl/product/modify-set-switch-ak-con-cable-plateado-tamiya,24990,24990,si,1,https://dojiw2m9tvv09.cloudfront.net/59007/product/nw-modify-swich-ak-tamiya4647.jpg
2026-10-07,15:41:47,gogogo,SHS - Switch de Gatillo V3,https://www.gogogo.cl/product/shs-switch-de-gatillo-v3,12990,12990,si,3,https://dojiw2m9tvv09.cloudfront.net/59007/product/nw-switchinterruptorv33244.jpg
2026-10-07,15:41:47,gogogo,SPECNA ARMS - Gatillo AR15 Specna Arms Core™/EDGE™,https://www.gogogo.cl/product/specna-arms-gatillo-ar15-specna-arms-core-edge,9990,9990,si,2,https://dojiw2m9tvv09.cloudfront.net/59007/product/17032.jpg
2026-10-07,15:41:47,gogogo,Switch de Gatillo V2,https://www.gogogo.cl/product/switch-de-gatillo-v2,8990,8990,si,6,https://dojiw2m9tvv09.cloudfront.net/59007/product/swicht1244.png
2026-10-07,15:41:47,gogogo,T238 - Cableado Teflon 18AWG 1mt,https://www.gogogo.cl/product/t238-cableado-teflon-18awg-1mt,7990,7990,si,10,https://dojiw2m9tvv09.cloudfront.net/59007/product/17151.png
2026-10-07,15:41:47,gogogo,T238 - DTU V2 EXP(V2.0) Bluetooth Version,https://www.gogogo.cl/product/t238-dtu-v2-exp-v2-0-bluetooth-version,109990,109990,si,8,https://dojiw2m9tvv09.cloudfront.net/59007/product/15929.jpg
2026-10-07,15:41:47,gogogo,T238 - DTU V3 PRO Light Sensor Version,https://www.gogogo.cl/product/t238-dtu-v3-pro-light-sensor-version,79990,79990,si,6,https://dojiw2m9tvv09.cloudfront.net/59007/product/12325.jpg
2026-10-07,15:41:47,gogogo,T238 - Sensores Opticos para DTU PRO & EXP,https://www.gogogo.cl/product/t238-sensores-opticos-para-dtu-pro-exp,3990,3990,si,10,https://dojiw2m9tvv09.cloudfront.net/59007/product/10418.png
2026-10-07,15:41:47,gogogo,4UANTUM - Goma Hop Up Friction PRO AEG,https://www.gogogo.cl/product/4uantum-goma-hop-up-friction-pro-aeg,14990,14990,si,13,https://dojiw2m9tvv09.cloudfront.net/59007/product/img-67144-5d94d92900b7aba45b06929f910ca2eb-12463.jpg
2026-10-07,15:41:47,gogogo,ARES - Goma Hop Up 70°,https://www.gogogo.cl/product/ares-goma-hop-up-70,12990,12990,si,5,https://dojiw2m9tvv09.cloudfront.net/59007/product/ares-hop-up-silicon-bucking-70-ar-hu125755.jpg
2026-10-07,15:41:47,gogogo,BIG DRAGON - Goma Hop Up 70°,https://www.gogogo.cl/product/big-dragon-goma-hop-up-70,8990,8990,si,5,https://dojiw2m9tvv09.cloudfront.net/59007/product/big-dragon-hop-up-bucking-70-bd-13216978.jpg
2026-10-07,15:41:47,gogogo,D|BOYS - Goma Hop Up 70°,https://www.gogogo.cl/product/d-boys-goma-hop-up-70,5990,5990,si,5,https://dojiw2m9tvv09.cloudfront.net/59007/product/dboys-hop-up-bucking-70-db0481465.jpg
2026-10-07,15:41:47,gogogo,ELEMENT - Nub H-Hop Up,https://www.gogogo.cl/product/element-nub-h-hop-up,3990,3990,si,5,https://dojiw2m9tvv09.cloudfront.net/59007/product/element-h-hopup-el-in06059187.jpg
2026-10-07,15:41:47,gogogo,MAPLE LEAF - Goma Hop Up Monster 50°,https://www.gogogo.cl/product/maple-leaf-goma-hop-up-monster-50,12990,12990,si,2,https://dojiw2m9tvv09.cloudfront.net/59007/product/14174.jpg
2026-10-07,15:41:47,gogogo,MAPLE LEAF - Goma Hop Up Monster 70°,https://www.gogogo.cl/product/maple-leaf-goma-hop-up-monster-70,12990,12990,si,4,https://dojiw2m9tvv09.cloudfront.net/59007/product/13833.jpg
2026-10-07,15:41:47,gogogo,MAPLE LEAF - Goma Hop Up Monster 75°,https://www.gogogo.cl/product/maple-leaf-goma-hop-up-monster-75,12990,12990,si,4,https://dojiw2m9tvv09.cloudfront.net/59007/product/czesci-wewnetrzne-gumki-hop-up-aeg-gumka-hop-up-75-monster-maple-leaf-3427316-1-17980.jpg
2026-10-07,15:41:47,gogogo,MAPLE LEAF - Goma Hop Up Super Macaron 70°,https://www.gogogo.cl/product/maple-leaf-goma-hop-up-super-macaron-70,16990,16990,si,2,https://dojiw2m9tvv09.cloudfront.net/59007/product/czesci-wewnetrzne-gumki-hop-up-aeg-gumka-hop-up-70-super-macaron-maple-leaf-148560-1-17054.jpg
2026-10-07,15:41:47,gogogo,MAPLE LEAF - Goma Hop Up Super Macaron 75°,https://www.gogogo.cl/product/maple-leaf-goma-hop-up-super-macaron-75,15990,15990,si,2,https://dojiw2m9tvv09.cloudfront.net/59007/product/czesci-wewnetrzne-gumki-hop-up-aeg-gumka-hop-up-75-super-macaron-maple-leaf-3427330-1-15521.jpg
2026-10-07,15:41:47,gogogo,Nub U 70°,https://www.gogogo.cl/product/nub-u-70,3990,3990,si,3,https://dojiw2m9tvv09.cloudfront.net/59007/product/captura-de-pantalla-2024-05-13-1446153892.png
2026-10-07,15:41:47,gogogo,Nub U 80°,https://www.gogogo.cl/product/nub-u-80,3990,3990,si,4,
2026-10-07,15:41:47,gogogo,SPECNA ARMS - Goma Hop Up 60° + Nub,https://www.gogogo.cl/product/specna-arms-goma-hop-up-60-nub,8990,8990,si,12,https://dojiw2m9tvv09.cloudfront.net/59007/product/18240.jpg
2026-10-07,15:41:47,gogogo,SPECNA ARMS - Goma Hop Up 70° + Nub,https://www.gogogo.cl/product/specna-arms-goma-hop-up-70-nub,8990,8990,si,6,https://dojiw2m9tvv09.cloudfront.net/59007/product/17156.png
2026-10-07,15:41:47,gogogo,SPECNA ARMS - Goma Hop Up M4 + Nub Plano,https://www.gogogo.cl/product/specna-arms-goma-hop-up-m4-nub-plano,11990,11990,si,3,https://dojiw2m9tvv09.cloudfront.net/59007/product/specna-goma-nub-plano5178.jpg
2026-10-07,15:41:47,gogogo,UNICORN - Goma Hop Up GBB Rubber 80° Competition Grade,https://www.gogogo.cl/product/unicorn-goma-hop-up-gbb-rubber-80-competition-grade,14990,14990,si,2,https://dojiw2m9tvv09.cloudfront.net/59007/product/czesci-wewnetrzne-gumki-hop-up-vsr-gbb-gumka-80-competition-grade-do-gbb-unicorn-3200417-1-10305.jpg
2026-10-07,15:41:47,gogogo,UNICORN - Goma Hop Up Rubber 80°,https://www.gogogo.cl/product/unicorn-goma-hop-up-rubber-80,13990,13990,si,5,https://dojiw2m9tvv09.cloudfront.net/59007/product/czesci-wewnetrzne-gumki-hop-up-aeg-gumka-80-do-aeg-unicorn-3200411-1-16074.jpg
2026-10-07,15:41:47,gogogo,UNICORN - Nub 50° (Soft),https://www.gogogo.cl/product/unicorn-nub-50-soft,8990,8990,si,1,https://dojiw2m9tvv09.cloudfront.net/59007/product/czesci-wewnetrzne-gumki-hop-up-aeg-dystanser-50-soft-unicorn-3200406-1-19812.jpg
2026-10-07,15:41:47,gogogo,UNICORN - Nub 80° (Hard),https://www.gogogo.cl/product/unicorn-nub-80-hard,9990,9990,si,5,https://dojiw2m9tvv09.cloudfront.net/59007/product/czesci-wewnetrzne-gumki-hop-up-aeg-dystanser-80-hard-unicorn-3200407-1-19016.jpg
2026-10-07,15:41:47,gogogo,CLASSIC ARMY - Mosfet,https://www.gogogo.cl/product/classic-army-mosfet,24990,24990,si,8,https://dojiw2m9tvv09.cloudfront.net/59007/product/13942.jpg
2026-10-07,15:41:47,gogogo,ARCTURUS - Resorte M100 HCL,https://www.gogogo.cl/product/arcturus-resorte-m100-hcl,13990,13990,si,7,https://dojiw2m9tvv09.cloudfront.net/59007/product/captura-de-pantalla-2026-07-14-1408485749.png
2026-10-07,15:41:47,gogogo,CYMA - Resorte M100,https://www.gogogo.cl/product/cyma-resorte-m100,5990,5990,si,1,https://dojiw2m9tvv09.cloudfront.net/59007/product/czesci-wewnetrzne-sprezyny-asg-sprezyna-aeg-m100-cyma-3379481-1-17656.jpg
2026-10-07,15:41:47,gogogo,E&L - Resorte M130,https://www.gogogo.cl/product/e-l-resorte-m130,13990,13990,si,15,https://dojiw2m9tvv09.cloudfront.net/59007/product/14240.jpg
2026-10-07,15:41:47,gogogo,ELEMENT - Resorte M145,https://www.gogogo.cl/product/element-resorte-m145,13990,13990,si,3,https://dojiw2m9tvv09.cloudfront.net/59007/product/15971.jpg
2026-10-07,15:41:47,gogogo,GUARDER - Resorte SP 85,https://www.gogogo.cl/product/guarder-resorte-sp-85,14990,14990,si,4,https://dojiw2m9tvv09.cloudfront.net/59007/product/czesci-wewnetrzne-sprezyny-asg-sprezyna-sp-85-guarder-9756-1-10818.jpg
2026-10-07,15:41:47,gogogo,JS-TACTICAL - Resorte M110,https://www.gogogo.cl/product/js-tactical-resorte-m110,9990,9990,si,5,https://dojiw2m9tvv09.cloudfront.net/59007/product/11057.jpg
2026-10-07,15:41:47,gogogo,LEVIATHAN ARMS - Guia Resorte con Bearing Sacado Rapido,https://www.gogogo.cl/product/leviathan-arms-guia-resorte-con-bearing-sacado-rapido,9990,9990,si,1,https://dojiw2m9tvv09.cloudfront.net/59007/product/leviathan-arms-guia-resorte-con-bearing-sacado-rapido2463.png
2026-10-07,15:41:47,gogogo,RETRO ARMS - Resorte M110,https://www.gogogo.cl/product/retro-arms-resorte-m110,14990,14990,si,2,https://dojiw2m9tvv09.cloudfront.net/59007/product/14216.jpg
2026-10-07,15:41:47,gogogo,SPECNA ARMS - Resorte M100,https://www.gogogo.cl/product/specna-arms-resorte-m100,9990,9990,si,5,https://dojiw2m9tvv09.cloudfront.net/59007/product/nw-resortespecna9949.jpg
2026-10-07,15:41:47,gogogo,SPECNA ARMS - Resorte M120,https://www.gogogo.cl/product/specna-arms-resorte-m120,9990,9990,si,20,https://dojiw2m9tvv09.cloudfront.net/59007/product/19237.jpg
2026-10-07,15:41:47,gogogo,SPECNA ARMS - Resorte M140,https://www.gogogo.cl/product/specna-arms-resorte-m140,12990,12990,si,5,https://dojiw2m9tvv09.cloudfront.net/59007/product/18158.jpg
2026-10-07,15:41:47,gogogo,SPECNA ARMS - Resorte M90,https://www.gogogo.cl/product/specna-arms-resorte-m90,8990,8990,si,3,https://dojiw2m9tvv09.cloudfront.net/59007/product/nw-resortespecna9831.jpg
2026-10-07,15:41:47,gogogo,SPITFIRE SYSTEMS - Resorte M100,https://www.gogogo.cl/product/spitfire-systems-resorte-m100,9990,9990,si,9,https://dojiw2m9tvv09.cloudfront.net/59007/product/spitfire-systems-resorte-m1009497.png
2026-10-07,15:41:47,gogogo,SPITFIRE SYSTEMS - Resorte M110,https://www.gogogo.cl/product/spitfire-systems-resorte-m110,9990,9990,si,13,
2026-10-07,15:41:47,gogogo,SPITFIRE SYSTEMS - Resorte M120,https://www.gogogo.cl/product/spitfire-systems-resorte-m120,9990,9990,si,2,
2026-10-07,15:41:47,gogogo,SPITFIRE SYSTEMS - Resorte M130,https://www.gogogo.cl/product/spitfire-systems-resorte-m130,9990,9990,si,4,https://dojiw2m9tvv09.cloudfront.net/59007/product/spitfire-systems-resorte-m1306173.png
2026-10-07,15:41:47,gogogo,TORNADO - Resorte M110 (tor-08-006318),https://www.gogogo.cl/product/tornado-resorte-m110-tor-08-006318,14990,14990,si,2,https://dojiw2m9tvv09.cloudfront.net/59007/product/spring-m110-aeg-tornado-tor-08-0063186061.jpg
2026-10-07,15:41:47,gogogo,APS - Polyacetal High Pressure Piston V2,https://www.gogogo.cl/product/aps-polyacetal-high-pressure-piston-v2,11990,11990,si,1,https://dojiw2m9tvv09.cloudfront.net/59007/product/czesci-wewnetrzne-tloki-asg-poliacetalowy-tlok-wysokocisnieniowy-do-gearboxa-v2-aps-16234-1-12785.jpg
2026-10-07,15:41:47,gogogo,BIG DRAGON - Cabeza de Pistón Doble Oring,https://www.gogogo.cl/product/big-dragon-cabeza-de-piston-doble-oring,13990,13990,si,4,https://dojiw2m9tvv09.cloudfront.net/59007/product/11649.jpg
2026-10-07,15:41:47,gogogo,D|BOYS - Piston Aluminio Ligero con Dientes Metalicos Semi Dentado,https://www.gogogo.cl/product/d-boys-piston-aluminio-ligero-con-dientes-metalicos-semi-dentado,15990,15990,si,3,https://dojiw2m9tvv09.cloudfront.net/59007/product/16402.jpg
2026-10-07,15:41:47,gogogo,E&L - Pistón Dientes Metalicos + Cabeza Piston (V2/V3),https://www.gogogo.cl/product/e-l-piston-dientes-metalicos-cabeza-piston-v2-v3,14990,14990,si,10,https://dojiw2m9tvv09.cloudfront.net/59007/product/el-full-teeth-piston-and-piston-head-el-3d-079021.jpg
2026-10-07,15:41:47,gogogo,ELEMENT - Piston Ligero Transparente V2/V3,https://www.gogogo.cl/product/element-piston-ligero-transparente-v2-v3,7990,7990,si,9,https://dojiw2m9tvv09.cloudfront.net/59007/product/element-lightweight-piston-el-in04011583.jpg
2026-10-07,15:41:47,gogogo,SPECNA ARMS - Cabeza de Piston CORE,https://www.gogogo.cl/product/specna-arms-cabeza-de-piston-core,8990,8990,si,15,https://dojiw2m9tvv09.cloudfront.net/59007/product/10534.png
2026-10-07,15:41:47,gogogo,SPECNA ARMS - Cabeza de Piston EDGE,https://www.gogogo.cl/product/specna-arms-cabeza-de-piston-edge,11990,11990,si,8,https://dojiw2m9tvv09.cloudfront.net/59007/product/14096.png
2026-10-07,15:41:47,gogogo,SPECNA ARMS - Piston 14 Dientes Metalicos CORE,https://www.gogogo.cl/product/specna-arms-piston-14-dientes-metalicos-core,10990,10990,si,7,https://dojiw2m9tvv09.cloudfront.net/59007/product/14917.png
2026-10-07,15:41:47,gogogo,SPITFIRE SYSTEMS - Piston High-Speed 14 Dientes Metalicos,https://www.gogogo.cl/product/spitfire-systems-piston-high-speed-14-dientes-metalicos,10990,10990,si,1,https://dojiw2m9tvv09.cloudfront.net/59007/product/spitfire-systems-piston-high-speed-14-dientes-metalicos7417.png
2026-10-07,15:41:47,gogogo,SPITFIRE SYSTEMS - Piston Line Cutting 14 Dientes Metalicos,https://www.gogogo.cl/product/spitfire-systems-piston-line-cutting-14-dientes-metalicos,10990,10990,si,1,https://dojiw2m9tvv09.cloudfront.net/59007/product/spitfire-systems-piston-line-cutting-14-dientes-metalicos4661.png
2026-10-07,15:41:47,gogogo,T238 - Piston Rack Pro Edition,https://www.gogogo.cl/product/t238-piston-rack-pro-edition,12990,12990,si,7,https://dojiw2m9tvv09.cloudfront.net/59007/product/15304.jpg
2026-10-07,15:41:47,gogogo,CYMA - Tappet Plate V2,https://www.gogogo.cl/product/cyma-tappet-plate-v2,7990,7990,si,10,https://dojiw2m9tvv09.cloudfront.net/59007/product/czesci-wewnetrzne-listwy-dosylacza-asg-listwa-dosylacza-v2-cyma-1218749-1-17381.jpg
2026-10-07,15:41:47,gogogo,CYMA - Tappet Plate V3,https://www.gogogo.cl/product/cyma-tappet-plate-v3,7990,7990,si,14,https://dojiw2m9tvv09.cloudfront.net/59007/product/czesci-wewnetrzne-listwy-dosylacza-asg-listwa-dosylacza-v3-cyma-2072034-1-16757.jpg
2026-10-07,15:41:47,gogogo,D|BOYS - Selector Set V3,https://www.gogogo.cl/product/d-boys-selector-set-v3,13990,13990,si,4,https://dojiw2m9tvv09.cloudfront.net/59007/product/dboys-safety-set-for-v3-gearbox-db0773991.jpg
2026-10-07,15:41:47,gogogo,D|BOYS - Tappet Plate V3,https://www.gogogo.cl/product/d-boys-tappet-plate-v3,6990,6990,si,1,https://dojiw2m9tvv09.cloudfront.net/59007/product/dboys-tappet-plate-for-v3-gearbox-db0825916.jpg
2026-10-07,15:41:47,gogogo,E&L - Selector Plate AK Series,https://www.gogogo.cl/product/e-l-selector-plate-ak-series,8990,8990,si,3,https://dojiw2m9tvv09.cloudfront.net/59007/product/el-selector-plate-for-ak-series-el-3-00-33068.jpg
2026-10-07,15:41:47,gogogo,FPS SOFTAIR - Tappet Plate V3 Reforzado,https://www.gogogo.cl/product/fps-softair-tappet-plate-v3-reforzado,11990,11990,si,3,https://dojiw2m9tvv09.cloudfront.net/59007/product/019765.png
2026-10-07,15:41:47,gogogo,LEVIATHAN ARMS - Selector Plate V2 (G1),https://www.gogogo.cl/product/leviathan-arms-selector-plate-v2-g1,7990,7990,si,2,https://dojiw2m9tvv09.cloudfront.net/59007/product/selector-plate2296.png
2026-10-07,15:41:47,gogogo,LEVIATHAN ARMS - Selector Plate V2 (G2),https://www.gogogo.cl/product/leviathan-arms-selector-plate-v2-g2,9990,9990,si,4,https://dojiw2m9tvv09.cloudfront.net/59007/product/leviathan-arms-selector-plate-v2-g20252.png
2026-10-07,15:41:47,gogogo,RETRO ARMS - Selector Plate V2,https://www.gogogo.cl/product/retro-arms-selector-plate-v2,9990,9990,si,10,https://dojiw2m9tvv09.cloudfront.net/59007/product/17716.jpg
2026-10-07,15:41:47,gogogo,ROYAL - Selector Plate AK Series,https://www.gogogo.cl/product/royal-selector-plate-ak-series,6990,6990,si,3,https://dojiw2m9tvv09.cloudfront.net/59007/product/16213.jpg
2026-10-07,15:41:47,gogogo,ROYAL - Selector Plate G36 Series,https://www.gogogo.cl/product/royal-selector-plate-g36-series,6990,6990,si,4,https://dojiw2m9tvv09.cloudfront.net/59007/product/17692.jpg
2026-10-07,15:41:47,gogogo,SHS - Tappet Plate V3,https://www.gogogo.cl/product/shs-tappet-plate-v3,9990,9990,si,2,https://dojiw2m9tvv09.cloudfront.net/59007/product/nw-shs-tappet-plate-v36776.jpg
2026-10-07,15:41:47,gogogo,SPECNA ARMS - Palanca Selector de Tiro M4/M16,https://www.gogogo.cl/product/specna-arms-palanca-selector-de-tiro-m4-m16,7990,7990,si,2,https://dojiw2m9tvv09.cloudfront.net/59007/product/16836.jpg
2026-10-07,15:41:47,gogogo,SPECNA ARMS - Selector Plate V2,https://www.gogogo.cl/product/specna-arms-selector-plate-v2,9990,9990,si,2,https://dojiw2m9tvv09.cloudfront.net/59007/product/18687.jpg
2026-10-07,15:41:47,gogogo,ARCTURUS - Gearbox V3 QD 8mm Standard,https://www.gogogo.cl/product/arcturus-gearbox-v3-qd-8mm-standard,39990,39990,si,1,https://dojiw2m9tvv09.cloudfront.net/59007/product/gearbox-v3-arcturus2493.jpg
2026-10-07,15:41:47,gogogo,BIG DRAGON - 8MM Bearings Buschings,https://www.gogogo.cl/product/big-dragon-8mm-bearings-buschings,12990,12990,si,3,https://dojiw2m9tvv09.cloudfront.net/59007/product/big-dragon-metal-8mm-bearing-buschings-bd-12294864.jpg
2026-10-07,15:41:47,gogogo,D|BOYS - 7MM Stainless Steel Bushings,https://www.gogogo.cl/product/d-boys-7mm-stainless-steel-bushings,8990,8990,si,4,https://dojiw2m9tvv09.cloudfront.net/59007/product/dboys-6x-7mm-stainless-steel-bushings-db0966243.jpg
2026-10-07,15:41:47,gogogo,D|BOYS - Set Tornillos para Gearbox V2,https://www.gogogo.cl/product/d-boys-set-tornillos-para-gearbox-v2,3990,3990,si,19,https://dojiw2m9tvv09.cloudfront.net/59007/product/18802.jpg
2026-10-07,15:41:47,gogogo,ELEMENT - 7MM Oilness Metal Bushings,https://www.gogogo.cl/product/element-7mm-oilness-metal-bushings,8990,8990,si,3,https://dojiw2m9tvv09.cloudfront.net/59007/product/element-6x-oilness-metal-bushings-7mm-el-in02070416.jpg
2026-10-07,15:41:47,gogogo,SPECNA ARMS - Gearbox v2 Skeleton Specna Arms Æther™ con J-Cage Bearings,https://www.gogogo.cl/product/specna-arms-gearbox-v2-skeleton-specna-arms-aether-con-j-cage-bearings,59990,59990,si,8,https://dojiw2m9tvv09.cloudfront.net/59007/product/13024.png
2026-10-07,15:41:47,gogogo,SPECNA ARMS - Set Resortes Gearbox V2,https://www.gogogo.cl/product/specna-arms-set-resortes-gearbox-v2,12990,12990,si,10,https://dojiw2m9tvv09.cloudfront.net/59007/product/15417.jpg
2026-10-07,15:41:47,gogogo,SPECNA ARMS - Set Shim,https://www.gogogo.cl/product/specna-arms-set-shim,10990,10990,si,5,https://dojiw2m9tvv09.cloudfront.net/59007/product/17372.jpg
2026-10-07,15:41:47,gogogo,SRC - Set Shim,https://www.gogogo.cl/product/src-set-shim,8990,8990,si,6,https://dojiw2m9tvv09.cloudfront.net/59007/product/15702.jpg
2026-10-07,15:41:47,gogogo,T238 - Set Shim,https://www.gogogo.cl/product/t238-set-shim,10990,10990,si,6,https://dojiw2m9tvv09.cloudfront.net/59007/product/15141.png
2026-10-07,15:41:47,gogogo,BIG DRAGON - Motor M120 High Speed Long V2,https://www.gogogo.cl/product/big-dragon-motor-m120-high-speed-long-v2,44990,44990,si,3,https://dojiw2m9tvv09.cloudfront.net/59007/product/15494.jpg
2026-10-07,15:41:47,gogogo,BIG DRAGON - Motor M120 High Speed Short V3,https://www.gogogo.cl/product/big-dragon-motor-m120-high-speed-short-v3,39990,39990,si,1,https://dojiw2m9tvv09.cloudfront.net/59007/product/big-dragon-m120-short-type-v3-high-speed-jpg5789.png
2026-10-07,15:41:47,gogogo,BIG DRAGON - Tapa de motor M4 Series (BD3416),https://www.gogogo.cl/product/big-dragon-tapa-de-motor-m4-series-bd3416,9990,9990,si,2,https://dojiw2m9tvv09.cloudfront.net/59007/product/akcesoria-asg-chwyty-pistoletowe-asg-pokrywa-silnika-do-replik-serii-m4-9809-2-10196.jpg
2026-10-07,15:41:47,gogogo,D|BOYS - Piñon Acero Tipo D,https://www.gogogo.cl/product/d-boys-pinon-acero-tipo-d,4990,4990,si,8,https://dojiw2m9tvv09.cloudfront.net/59007/product/12485.jpg
2026-10-07,15:41:47,gogogo,T238 - Conector de Motor,https://www.gogogo.cl/product/t238-conector-de-motor,2990,2990,si,10,https://dojiw2m9tvv09.cloudfront.net/59007/product/18859.png
2026-10-07,15:41:47,gogogo,T238 - Extractor de Piñones,https://www.gogogo.cl/product/t238-extractor-de-pinones,10990,10990,si,9,https://dojiw2m9tvv09.cloudfront.net/59007/product/13143.png
2026-10-07,15:41:47,gogogo,T238 - Motor Brushless 25000RPM Short Shaft,https://www.gogogo.cl/product/t238-motor-brushless-25000rpm-short-shaft,109990,109990,si,5,https://dojiw2m9tvv09.cloudfront.net/59007/product/16718.jpg
2026-10-07,15:41:47,gogogo,T238 - Motor Brushless 37000RPM Long Shaft (BL480 3350KV),https://www.gogogo.cl/product/t238-motor-brushless-37000rpm-long-shaft-bl480-3350kv,109990,109990,si,5,https://dojiw2m9tvv09.cloudfront.net/59007/product/51l7l9j3ekl-ac-sl10000327.jpg
2026-10-07,15:41:47,gogogo,ARMY ARMAMENT - Hi Capa magazine seal,https://www.gogogo.cl/product/army-armament-hi-capa-magazine-seal,3990,3990,si,4,https://dojiw2m9tvv09.cloudfront.net/59007/product/czesci-wewnetrzne-czesci-do-pistoletow-uszczelka-magazynka-hi-capa-army-armament-3388585-1-16127.jpg
2026-10-07,15:41:47,gogogo,AW CUSTOM - Magazine Lip HX / Hi Capa Series,https://www.gogogo.cl/product/aw-custom-magazine-lip-hx-hi-capa-series,11990,11990,si,4,https://dojiw2m9tvv09.cloudfront.net/59007/product/13881.jpg
2026-10-07,15:41:47,gogogo,GUARDER - Hi Capa Upper Magazine Seal,https://www.gogogo.cl/product/guarder-hi-capa-upper-magazine-seal,7990,7990,si,3,https://dojiw2m9tvv09.cloudfront.net/59007/product/czesci-wewnetrzne-czesci-do-pistoletow-gorna-uszczelka-magazynka-hi-capa-guarder-1483238-1-16874.jpg
2026-10-07,15:41:47,gogogo,GUARDER - Lip Magazine Hi Capa,https://www.gogogo.cl/product/guarder-lip-magazine-hi-capa,9990,9990,si,4,https://dojiw2m9tvv09.cloudfront.net/59007/product/12575.jpg
2026-10-07,15:41:47,gogogo,KJ WORKS - 1911 Magazine Lip (GGB-0305P-77),https://www.gogogo.cl/product/kj-works-1911-magazine-lip-ggb-0305p-77,6990,6990,si,7,https://dojiw2m9tvv09.cloudfront.net/59007/product/magazynki-asg-dodatki-do-magazynkow-1911-szczeki-magazynka-kjw-1244217-1-13212.jpg
2026-10-07,15:41:47,gogogo,KJ WORKS - Magazine Lip KP06 (Hi Capa),https://www.gogogo.cl/product/kj-works-magazine-lip-kp06-hi-capa,6990,6990,si,6,https://dojiw2m9tvv09.cloudfront.net/59007/product/czesci-wewnetrzne-czesci-do-pistoletow-szczeki-magazynka-kp06-kjw-1244243-1-10457.jpg
2026-10-07,15:41:47,gogogo,SPECNA ARMS - Lip Magazine Hi Capa Vapor,https://www.gogogo.cl/product/specna-arms-lip-magazine-hi-capa-vapor,3990,3990,si,2,https://dojiw2m9tvv09.cloudfront.net/59007/product/10489.jpg
2026-10-07,15:41:47,gogogo,SRC - Magazine Lip SR-SP (USP),https://www.gogogo.cl/product/src-magazine-lip-sr-sp-usp,3990,3990,si,9,https://dojiw2m9tvv09.cloudfront.net/59007/product/magazynki-asg-dodatki-do-magazynkow-szczeki-magazynka-sr-sp-src-2360788-1-13558.jpg
2026-10-07,15:41:47,gogogo,UMAREX / VFC - Magazine Base Seal Glock 17/19X/18C GBB,https://www.gogogo.cl/product/umarex-vfc-magazine-base-seal-glock-17-19x-18c-gbb,9990,9990,si,4,https://dojiw2m9tvv09.cloudfront.net/59007/product/13359.jpg
2026-10-07,15:41:47,gogogo,Valvula Estandar GBB (V1),https://www.gogogo.cl/product/valvula-estandar-gbb-v1,14990,14990,si,1,
2026-10-07,15:41:47,gogogo,Valvula Estandar GBB (V2),https://www.gogogo.cl/product/valvula-estandar-gbb-v2,14990,14990,si,4,
2026-10-07,15:41:47,gogogo,Elite Force - Green Gas 560ml Heavy Gas 130PSI (Con Silicona),https://www.gogogo.cl/product/elite-force-green-gas-560ml-heavy-gas-130psi-con-silicona,14990,14990,si,41,https://dojiw2m9tvv09.cloudfront.net/59007/product/130psi6875.png
2026-10-07,15:41:47,gogogo,Elite Force - Green Gas 560ml Heavy Gas 150PSI (Con Silicona),https://www.gogogo.cl/product/elite-force-green-gas-560ml-heavy-gas-150psi-con-silicona,14990,14990,si,104,https://dojiw2m9tvv09.cloudfront.net/59007/product/150psi2333.png
2026-10-07,15:41:47,gogogo,GO PACK! X10 UMAREX - Cápsula CO2,https://www.gogogo.cl/product/go-pack-x10-umarex-capsula-co2,7921,8900,si,23,https://dojiw2m9tvv09.cloudfront.net/59007/product/gemini-generated-image-xy85jjxy85jjxy854521.png
2026-10-07,15:41:47,gogogo,GO PACK! X3 Green Gas Walther Premium 750ml.,https://www.gogogo.cl/product/go-pack-x3-green-gas-walther-premium-750ml,36900,36900,si,7,https://dojiw2m9tvv09.cloudfront.net/59007/product/nw-gas-walther-x31443.jpg
2026-10-07,15:41:47,gogogo,UMAREX - Cápsula CO2,https://www.gogogo.cl/product/umarex-capsula-co2,890,890,si,234,https://dojiw2m9tvv09.cloudfront.net/59007/product/nw-capsula-c02-umarex-13637.jpg
2026-10-07,15:41:47,gogogo,WALTHER - Green Gas 750ml. Airsoft Premium,https://www.gogogo.cl/product/walther-green-gas-750ml-airsoft-premium,12990,12990,si,23,https://dojiw2m9tvv09.cloudfront.net/59007/product/nw-gg-walther-750ml-020498.jpg
2026-10-07,15:41:47,gogogo,ARCTURUS - 0.25g BBS 3000RDS (Blanco),https://www.gogogo.cl/product/arcturus-0-25g-bbs-3000rds-blanco,8990,8990,si,42,https://dojiw2m9tvv09.cloudfront.net/59007/product/10379.jpg
2026-10-07,15:41:47,gogogo,ARCTURUS - 0.25g Tracer BBS 3000RDS (Verde),https://www.gogogo.cl/product/arcturus-0-25g-tracer-bbs-3000rds-verde,19990,19990,si,11,https://dojiw2m9tvv09.cloudfront.net/59007/product/16804.jpg
2026-10-07,15:41:47,gogogo,ARCTURUS - 0.28g Tracer BBS 3000RDS (Verde),https://www.gogogo.cl/product/arcturus-0-28g-tracer-bbs-3000rds-verde,24990,24990,si,15,https://dojiw2m9tvv09.cloudfront.net/59007/product/19847.jpg
2026-10-07,15:41:47,gogogo,ARCTURUS - 0.30g Tracer BBS 3000RDS (Verde),https://www.gogogo.cl/product/arcturus-0-30g-tracer-bbs-3000rds-verde,32990,32990,si,14,https://dojiw2m9tvv09.cloudfront.net/59007/product/14660.jpg
2026-10-07,15:41:47,gogogo,ARCTURUS - 0.32g BBS 3000RDS (Blanco),https://www.gogogo.cl/product/arcturus-0-32g-bbs-3000rds-blanco,15990,15990,si,5,https://dojiw2m9tvv09.cloudfront.net/59007/product/19626.jpg
2026-10-07,15:41:47,gogogo,ARCTURUS - 0.32g Tracer BBS 3000RDS (Verde),https://www.gogogo.cl/product/arcturus-0-32g-tracer-bbs-3000rds-verde,35990,35990,si,14,https://dojiw2m9tvv09.cloudfront.net/59007/product/13550.jpg
2026-10-07,15:41:47,gogogo,BLS - 0.25g Premium Grade BBS 1kg (Blanco),https://www.gogogo.cl/product/bls-0-25g-premium-grade-bbs-1kg-blanco,9990,9990,si,77,https://dojiw2m9tvv09.cloudfront.net/59007/product/bls-0259921.jpg
2026-10-07,15:41:47,gogogo,GO PACK! X10 KING ARMS 0.25 BBS (Blanco),https://www.gogogo.cl/product/go-pack-x10-king-arms-0-25-bbs-blanco,92000,92000,si,6,https://dojiw2m9tvv09.cloudfront.net/59007/product/nw-pack-x10-bbs-king-arms3759.jpg
2026-10-07,15:41:47,gogogo,GO PACK! X20 BLS - 0.25g Premium Grade BBS 1kg (Blanco),https://www.gogogo.cl/product/go-pack-x20-bls-0-25g-premium-grade-bbs-1kg-blanco,189810,199800,si,3,https://dojiw2m9tvv09.cloudfront.net/59007/product/bs-mesa-de-trabajo-10370.jpg
2026-10-07,15:41:47,gogogo,GO PACK! X3 KING ARMS 0.25g BBS (Blanco),https://www.gogogo.cl/product/go-pack-x3-king-arms-0-25g-bbs-blanco,27990,27990,si,20,https://dojiw2m9tvv09.cloudfront.net/59007/product/nw-pack-x3-king-arms3529.jpg
2026-10-07,15:41:47,gogogo,GO PACK! X3 LEVIATHAN 0.30g BBS (Blanco),https://www.gogogo.cl/product/go-pack-x3-leviathan-0-30g-bbs-blanco,88000,88000,si,11,https://dojiw2m9tvv09.cloudfront.net/59007/product/nw-pack-x3-balines-leviathan-0307682.jpg
2026-10-07,15:41:47,gogogo,KING ARMS - 0.20g BBS 1kg 4000RDS (Blanco),https://www.gogogo.cl/product/king-arms-0-20g-bbs-1kg-4000rds-blanco,8990,8990,si,58,https://dojiw2m9tvv09.cloudfront.net/59007/product/nw-bbskingarms-0255486.jpg
2026-10-07,15:41:47,gogogo,KING ARMS - 0.25g BBS 1kg 4000RDS (Blanco),https://www.gogogo.cl/product/king-arms-0-25g-bbs-1kg-4000rds-blanco,9990,9990,si,60,https://dojiw2m9tvv09.cloudfront.net/59007/product/nw-bbskingarms-0255728.jpg
2026-10-07,15:41:47,gogogo,LEVIATHAN ARMS -  0.30g 5600 BBS (Blanco),https://www.gogogo.cl/product/leviathan-arms-0-30g-5600-bbs-blanco,25492,29990,si,34,https://dojiw2m9tvv09.cloudfront.net/59007/product/nw-leviathan-bbs-0309717.jpg
2026-10-07,15:41:47,gogogo,MODIFY - 0.40g BBS 300g (Blanco),https://www.gogogo.cl/product/modify-0-40g-bbs-300g-blanco,14990,14990,si,3,https://dojiw2m9tvv09.cloudfront.net/59007/product/nw-modify-botella-017063.jpg
2026-10-07,15:41:47,gogogo,ALPHA SERIES - 7.4V 20C 1200MAH Buffer-Tube Batería LIPO (DEAN),https://www.gogogo.cl/product/alpha-series-7-4v-20c-1200mah-buffer-tube-bateria-lipo-dean,20990,20990,si,28,https://dojiw2m9tvv09.cloudfront.net/59007/product/11457.png
2026-10-07,15:41:47,gogogo,ALPHA SERIES - 7.4V 20c 1300MAH Stick Batería LIPO,https://www.gogogo.cl/product/alpha-series-7-4v-20c-1300mah-stick-bateria-lipo,25990,25990,si,2,https://dojiw2m9tvv09.cloudfront.net/59007/product/alpha-74-stick8844.jpg
2026-10-07,15:41:47,gogogo,ALPHA SERIES - 7.4V 2500 MAH Batería LI-ION,https://www.gogogo.cl/product/alpha-series-7-4v-2500-mah-bateria-li-ion,39990,39990,si,3,https://dojiw2m9tvv09.cloudfront.net/59007/product/aaaaaaaaaaa2643.PNG
2026-10-07,15:41:47,gogogo,Alpha Series - Cargador Compacto LIPO,https://www.gogogo.cl/product/alpha-series-cargador-compacto-lipo,11900,11900,si,94,https://dojiw2m9tvv09.cloudfront.net/59007/product/nw-cargadorlipoalpha6184.jpg
2026-10-07,15:41:47,gogogo,ELITE FORCE - 11.1V 20C 900MAH Buffer-Tube Batería LIPO,https://www.gogogo.cl/product/elite-force-11-1v-20c-900mah-buffer-tube-bateria-lipo,24990,24990,si,26,https://dojiw2m9tvv09.cloudfront.net/59007/product/12569.jpg
2026-10-07,15:41:47,gogogo,ELITE FORCE - 7.4V 20C 900MAH Buffer-Tube Batería LIPO,https://www.gogogo.cl/product/elite-force-7-4v-20c-900mah-buffer-tube-bateria-lipo,21990,21990,si,36,https://dojiw2m9tvv09.cloudfront.net/59007/product/13943.jpg
2026-10-07,15:41:47,gogogo,GO PACK! Pack IMAX Cargador B3 LIPO + Bateria Victory Battery 11.1V 20C 1100MAH (Tamiya),https://www.gogogo.cl/product/go-pack-pack-imax-cargador-b3-lipo-bateria-victory-battery-11-1v-20c-1100mah-tamiya,28990,28990,si,4,https://dojiw2m9tvv09.cloudfront.net/59007/product/nw-pack-b3-y-bateria-victory-battery-11-20c1005.jpg
2026-10-07,15:41:47,gogogo,GO PACK! Pack IMAX Cargador B3 LIPO + Bateria Zop Power - 11.1V 25C 1300MAH,https://www.gogogo.cl/product/go-pack-pack-imax-cargador-b3-lipo-bateria-zop-power-11-1v-25c-1300mah,27882,30980,si,18,https://dojiw2m9tvv09.cloudfront.net/59007/product/pack-imax-y-bateria-zop-mesa-de-trabajo-16093.jpg
2026-10-07,15:41:47,gogogo,GO PACK! Pack IMAX Cargador B3 LIPO + Bateria Zop Power - 7.4V 25C 1500MAH,https://www.gogogo.cl/product/go-pack-pack-imax-cargador-b3-lipo-bateria-zop-power-7-4v-25c-1500mah,26982,29980,si,25,https://dojiw2m9tvv09.cloudfront.net/59007/product/nw-packb3ybateria72034.jpg
2026-10-07,15:41:47,gogogo,IMAX B3 - Cargador Compacto Lipo,https://www.gogogo.cl/product/imax-b3-cargador-compacto-lipo,11990,11990,si,41,https://dojiw2m9tvv09.cloudfront.net/59007/product/nw-cargadorlipob38457.jpg
2026-10-07,15:41:47,gogogo,LIPO Checker,https://www.gogogo.cl/product/lipo-checker,12990,12990,si,3,https://dojiw2m9tvv09.cloudfront.net/59007/product/nw-lipochecker9006.jpg
2026-10-07,15:41:47,gogogo,SPECNA ARMS - Cargador Balanceador Li-Po/Li-Ion,https://www.gogogo.cl/product/specna-arms-cargador-balanceador-li-po-li-ion,34990,34990,si,6,https://dojiw2m9tvv09.cloudfront.net/59007/product/17844.jpg
2026-10-07,15:41:47,gogogo,VICTORY BATTERY POWER - 11.1v 15c 4000mah LI-ION (T-Dean),https://www.gogogo.cl/product/victory-battery-power-11-1v-15c-4000mah-li-ion-t-dean,32990,32990,si,8,https://dojiw2m9tvv09.cloudfront.net/59007/product/10001491784687.png
2026-10-07,15:41:47,gogogo,VICTORY BATTERY POWER - 11.1v 20c 1100mah Buffertube (Tamiya),https://www.gogogo.cl/product/victory-battery-power-11-1v-20c-1100mah-buffertube-tamiya,19990,19990,si,4,https://dojiw2m9tvv09.cloudfront.net/59007/product/nw-baterialipovictory11v1100tamiya6420.jpg
2026-10-07,15:41:47,gogogo,VICTORY BATTERY POWER - 11.1v 20c 1300mah Stick (T-Dean),https://www.gogogo.cl/product/victory-battery-power-11-1v-20c-1300mah-stick-t-dean,24990,24990,si,33,https://dojiw2m9tvv09.cloudfront.net/59007/product/10001491721263.png
2026-10-07,15:41:47,gogogo,VICTORY BATTERY POWER - 11.1v 20c 1300mah Stick (Tamiya),https://www.gogogo.cl/product/victory-battery-power-11-1v-20c-1300mah-stick-tamiya,24990,24990,si,44,https://dojiw2m9tvv09.cloudfront.net/59007/product/10001491750592.png
2026-10-07,15:41:47,gogogo,ZOP POWER - 11.1V 25C 1300MAH Buffer-Tube Batería LIPO,https://www.gogogo.cl/product/zop-power-11-1v-25c-1300mah-buffer-tube-bateria-lipo,18990,18990,si,18,https://dojiw2m9tvv09.cloudfront.net/59007/product/nw-baterialipozoppower11v25c13006960.jpg
2026-10-07,15:41:47,gogogo,ZOP POWER - 7.4V 25C 1500MAH Buffer-Tube Batería LIPO,https://www.gogogo.cl/product/zop-power-7-4v-25c-1500mah-buffer-tube-bateria-lipo,17990,17990,si,25,https://dojiw2m9tvv09.cloudfront.net/59007/product/nw-baterialipozoppower74v25c15003423.jpg
2026-10-07,15:41:47,gogogo,Pila CR123A 3.7v 1300mah Recargable (16340) (x1 unidad),https://www.gogogo.cl/product/pila-cr123a-3-7v-1300mah-recargable-16340-x1-unidad,2500,2500,si,134,https://dojiw2m9tvv09.cloudfront.net/59007/product/nw-pilacr123a4683.jpg
2026-10-07,15:41:47,gogogo,Pila Tipo CR1620,https://www.gogogo.cl/product/pila-tipo-cr1620,1000,1000,si,33,https://dojiw2m9tvv09.cloudfront.net/59007/product/nw-cr1-620-a0554.jpg
2026-10-07,15:41:47,gogogo,Pila Tipo CR2032,https://www.gogogo.cl/product/pila-tipo-cr2032,1000,1000,si,2,
2026-10-07,15:41:47,gogogo,X-BALOG - Pila 18650 Recargable,https://www.gogogo.cl/product/x-balog-pila-18650-recargable,2500,2500,si,3,https://dojiw2m9tvv09.cloudfront.net/59007/product/nw-pila-xbalog-recargable5252.jpg
2026-10-07,15:41:47,gogogo,4UANTUM - Lubricante Smooth Performance,https://www.gogogo.cl/product/4uantum-lubricante-smooth-performance,10990,10990,si,13,https://dojiw2m9tvv09.cloudfront.net/59007/product/16896.png
2026-10-07,15:41:47,gogogo,PROTECH GUNS - Ceramic Grease 5gr (PR-G20),https://www.gogogo.cl/product/protech-guns-ceramic-grease-5gr-pr-g20,5990,5990,si,6,https://dojiw2m9tvv09.cloudfront.net/59007/product/16164.jpg
2026-10-07,15:41:47,gogogo,PROTECH GUNS - Clean Gun Paño de limpieza 1 unid. (PR-G27),https://www.gogogo.cl/product/protech-guns-clean-gun-pano-de-limpieza-1-unid-pr-g27,1490,1490,si,32,https://dojiw2m9tvv09.cloudfront.net/59007/product/12528.jpg
2026-10-07,15:41:47,gogogo,UMAREX - Silicone Spray Multi Care 200ml,https://www.gogogo.cl/product/umarex-silicone-spray-multi-care-200ml,13990,13990,si,4,https://dojiw2m9tvv09.cloudfront.net/59007/product/15037.jpg
2026-10-07,15:41:47,gogogo,Banano Militar V1 (Coyote),https://www.gogogo.cl/product/banano-militar-v1-coyote,6990,6990,si,1,https://dojiw2m9tvv09.cloudfront.net/59007/product/gemini-generated-image-h3fxpzh3fxpzh3fx2312.png
2026-10-07,15:41:47,gogogo,Banano Militar V1 (Marpat),https://www.gogogo.cl/product/banano-militar-v1-marpat,6990,6990,si,2,
2026-10-07,15:41:47,gogogo,Banano Militar V1 (Negro),https://www.gogogo.cl/product/banano-militar-v1-negro,6990,6990,si,1,https://dojiw2m9tvv09.cloudfront.net/59007/product/gemini-generated-image-opx651opx651opx64552.png
2026-10-07,15:41:47,gogogo,Banano Militar V1 (Verde),https://www.gogogo.cl/product/banano-militar-v1-verde,6990,6990,si,2,https://dojiw2m9tvv09.cloudfront.net/59007/product/captura-de-pantalla-2026-02-20-1405468668.png
2026-10-07,15:41:47,gogogo,Banano Militar V2 (Coyote),https://www.gogogo.cl/product/banano-militar-v2-coyote,6990,6990,si,1,https://dojiw2m9tvv09.cloudfront.net/59007/product/screenshot-2026-02-05-18-45-32-286-com-alibaba-aliexpresshd-edit4739.jpg
2026-10-07,15:41:47,gogogo,Banano Militar V2 (Marpat),https://www.gogogo.cl/product/banano-militar-v2-marpat,6990,6990,si,1,https://dojiw2m9tvv09.cloudfront.net/59007/product/screenshot-2026-02-05-18-46-24-102-com-alibaba-aliexpresshd-edit1729.jpg
2026-10-07,15:41:47,gogogo,Banano Militar V2 (Negro),https://www.gogogo.cl/product/banano-militar-v2-negro,6990,6990,si,1,https://dojiw2m9tvv09.cloudfront.net/59007/product/screenshot-2026-02-05-18-46-11-732-com-alibaba-aliexpresshd-edit4744.jpg
2026-10-07,15:41:47,gogogo,Banano Militar V2 (Verde),https://www.gogogo.cl/product/banano-militar-v2-verde,6990,6990,si,1,https://dojiw2m9tvv09.cloudfront.net/59007/product/screenshot-2026-02-05-18-45-48-992-com-alibaba-aliexpresshd-edit8079.jpg
2026-10-07,15:41:47,gogogo,Banano Simple (Verde),https://www.gogogo.cl/product/banano-simple-verde,4990,4990,si,2,https://dojiw2m9tvv09.cloudfront.net/59007/product/gemini-generated-image-e1hqpme1hqpme1hq1892.png
2026-10-07,15:41:47,gogogo,Botella Agua Extensible 270ml-500ml Tipo Granada (Camo),https://www.gogogo.cl/product/botella-agua-extensible-270ml-500ml-tipo-granada-camo,6490,6490,si,1,https://dojiw2m9tvv09.cloudfront.net/59007/product/10000989086201.png
2026-10-07,15:41:47,gogogo,Parrilla Portable 440x71x309mm,https://www.gogogo.cl/product/parrilla-portable-440x71x309mm,9990,9990,si,1,https://dojiw2m9tvv09.cloudfront.net/59007/product/captura-de-pantalla-2025-02-12-1429396942.png
2026-10-07,15:41:47,gogogo,Campsor - Saco de Dormir Invierno (190+35)x75cm,https://www.gogogo.cl/product/campsor-saco-de-dormir-invierno-190-35-x75cm,23990,23990,si,1,
2026-10-07,15:41:47,gogogo,Campsor - Saco de Dormir Invierno 230x80x50cm,https://www.gogogo.cl/product/campsor-saco-de-dormir-invierno-230x80x50cm,23990,23990,si,1,
2026-10-07,15:41:47,gogogo,CONTRACTOR PACK - G36,https://www.gogogo.cl/product/contractor-pack-g36,401239,426850,si,1,
2026-10-07,15:41:47,gogogo,GO PACK! - X3 Mag Specna Arms HICAP Full Metal (Gris),https://www.gogogo.cl/product/go-pack-x3-mag-specna-arms-hicap-full-metal-gris,24990,24990,si,7,https://dojiw2m9tvv09.cloudfront.net/59007/product/nw-x3-sa-hicap-gris-a9715.jpg
