fecha,hora,tienda,nombre,enlace,precio_actual,precio_normal,hay_stock,cantidad
2026-09-21,09:25:15,gogogo,A&K - SVD (Real Wood)(SVD-SP),https://www.gogogo.cl/product/a-k-svd-real-wood-svd-sp,359990,359990,si,2
2026-09-21,09:25:15,gogogo,CYMA - Sniper L96 AWM CM706,https://www.gogogo.cl/product/cyma-sniper-l96-awm-cm706,179990,179990,si,1
2026-09-21,09:25:15,gogogo,SPECNA ARMS - SA-E37 Edge™ Kestrel™ ETU (Black),https://www.gogogo.cl/product/specna-arms-sa-e37-edge-kestrel-etu-black,399990,399990,si,2
2026-09-21,09:25:15,gogogo,SPECNA ARMS - Sniper SA-S02 Core High Velocity (Mira + Bipode)(Negro),https://www.gogogo.cl/product/specna-arms-sniper-sa-s02-core-high-velocity-mira-bipode-negro,219990,219990,si,1
2026-09-21,09:25:15,gogogo,SPECNA ARMS - Sniper SA-S02 Core High Velocity (Mira + Bipode)(Tan),https://www.gogogo.cl/product/specna-arms-sniper-sa-s02-core-high-velocity-mira-bipode-tan,219990,219990,si,1
2026-09-21,09:25:15,gogogo,SPECNA ARMS - Sniper SA-S02 Core High Velocity (Negro),https://www.gogogo.cl/product/specna-arms-sniper-sa-s02-core-high-velocity-negro,159990,159990,si,2
2026-09-21,09:25:15,gogogo,SPECNA ARMS - Sniper SA-S03 Core High Velocity (Mira + Bipode)(Tan),https://www.gogogo.cl/product/specna-arms-sniper-sa-s03-core-high-velocity-mira-bipode-tan,249990,249990,si,2
2026-09-21,09:25:15,gogogo,A&K - M249K Polymer Version (Black)(M249KP),https://www.gogogo.cl/product/a-k-m249k-polymer-version-black-m249kp,409990,409990,si,1
2026-09-21,09:25:15,gogogo,A&K - MK46 Polymer Version (Black)(MK46P),https://www.gogogo.cl/product/a-k-mk46-polymer-version-black-mk46p,489990,489990,si,2
2026-09-21,09:25:15,gogogo,SPECNA ARMS - Cybergun - SA-F249 PARA FLEX™ GATE X-ASR,https://www.gogogo.cl/product/specna-arms-cybergun-sa-f249-para-flex-gate-x-asr,349990,349990,si,3
2026-09-21,09:25:15,gogogo,VFC - MK48 MOD1 LMG,https://www.gogogo.cl/product/vfc-mk48-mod1-lmg,845991,899990,si,1
2026-09-21,09:25:15,gogogo,"ARCTURUS - Vanguard 4.3"" Hi-Capa GBB Pistol w/Optics Ready Slide & ARS-1 Red Dot Combo (Black)",https://www.gogogo.cl/product/arcturus-vanguard-4-3-hi-capa-gbb-pistol-w-optics-ready-slide-ars-1-red-dot-combo-black,259990,259990,si,2
2026-09-21,09:25:15,gogogo,"ARCTURUS - Vanguard 5"" Hi-Capa GBB Pistol (Black/Tan)",https://www.gogogo.cl/product/arcturus-vanguard-5-hi-capa-gbb-pistol-black-tan,179990,179990,si,1
2026-09-21,09:25:15,gogogo,"ARCTURUS - Vanguard 5"" Hi-Capa GBB Pistol w/Optics Ready Slide & ARS-1 Red Dot Combo (Black/Tan)",https://www.gogogo.cl/product/arcturus-vanguard-5-hi-capa-gbb-pistol-w-optics-ready-slide-ars-1-red-dot-combo-black-tan,259990,259990,si,1
2026-09-21,09:25:15,gogogo,CYBERGUN - CANIK TP9 ELITE COMBAT GBB (Black),https://www.gogogo.cl/product/cybergun-canik-tp9-elite-combat-gbb-black,249990,249990,si,2
2026-09-21,09:25:15,gogogo,CYBERGUN - CANIK TP9 ELITE COMBAT GBB (Two Tone),https://www.gogogo.cl/product/cybergun-canik-tp9-elite-combat-gbb-two-tone,249990,249990,si,2
2026-09-21,09:25:15,gogogo,CYMA - M92 CM.126 AEP,https://www.gogogo.cl/product/cyma-m92-cm-126-aep,89990,89990,si,10
2026-09-21,09:25:15,gogogo,Elite Force - H8R Super Magnum CO2 Revolver - Black,https://www.gogogo.cl/product/elite-force-h8r-super-magnum-co2-revolver-black,99900,99900,si,9
2026-09-21,09:25:15,gogogo,HFC - Exhibidor para Pistolas,https://www.gogogo.cl/product/hfc-exhibidor-para-pistolas,6990,6990,si,3
2026-09-21,09:25:15,gogogo,TOKYO MARUI - HI-CAPA 4.3 TACTICAL CUSTOM GBB,https://www.gogogo.cl/product/tokyo-marui-hi-capa-4-3-tactical-custom-gbb,189990,189990,si,1
2026-09-21,09:25:15,gogogo,TOKYO MARUI - HI-CAPA 5.1 GOVERNMENT MODEL GBB,https://www.gogogo.cl/product/tokyo-marui-hi-capa-5-1-government-model-gbb,189990,189990,si,1
2026-09-21,09:25:15,gogogo,UMAREX - Beretta APX RDO GBB (BK/FDE),https://www.gogogo.cl/product/umarex-beretta-apx-rdo-gbb-bk-fde,219990,219990,si,1
2026-09-21,09:25:15,gogogo,UMAREX - Beretta APX RDO GBB (BK/OD),https://www.gogogo.cl/product/umarex-beretta-apx-rdo-gbb-bk-od,219990,219990,si,2
2026-09-21,09:25:15,gogogo,UMAREX - Beretta M9 Spring,https://www.gogogo.cl/product/umarex-beretta-m9-spring,28990,28990,si,4
2026-09-21,09:25:15,gogogo,UMAREX - Beretta M9A3 CO2/Green Gas GBB (FDE),https://www.gogogo.cl/product/umarex-beretta-m9a3-co2-green-gas-gbb-fde,219990,219990,si,2
2026-09-21,09:25:15,gogogo,UMAREX - Beretta MOD. 92 FS AEP,https://www.gogogo.cl/product/umarex-beretta-mod-92-fs-aep,59990,59990,si,8
2026-09-21,09:25:15,gogogo,UMAREX - Glock 19 Gen 5 GBB GREEN GAS (Negro),https://www.gogogo.cl/product/umarex-glock-19-gen-5-gbb-green-gas-negro,219990,219990,si,2
2026-09-21,09:25:15,gogogo,UMAREX - Glock 45 Gen5 Green Gas,https://www.gogogo.cl/product/umarex-glock-45-gen5-green-gas,219990,219990,si,3
2026-09-21,09:25:15,gogogo,UMAREX - Heckler & Koch P8 A1 GBB,https://www.gogogo.cl/product/umarex-heckler-koch-p8-a1-gbb,219990,219990,si,2
2026-09-21,09:25:15,gogogo,UMAREX - Heckler & Koch USP Compact GBB,https://www.gogogo.cl/product/umarex-heckler-koch-usp-compact-gbb,219990,219990,si,1
2026-09-21,09:25:15,gogogo,UMAREX - HK VP9 Tactical GBB Green Gas,https://www.gogogo.cl/product/umarex-hk-vp9-tactical-gbb-green-gas,219990,219990,si,4
2026-09-21,09:25:15,gogogo,UMAREX - MOD Beretta 90 TWO Spring,https://www.gogogo.cl/product/umarex-mod-beretta-90-two-spring,28990,28990,si,3
2026-09-21,09:25:15,gogogo,CYMA - Shotgun CM355 Polimero (Tan),https://www.gogogo.cl/product/cyma-shotgun-cm355-polimero-tan,104491,109990,si,1
2026-09-21,09:25:15,gogogo,CYMA - Shotgun CM355L Long Polimero (Tan),https://www.gogogo.cl/product/cyma-shotgun-cm355l-long-polimero-tan,123491,129990,si,3
2026-09-21,09:25:15,gogogo,CYMA - Shotgun CM357 Polimero,https://www.gogogo.cl/product/cyma-shotgun-cm357-polimero,109990,109990,si,1
2026-09-21,09:25:15,gogogo,CYMA - Shotgun CM366 Polimero (Black),https://www.gogogo.cl/product/cyma-shotgun-cm366-polimero-black,142491,149990,si,1
2026-09-21,09:25:15,gogogo,CYMA - Shotgun M870 Tri-shoot Long Polimero CM352L,https://www.gogogo.cl/product/cyma-shotgun-m870-tri-shoot-long-polimero-cm352l,104491,109990,si,4
2026-09-21,09:25:15,gogogo,CYMA - Shotgun M870 Tri-shoot Metal CM352M,https://www.gogogo.cl/product/cyma-shotgun-m870-tri-shoot-metal-cm352m,109990,109990,si,1
2026-09-21,09:25:15,gogogo,CYMA - Shotgun M870 Tri-shoot Polimero CM352,https://www.gogogo.cl/product/cyma-shotgun-m870-tri-shoot-polimero-cm352,123491,129990,si,5
2026-09-21,09:25:15,gogogo,Cuchillo Bayoneta Dummy (Coyote),https://www.gogogo.cl/product/cuchillo-bayoneta-dummy-coyote,7990,7990,si,4
2026-09-21,09:25:15,gogogo,Balaclava (Coyote),https://www.gogogo.cl/product/balaclava-coyote,4990,4990,si,10
2026-09-21,09:25:15,gogogo,Balaclava (Marpat),https://www.gogogo.cl/product/balaclava-marpat,4990,4990,si,7
2026-09-21,09:25:15,gogogo,Balaclava (Multicam Black),https://www.gogogo.cl/product/balaclava-multicam-black,4990,4990,si,13
2026-09-21,09:25:15,gogogo,Balaclava (Negro),https://www.gogogo.cl/product/balaclava-negro,4990,4990,si,1
2026-09-21,09:25:15,gogogo,Balaclava (Verde),https://www.gogogo.cl/product/balaclava-verde,4990,4990,si,10
2026-09-21,09:25:15,gogogo,Balaclava con Rejilla (Coyote),https://www.gogogo.cl/product/balaclava-con-rejilla-coyote,12990,12990,si,1
2026-09-21,09:25:15,gogogo,Balaclava con Rejilla (Verde),https://www.gogogo.cl/product/balaclava-con-rejilla-verde,12990,12990,si,19
2026-09-21,09:25:15,gogogo,Bandana Bandera USA,https://www.gogogo.cl/product/bandana-bandera-usa,6990,6990,si,10
2026-09-21,09:25:15,gogogo,Bandana Simple (Coyote),https://www.gogogo.cl/product/bandana-simple-coyote,2500,2500,si,7
2026-09-21,09:25:15,gogogo,Bandana Simple (Multicam),https://www.gogogo.cl/product/bandana-simple-multicam,2500,2500,si,8
2026-09-21,09:25:15,gogogo,Bandana Simple (Verde),https://www.gogogo.cl/product/bandana-simple-verde,2500,2500,si,7
2026-09-21,09:25:15,gogogo,EMERSON GEAR - Bandana Multicam (EM6628C),https://www.gogogo.cl/product/emerson-gear-bandana-multicam-em6628c,13990,13990,si,2
2026-09-21,09:25:15,gogogo,Malla Sniper 90x180 cm. (ACU),https://www.gogogo.cl/product/malla-sniper-90x180-cm-acu,7990,7990,si,9
2026-09-21,09:25:15,gogogo,Malla Sniper 90x180 cm. (Digital Desert),https://www.gogogo.cl/product/malla-sniper-90x180-cm-digital-desert,7990,7990,si,10
2026-09-21,09:25:15,gogogo,Malla Sniper 90x180 cm. (Marpat),https://www.gogogo.cl/product/malla-sniper-90x180-cm-marpat,7990,7990,si,10
2026-09-21,09:25:15,gogogo,Malla Sniper 90x180 cm. (Multicam),https://www.gogogo.cl/product/malla-sniper-90x180-cm-multicam,7990,7990,si,5
2026-09-21,09:25:15,gogogo,Malla Sniper 90x180 cm. (Verde),https://www.gogogo.cl/product/malla-sniper-90x180-cm-verde,7990,7990,si,10
2026-09-21,09:25:15,gogogo,Malla Sniper 90x180 cm. (Woodland),https://www.gogogo.cl/product/malla-sniper-90x180-cm-woodland,7990,7990,si,9
2026-09-21,09:25:15,gogogo,Shemagh (Blanco),https://www.gogogo.cl/product/shemagh-blanco,7900,7900,si,8
2026-09-21,09:25:15,gogogo,Shemagh (Coyote),https://www.gogogo.cl/product/shemagh-coyote,7900,7900,si,5
2026-09-21,09:25:15,gogogo,Shemagh (Negro),https://www.gogogo.cl/product/shemagh-negro,7900,7900,si,4
2026-09-21,09:25:15,gogogo,Shemagh (Negro/Rojo),https://www.gogogo.cl/product/shemagh-negro-rojo,7900,7900,si,9
2026-09-21,09:25:15,gogogo,Shemagh (Verde),https://www.gogogo.cl/product/shemagh-verde,7900,7900,si,5
2026-09-21,09:25:15,gogogo,SIVI - BALACLAVA ELASTICADA (COYOTE),https://www.gogogo.cl/product/sivi-balaclava-elasticada-coyote,14990,14990,si,28
2026-09-21,09:25:15,gogogo,SIVI - BALACLAVA ELASTICADA (MULTICAM),https://www.gogogo.cl/product/sivi-balaclava-elasticada-multicam,14990,14990,si,15
2026-09-21,09:25:15,gogogo,SIVI - BALACLAVA ELASTICADA (NEGRO),https://www.gogogo.cl/product/sivi-balaclava-elasticada-negro,14990,14990,si,22
2026-09-21,09:25:15,gogogo,SIVI - BALACLAVA ELASTICADA (VERDE),https://www.gogogo.cl/product/sivi-balaclava-elasticada-verde,14990,14990,si,19
2026-09-21,09:25:15,gogogo,WOSPORT - Balaclava Respirable (Coyote),https://www.gogogo.cl/product/wosport-balaclava-respirable-coyote,14990,14990,si,8
2026-09-21,09:25:15,gogogo,WOSPORT - Balaclava Respirable (OD),https://www.gogogo.cl/product/wosport-balaclava-respirable-od,14990,14990,si,3
2026-09-21,09:25:15,gogogo,4UANTUM - Goma Hop Up Friction PRO GBB,https://www.gogogo.cl/product/4uantum-goma-hop-up-friction-pro-gbb,13990,13990,si,22
2026-09-21,09:25:15,gogogo,ARCTURUS - AR15 PDW AEG FE®,https://www.gogogo.cl/product/arcturus-ar15-pdw-aeg-fe,289990,289990,si,1
2026-09-21,09:25:15,gogogo,ARCTURUS - Magazine PP19 Variable-Cap 30/95RDS (Negro),https://www.gogogo.cl/product/arcturus-magazine-pp19-variable-cap-30-95rds-negro,16990,16990,si,25
2026-09-21,09:25:15,gogogo,ARCTURUS - Resorte M110 HCL,https://www.gogogo.cl/product/arcturus-resorte-m110-hcl,13990,13990,si,6
2026-09-21,09:25:15,gogogo,ARCTURUS - Resorte M120 HCL,https://www.gogogo.cl/product/arcturus-resorte-m120-hcl,13990,13990,si,4
2026-09-21,09:25:15,gogogo,AK Chest Rig (Coyote),https://www.gogogo.cl/product/ak-chest-rig-coyote,24990,24990,si,4
2026-09-21,09:25:15,gogogo,Arnés de Pecho para Celular,https://www.gogogo.cl/product/arnes-de-pecho-para-celular,9990,9990,si,8
2026-09-21,09:25:15,gogogo,Chaleco Ciras (Coyote),https://www.gogogo.cl/product/chaleco-ciras-coyote,34990,34990,si,2
2026-09-21,09:25:15,gogogo,Chaleco Ciras (Multicam),https://www.gogogo.cl/product/chaleco-ciras-multicam,34990,34990,si,5
2026-09-21,09:25:15,gogogo,Chaleco Ciras (Verde),https://www.gogogo.cl/product/chaleco-ciras-verde,34990,34990,si,4
2026-09-21,09:25:15,gogogo,Chaleco FSBE 2 - Negro,https://www.gogogo.cl/product/chaleco-fsbe-2-negro,26990,26990,si,7
2026-09-21,09:25:15,gogogo,Chaleco FSBE 2 - Verde,https://www.gogogo.cl/product/chaleco-fsbe-2-verde,26990,26990,si,3
2026-09-21,09:25:15,gogogo,Chaleco FSBE2 - Coyote,https://www.gogogo.cl/product/chaleco-fsbe2-coyote,26990,26990,si,5
2026-09-21,09:25:15,gogogo,Chaleco JPC (Coyote),https://www.gogogo.cl/product/chaleco-jpc-coyote,27990,27990,si,5
2026-09-21,09:25:15,gogogo,Chaleco JPC (Negro),https://www.gogogo.cl/product/chaleco-jpc-negro,27990,27990,si,4
2026-09-21,09:25:15,gogogo,Chest Rig D3CR V2 (Coyote),https://www.gogogo.cl/product/chest-rig-d3cr-v2-coyote,29990,29990,si,1
2026-09-21,09:25:15,gogogo,EMERSON GEAR - FRAME PLATE CARRIER (PINK / BLACK),https://www.gogogo.cl/product/emerson-gear-frame-plate-carrier-pink-black,71994,119990,si,1
2026-09-21,09:25:15,gogogo,SOETAC - V046 Plate Carrier (Coyote),https://www.gogogo.cl/product/soetac-v046-plate-carrier-coyote,34990,34990,si,3
2026-09-21,09:25:15,gogogo,SOETAC - V046 Plate Carrier (Multicam),https://www.gogogo.cl/product/soetac-v046-plate-carrier-multicam,34990,34990,si,1
2026-09-21,09:25:15,gogogo,SOETAC - V046 Plate Carrier (Verde),https://www.gogogo.cl/product/soetac-v046-plate-carrier-verde,34990,34990,si,1
2026-09-21,09:25:15,gogogo,Tactical Compact Chest Rig (Tan),https://www.gogogo.cl/product/tactical-compact-chest-rig-tan,12720,15900,si,5
2026-09-21,09:25:15,gogogo,Vest Plate XL (Coyote),https://www.gogogo.cl/product/vest-plate-xl-coyote,34990,34990,si,4
2026-09-21,09:25:15,gogogo,Vest Plate XL (Negro),https://www.gogogo.cl/product/vest-plate-xl-negro,34990,34990,si,4
2026-09-21,09:25:15,gogogo,YAKEDA - Chaleco Porta Placa QD VT-6094A (Coyote),https://www.gogogo.cl/product/yakeda-chaleco-porta-placa-qd-vt-6094a-coyote,99990,99990,si,1
2026-09-21,09:25:15,gogogo,YAKEDA - Chaleco Porta Placa QD VT-6094A (Negro),https://www.gogogo.cl/product/yakeda-chaleco-porta-placa-qd-vt-6094a-negro,99990,99990,si,2
2026-09-21,09:25:15,gogogo,YAKEDA - Chaleco Porta Placa VT-6026-1 (Gris),https://www.gogogo.cl/product/yakeda-chaleco-porta-placa-vt-6026-1-gris,79990,79990,si,2
2026-09-21,09:25:15,gogogo,YAKEDA - Chaleco Porta Placa VT-6026-1 (Multicam),https://www.gogogo.cl/product/yakeda-chaleco-porta-placa-vt-6026-1-multicam,79990,79990,si,5
2026-09-21,09:25:15,gogogo,YAKEDA - Chaleco Porta Placa VT-6026-1 (OD),https://www.gogogo.cl/product/yakeda-chaleco-porta-placa-vt-6026-1-od,79990,79990,si,2
2026-09-21,09:25:15,gogogo,YAKEDA - Chaleco Porta Placa VT-6026-3 (Coyote),https://www.gogogo.cl/product/yakeda-chaleco-porta-placa-vt-6026-3-coyote,79990,79990,si,4
2026-09-21,09:25:15,gogogo,YAKEDA - Chaleco Porta Placa VT-6026-3 (FG),https://www.gogogo.cl/product/yakeda-chaleco-porta-placa-vt-6026-3-fg,79990,79990,si,3
2026-09-21,09:25:15,gogogo,YAKEDA - Chaleco Porta Placa VT-6026-3 (Multicam Black),https://www.gogogo.cl/product/yakeda-chaleco-porta-placa-vt-6026-3-multicam-black,79990,79990,si,4
2026-09-21,09:25:15,gogogo,YAKEDA - Chaleco Porta Placa VT-6026-3 (Multicam),https://www.gogogo.cl/product/yakeda-chaleco-porta-placa-vt-6026-3-multicam,79990,79990,si,4
2026-09-21,09:25:15,gogogo,YAKEDA - Chaleco Porta Placa VT-6026-3 (Negro),https://www.gogogo.cl/product/yakeda-chaleco-porta-placa-vt-6026-3-negro,79990,79990,si,9
2026-09-21,09:25:15,gogogo,YAKEDA - Chaleco Porta Placa VT-6026-3 (Verde),https://www.gogogo.cl/product/yakeda-chaleco-porta-placa-vt-6026-3-verde,79990,79990,si,3
2026-09-21,09:25:15,gogogo,YAKEDA - Chaleco Porta Placa VT-6031-8 (Coyote),https://www.gogogo.cl/product/yakeda-chaleco-porta-placa-vt-6031-8-coyote,69990,69990,si,3
2026-09-21,09:25:15,gogogo,YAKEDA - Chaleco Porta Placa VT-6031-8 (Multicam Tropic),https://www.gogogo.cl/product/yakeda-chaleco-porta-placa-vt-6031-8-multicam-tropic,69990,69990,si,2
2026-09-21,09:25:15,gogogo,YAKEDA - Chaleco Porta Placa VT-6031-8 (Negro),https://www.gogogo.cl/product/yakeda-chaleco-porta-placa-vt-6031-8-negro,69990,69990,si,3
2026-09-21,09:25:15,gogogo,YAKEDA - Chaleco Porta Placa VT-8426 (Multicam),https://www.gogogo.cl/product/yakeda-chaleco-porta-placa-vt-8426-multicam,99990,99990,si,1
2026-09-21,09:25:15,gogogo,YAKEDA - Chaleco Porta Placa VT-8426 (Negro),https://www.gogogo.cl/product/yakeda-chaleco-porta-placa-vt-8426-negro,99990,99990,si,5
2026-09-21,09:25:15,gogogo,YAKEDA - Chaleco Porta Placa VT-8833 (Negro),https://www.gogogo.cl/product/yakeda-chaleco-porta-placa-vt-8833-negro,99990,99990,si,4
2026-09-21,09:25:15,gogogo,YAKEDA - Chaleco Porta Placa VT-8833 (OD),https://www.gogogo.cl/product/yakeda-chaleco-porta-placa-vt-8833-od,99999,99999,si,2
2026-09-21,09:25:15,gogogo,YAKEDA - Chaleco VT-8446 (Negro),https://www.gogogo.cl/product/yakeda-chaleco-vt-8446-negro,99990,99990,si,1
2026-09-21,09:25:15,gogogo,YAKEDA - Chaleco VT-8446 (Verde),https://www.gogogo.cl/product/yakeda-chaleco-vt-8446-verde,99990,99990,si,9
2026-09-21,09:25:15,gogogo,YAKEDA - Chest Rig D003,https://www.gogogo.cl/product/yakeda-chest-rig-d003,14990,14990,si,2
2026-09-21,09:25:15,gogogo,YAKEDA - Chest Rig VT-8550 (Verde),https://www.gogogo.cl/product/yakeda-chest-rig-vt-8550-verde,79990,79990,si,2
2026-09-21,09:25:15,gogogo,YAKEDA - Chest Rig VT-OE006 (Negro),https://www.gogogo.cl/product/yakeda-chest-rig-vt-oe006-negro,49990,49990,si,5
2026-09-21,09:25:15,gogogo,YAKEDA - Cinturon Primera Linea YD-2027 (Negro),https://www.gogogo.cl/product/yakeda-cinturon-primera-linea-yd-2027-negro,44990,44990,si,4
2026-09-21,09:25:15,gogogo,YAKEDA - Cinturon Primera Linea YD-2027 (OD),https://www.gogogo.cl/product/yakeda-cinturon-primera-linea-yd-2027-od,44990,44990,si,1
2026-09-21,09:25:15,gogogo,Correa Dos Puntas (Coyote),https://www.gogogo.cl/product/correa-dos-puntas-coyote,6990,6990,si,2
2026-09-21,09:25:15,gogogo,Correa Dos Puntas (Negro),https://www.gogogo.cl/product/correa-dos-puntas-negro,6990,6990,si,3
2026-09-21,09:25:15,gogogo,Correa Dos Puntas con Hebilla Liberación Rápida (Coyote),https://www.gogogo.cl/product/correa-dos-puntas-con-hebilla-liberacion-rapida-coyote,9990,9990,si,2
2026-09-21,09:25:15,gogogo,Correa Dos Puntas con Hebilla Liberación Rápida (Negro),https://www.gogogo.cl/product/correa-dos-puntas-con-hebilla-liberacion-rapida-negro,9990,9990,si,3
2026-09-21,09:25:15,gogogo,Correa Dos Puntas con Hebilla Liberación Rápida (Verde),https://www.gogogo.cl/product/correa-dos-puntas-con-hebilla-liberacion-rapida-verde,9990,9990,si,4
2026-09-21,09:25:15,gogogo,Correa MS3 Sling (Negro),https://www.gogogo.cl/product/correa-ms3-sling-negro,8900,8900,si,9
2026-09-21,09:25:15,gogogo,Correa MS4 QD 1-2 Puntas (Negro),https://www.gogogo.cl/product/correa-ms4-qd-1-2-puntas-negro,12990,12990,si,1
2026-09-21,09:25:15,gogogo,Correa Una Punta (Coyote),https://www.gogogo.cl/product/correa-una-punta-coyote,6990,6990,si,11
2026-09-21,09:25:15,gogogo,Correa Una Punta con Hebilla Liberación Rápida (Negro),https://www.gogogo.cl/product/correa-una-punta-con-hebilla-liberacion-rapida-negro,9990,9990,si,16
2026-09-21,09:25:15,gogogo,Correa Una Punta con Hebilla Liberación Rápida (Verde),https://www.gogogo.cl/product/correa-una-punta-con-hebilla-liberacion-rapida-verde,9990,9990,si,20
2026-09-21,09:25:15,gogogo,EMERSON GEAR - Correa 1 Punta Bungee (Coyote),https://www.gogogo.cl/product/emerson-gear-correa-1-punta-bungee-coyote,12990,12990,si,14
2026-09-21,09:25:15,gogogo,EMERSON GEAR - Correa 1 Punta Bungee (Negro),https://www.gogogo.cl/product/emerson-gear-correa-1-punta-bungee-negro,12990,12990,si,2
2026-09-21,09:25:15,gogogo,EMERSON GEAR - Correa 2 Punta Bungee (Coyote),https://www.gogogo.cl/product/emerson-gear-correa-2-punta-bungee-coyote,12990,12990,si,12
2026-09-21,09:25:15,gogogo,ROYAL - Correa 2 Puntas (Tan),https://www.gogogo.cl/product/royal-correa-2-puntas-tan,9990,9990,si,15
2026-09-21,09:25:15,gogogo,Save Sling (Negro),https://www.gogogo.cl/product/save-sling-negro,7900,7900,si,1
2026-09-21,09:25:15,gogogo,Save Sling (Verde),https://www.gogogo.cl/product/save-sling-verde,7900,7900,si,1
2026-09-21,09:25:15,gogogo,WOSPORT - AK SLING (Black),https://www.gogogo.cl/product/wosport-ak-sling-black,9990,9990,si,8
2026-09-21,09:25:15,gogogo,WOSPORT - Sling 2 Puntas (Multicam),https://www.gogogo.cl/product/wosport-sling-2-puntas-multicam,14990,14990,si,9
2026-09-21,09:25:15,gogogo,Cinturón Hebilla Cobra (Coyote),https://www.gogogo.cl/product/cinturon-hebilla-cobra-coyote,8990,8990,si,13
2026-09-21,09:25:15,gogogo,Cinturón Hebilla Cobra (Negro),https://www.gogogo.cl/product/cinturon-hebilla-cobra-negro,8990,8990,si,10
2026-09-21,09:25:15,gogogo,Cinturón Hebilla Cobra (Verde),https://www.gogogo.cl/product/cinturon-hebilla-cobra-verde,8990,8990,si,15
2026-09-21,09:25:15,gogogo,Cinturón Hebilla Cobra V2 (Verde),https://www.gogogo.cl/product/cinturon-hebilla-cobra-v2-verde,8990,8990,si,3
2026-09-21,09:25:15,gogogo,Cinturón Rígido (Coyote),https://www.gogogo.cl/product/cinturon-rigido-coyote,5990,5990,si,1
2026-09-21,09:25:15,gogogo,Cinturón Rígido (Verde),https://www.gogogo.cl/product/cinturon-rigido-verde,5990,5990,si,2
2026-09-21,09:25:15,gogogo,Cinturón Táctico Acolchado (Coyote),https://www.gogogo.cl/product/cinturon-tactico-acolchado-coyote,19990,19990,si,7
2026-09-21,09:25:15,gogogo,Cinturón Táctico Acolchado (Multicam),https://www.gogogo.cl/product/cinturon-tactico-acolchado-multicam,19990,19990,si,5
2026-09-21,09:25:15,gogogo,Cinturón Táctico Acolchado (Verde),https://www.gogogo.cl/product/cinturon-tactico-acolchado-verde,19990,19990,si,1
2026-09-21,09:25:15,gogogo,Cinturón Velcro Molle Talla L (Coyote),https://www.gogogo.cl/product/cinturon-velcro-molle-talla-l-coyote,16990,16990,si,20
2026-09-21,09:25:15,gogogo,Cinturón Velcro Molle Talla L (Negro),https://www.gogogo.cl/product/cinturon-velcro-molle-talla-l-negro,16990,16990,si,20
2026-09-21,09:25:15,gogogo,Cinturón Velcro Molle Talla L (Verde),https://www.gogogo.cl/product/cinturon-velcro-molle-talla-l-verde,16990,16990,si,20
2026-09-21,09:25:15,gogogo,ARMORED CLAW - Accuracy Cut Hot Weather (Black),https://www.gogogo.cl/product/armored-claw-accuracy-cut-hot-weather-black,15990,15990,si,6
2026-09-21,09:25:15,gogogo,ARMORED CLAW - Accuracy Cut Hot Weather (OD),https://www.gogogo.cl/product/armored-claw-accuracy-cut-hot-weather-od,15990,15990,si,6
2026-09-21,09:25:15,gogogo,ARMORED CLAW - Accuracy Cut Hot Weather (Tan),https://www.gogogo.cl/product/armored-claw-accuracy-cut-hot-weather-tan,15990,15990,si,5
2026-09-21,09:25:15,gogogo,ARMORED CLAW - BattleFlex™ (Black),https://www.gogogo.cl/product/armored-claw-battleflex-black,18990,18990,si,2
2026-09-21,09:25:15,gogogo,ARMORED CLAW - Breacher (Black),https://www.gogogo.cl/product/armored-claw-breacher-black,32990,32990,si,3
2026-09-21,09:25:15,gogogo,ARMORED CLAW - CovertPro Hot Weather (OD),https://www.gogogo.cl/product/armored-claw-covertpro-hot-weather-od,16990,16990,si,2
2026-09-21,09:25:15,gogogo,ARMORED CLAW - CovertPro™ (OD),https://www.gogogo.cl/product/armored-claw-covertpro-od,16990,16990,si,3
2026-09-21,09:25:15,gogogo,ARMORED CLAW - Quick Release™ Hot Weather (Black),https://www.gogogo.cl/product/armored-claw-quick-release-hot-weather-black,16990,16990,si,4
2026-09-21,09:25:15,gogogo,ARMORED CLAW - Shield Flex™ (Black),https://www.gogogo.cl/product/armored-claw-shield-flex-black,18990,18990,si,1
2026-09-21,09:25:15,gogogo,ARMORED CLAW - Shield Flex™ Cut Hot Weather (Black),https://www.gogogo.cl/product/armored-claw-shield-flex-cut-hot-weather-black,15990,15990,si,2
2026-09-21,09:25:15,gogogo,ESDY - Guantes Tácticos (Verde),https://www.gogogo.cl/product/esdy-guantes-tacticos-verde,11900,11900,si,17
2026-09-21,09:25:15,gogogo,ESDY - Guantes Tipo Impact (Coyote),https://www.gogogo.cl/product/esdy-guantes-tipo-impact-coyote,12900,12900,si,8
2026-09-21,09:25:15,gogogo,ESDY - Guantes Tipo Impact (Negro),https://www.gogogo.cl/product/esdy-guantes-tipo-impact-negro,12900,12900,si,2
2026-09-21,09:25:15,gogogo,ESDY - Guantes Tipo Impact (Verde),https://www.gogogo.cl/product/esdy-guantes-tipo-impact-verde,12900,12900,si,6
2026-09-21,09:25:15,gogogo,Guantes Advanced Protection (Negro),https://www.gogogo.cl/product/guantes-advanced-protection-negro,12990,12990,si,10
2026-09-21,09:25:15,gogogo,Guantes Motocicleta (Naranjo),https://www.gogogo.cl/product/guantes-motocicleta-naranjo,9990,9990,si,3
2026-09-21,09:25:15,gogogo,Guantes Motocicleta (Rojo),https://www.gogogo.cl/product/guantes-motocicleta-rojo,9990,9990,si,3
2026-09-21,09:25:15,gogogo,Guantes Motocicleta (Verde),https://www.gogogo.cl/product/guantes-motocicleta-verde,9990,9990,si,3
2026-09-21,09:25:15,gogogo,Guantes Nudillo (Coyote),https://www.gogogo.cl/product/guantes-nudillo-coyote,9990,9990,si,8
2026-09-21,09:25:15,gogogo,Guantes Nudillo (Negro),https://www.gogogo.cl/product/guantes-nudillo-negro,9990,9990,si,24
2026-09-21,09:25:15,gogogo,Guantes Nudillo (Verde),https://www.gogogo.cl/product/guantes-nudillo-verde,9990,9990,si,3
2026-09-21,09:25:15,gogogo,Guantes Nudillo Corto (Coyote),https://www.gogogo.cl/product/guantes-nudillo-corto-coyote,9990,9990,si,8
2026-09-21,09:25:15,gogogo,Guantes Nudillo Corto (Negro),https://www.gogogo.cl/product/guantes-nudillo-corto-negro,9990,9990,si,4
2026-09-21,09:25:15,gogogo,Guantes Nudillo Corto (Verde),https://www.gogogo.cl/product/guantes-nudillo-corto-verde,9990,9990,si,3
2026-09-21,09:25:15,gogogo,Guantes Nudillo Corto V2 (Coyote),https://www.gogogo.cl/product/guantes-nudillo-corto-v2-coyote,9990,9990,si,5
2026-09-21,09:25:15,gogogo,Guantes Nudillo Corto V2 (Negro),https://www.gogogo.cl/product/guantes-nudillo-corto-v2-negro,9990,9990,si,1
2026-09-21,09:25:15,gogogo,Guantes Nudillo Corto V2 (Verde),https://www.gogogo.cl/product/guantes-nudillo-corto-v2-verde,9990,9990,si,8
2026-09-21,09:25:15,gogogo,Guantes Nudillo V2 (Coyote),https://www.gogogo.cl/product/guantes-nudillo-v2-coyote,9990,9990,si,8
2026-09-21,09:25:15,gogogo,Guantes Nudillo V2 (Verde),https://www.gogogo.cl/product/guantes-nudillo-v2-verde,9990,9990,si,8
2026-09-21,09:25:15,gogogo,Guantes Tipo Blackhawk (Coyote),https://www.gogogo.cl/product/guantes-tipo-blackhawk-coyote,9900,9900,si,2
2026-09-21,09:25:15,gogogo,Guantes Tipo Blackhawk (Negro),https://www.gogogo.cl/product/guantes-tipo-blackhawk-negro,9900,9900,si,12
2026-09-21,09:25:15,gogogo,Guantes Tipo Blackhawk Corto (Coyote),https://www.gogogo.cl/product/guantes-tipo-blackhawk-corto-coyote,8990,8990,si,3
2026-09-21,09:25:15,gogogo,Guantes Tipo Blackhawk Corto (Negro),https://www.gogogo.cl/product/guantes-tipo-blackhawk-corto-negro,8990,8990,si,6
2026-09-21,09:25:15,gogogo,Hard Tac Gloves (Coyote),https://www.gogogo.cl/product/hard-tac-gloves-coyote,12990,12990,si,10
2026-09-21,09:25:15,gogogo,Hard Tac Gloves (Negro),https://www.gogogo.cl/product/hard-tac-gloves-negro,12990,12990,si,12
2026-09-21,09:25:15,gogogo,Hard Tac Gloves (Verde),https://www.gogogo.cl/product/hard-tac-gloves-verde,12990,12990,si,8
2026-09-21,09:25:15,gogogo,Tactical Operator Gloves Type A (Negro),https://www.gogogo.cl/product/tactical-operator-gloves-type-a-negro,18990,18990,si,7
2026-09-21,09:25:15,gogogo,Tactical Operator Gloves Type A (Verde),https://www.gogogo.cl/product/tactical-operator-gloves-type-a-verde,18990,18990,si,1
2026-09-21,09:25:15,gogogo,Tactical Operator Gloves Type B (Coyote),https://www.gogogo.cl/product/tactical-operator-gloves-type-b-coyote,18990,18990,si,4
2026-09-21,09:25:15,gogogo,Tactical Operator Gloves Type B (Negro),https://www.gogogo.cl/product/tactical-operator-gloves-type-b-negro,18990,18990,si,1
2026-09-21,09:25:15,gogogo,WALL LIZARD - Tactical Gloves (OD),https://www.gogogo.cl/product/wall-lizard-tactical-gloves-od,18990,18990,si,4
2026-09-21,09:25:15,gogogo,Antiparras Táctica 3 Micas (Negro),https://www.gogogo.cl/product/antiparras-tactica-3-micas-negro,11990,11990,si,33
2026-09-21,09:25:15,gogogo,Antiparras Táctica 3 Micas (Tan),https://www.gogogo.cl/product/antiparras-tactica-3-micas-tan,11990,11990,si,13
2026-09-21,09:25:15,gogogo,Antiparras Táctica 3 Micas (Verde),https://www.gogogo.cl/product/antiparras-tactica-3-micas-verde,11990,11990,si,6
2026-09-21,09:25:15,gogogo,Gafas Crossbow 3 Micas (Negro),https://www.gogogo.cl/product/gafas-crossbow-3-micas-negro,12990,12990,si,14
2026-09-21,09:25:15,gogogo,Gafas Crossbow 3 Micas (Tan),https://www.gogogo.cl/product/gafas-crossbow-3-micas-tan,12990,12990,si,20
2026-09-21,09:25:15,gogogo,Mascara Rejilla Acolchada (Coyote),https://www.gogogo.cl/product/mascara-rejilla-acolchada-coyote,9990,9990,si,34
2026-09-21,09:25:15,gogogo,Mascara Rejilla Acolchada (DCU),https://www.gogogo.cl/product/mascara-rejilla-acolchada-dcu,14990,14990,si,9
2026-09-21,09:25:15,gogogo,Mascara Rejilla Acolchada (FG),https://www.gogogo.cl/product/mascara-rejilla-acolchada-fg,14990,14990,si,10
2026-09-21,09:25:15,gogogo,Mascara Rejilla Acolchada (Multicam Black),https://www.gogogo.cl/product/mascara-rejilla-acolchada-multicam-black,14990,14990,si,4
2026-09-21,09:25:15,gogogo,Mascara Rejilla Acolchada (Multicam),https://www.gogogo.cl/product/mascara-rejilla-acolchada-multicam,14990,14990,si,17
2026-09-21,09:25:15,gogogo,Mascara Rejilla Acolchada (Negro),https://www.gogogo.cl/product/mascara-rejilla-acolchada-negro,9990,9990,si,12
2026-09-21,09:25:15,gogogo,Mascara Rejilla Acolchada (Verde),https://www.gogogo.cl/product/mascara-rejilla-acolchada-verde,9990,9990,si,18
2026-09-21,09:25:15,gogogo,Mascara Rejilla Acolchada (Woodland),https://www.gogogo.cl/product/mascara-rejilla-acolchada-woodland,14990,14990,si,10
2026-09-21,09:25:15,gogogo,Mascara Rejilla Simple (Coyote),https://www.gogogo.cl/product/mascara-rejilla-simple-coyote,6990,6990,si,5
2026-09-21,09:25:15,gogogo,Mascara Rejilla Simple (Negro),https://www.gogogo.cl/product/mascara-rejilla-simple-negro,6990,6990,si,3
2026-09-21,09:25:15,gogogo,Mascara Rejilla Simple (Verde),https://www.gogogo.cl/product/mascara-rejilla-simple-verde,6990,6990,si,6
2026-09-21,09:25:15,gogogo,PYRAMEX - HIGHLANDER Plus Anti-Fog Safety Glasses (Mica Clara),https://www.gogogo.cl/product/pyramex-highlander-plus-anti-fog-safety-glasses-mica-clara,24990,24990,si,3
2026-09-21,09:25:15,gogogo,PYRAMEX - Venture 3 Protective glasses anti-fog (Mica Gris),https://www.gogogo.cl/product/pyramex-venture-3-protective-glasses-anti-fog-mica-gris,16990,16990,si,7
2026-09-21,09:25:15,gogogo,ROYAL - Mascara Half-Face Skull (Tan),https://www.gogogo.cl/product/royal-mascara-half-face-skull-tan,12990,12990,si,4
2026-09-21,09:25:15,gogogo,STEELPRO - Gafas Delta (Mica Gris),https://www.gogogo.cl/product/steelpro-gafas-delta-mica-gris,10990,10990,si,8
2026-09-21,09:25:15,gogogo,STEELPRO - Gafas Nexis (Mica Clara),https://www.gogogo.cl/product/steelpro-gafas-nexis-mica-clara,5990,5990,si,38
2026-09-21,09:25:15,gogogo,STEELPRO - Gafas Nexis (Mica Gris),https://www.gogogo.cl/product/steelpro-gafas-nexis-mica-gris,5990,5990,si,41
2026-09-21,09:25:15,gogogo,STEELPRO - Gafas Turbine (GT),https://www.gogogo.cl/product/steelpro-gafas-turbine-gt,12990,12990,si,4
2026-09-21,09:25:15,gogogo,STEELPRO - X5 Dual (Mica Gris),https://www.gogogo.cl/product/steelpro-x5-dual-mica-gris,10990,10990,si,3
2026-09-21,09:25:15,gogogo,YAKEDA - Mascara Fullface Mica Amarilla (Coyote),https://www.gogogo.cl/product/yakeda-mascara-fullface-mica-amarilla-coyote,25990,25990,si,4
2026-09-21,09:25:15,gogogo,YAKEDA - Mascara Fullface Mica Amarilla (Negro),https://www.gogogo.cl/product/yakeda-mascara-fullface-mica-amarilla-negro,25990,25990,si,30
2026-09-21,09:25:15,gogogo,YAKEDA - Mascara Fullface Mica Clara (Coyote),https://www.gogogo.cl/product/yakeda-mascara-fullface-mica-clara-coyote,25990,25990,si,8
2026-09-21,09:25:15,gogogo,YAKEDA - Mascara Fullface Mica Clara (Negro),https://www.gogogo.cl/product/yakeda-mascara-fullface-mica-clara-negro,25990,25990,si,20
2026-09-21,09:25:15,gogogo,YAKEDA - Mascara Fullface Mica Gris (Coyote),https://www.gogogo.cl/product/yakeda-mascara-fullface-mica-gris-coyote,25990,25990,si,10
2026-09-21,09:25:15,gogogo,YAKEDA - Mascara Fullface Mica Gris (Negro),https://www.gogogo.cl/product/yakeda-mascara-fullface-mica-gris-negro,25990,25990,si,26
2026-09-21,09:25:15,gogogo,YAKEDA - Mica Repuesto Mascara Fullface (Amarilla),https://www.gogogo.cl/product/yakeda-mica-repuesto-mascara-fullface-amarilla,9990,9990,si,25
2026-09-21,09:25:15,gogogo,YAKEDA - Mica Repuesto Mascara Fullface (Transparente),https://www.gogogo.cl/product/yakeda-mica-repuesto-mascara-fullface-transparente,9990,9990,si,21
2026-09-21,09:25:15,gogogo,YAKEDA - Soporte de Proteccion Ocular para Casco (Mica Transparente),https://www.gogogo.cl/product/yakeda-soporte-de-proteccion-ocular-para-casco-mica-transparente,34990,34990,si,19
2026-09-21,09:25:15,gogogo,Banano Militar Molle Avanzado (Multicam),https://www.gogogo.cl/product/banano-militar-molle-avanzado-multicam,14990,14990,si,5
2026-09-21,09:25:15,gogogo,Banano Militar Molle Avanzado (Negro),https://www.gogogo.cl/product/banano-militar-molle-avanzado-negro,14990,14990,si,4
2026-09-21,09:25:15,gogogo,Banano Militar Molle Avanzado (Verde),https://www.gogogo.cl/product/banano-militar-molle-avanzado-verde,14990,14990,si,4
2026-09-21,09:25:15,gogogo,Banano Porta Pistola (Coyote),https://www.gogogo.cl/product/banano-porta-pistola-coyote,12990,12990,si,2
2026-09-21,09:25:15,gogogo,Banano Porta Pistola (Negro),https://www.gogogo.cl/product/banano-porta-pistola-negro,12990,12990,si,2
2026-09-21,09:25:15,gogogo,Bolso Doble Modular (Negro),https://www.gogogo.cl/product/bolso-doble-modular-negro,35990,35990,si,15
2026-09-21,09:25:15,gogogo,Bolso Doble Modular (OD),https://www.gogogo.cl/product/bolso-doble-modular-od,35990,35990,si,9
2026-09-21,09:25:15,gogogo,Bolso Mochila 90L Impermeable,https://www.gogogo.cl/product/bolso-mochila-90l-impermeable,54990,54990,si,2
2026-09-21,09:25:15,gogogo,Bolso Porta Réplica Extensible 115-140 cm. (Multicam),https://www.gogogo.cl/product/bolso-porta-replica-extensible-115-140-cm-multicam,24990,24990,si,1
2026-09-21,09:25:15,gogogo,Bolso Porta Réplica Extensible 115-140 cm. (Negro),https://www.gogogo.cl/product/bolso-porta-replica-extensible-115-140-cm-negro,24990,24990,si,2
2026-09-21,09:25:15,gogogo,Bolso Porta Réplica Extensible 82-100 cm. (Coyote),https://www.gogogo.cl/product/bolso-porta-replica-extensible-82-100-cm-coyote,24990,24990,si,5
2026-09-21,09:25:15,gogogo,Bolso Porta Réplica Extensible 82-100 cm. (Negro),https://www.gogogo.cl/product/bolso-porta-replica-extensible-82-100-cm-negro,24990,24990,si,2
2026-09-21,09:25:15,gogogo,Bolso Porta Réplica Extensible 82-100 cm. (Verde),https://www.gogogo.cl/product/bolso-porta-replica-extensible-82-100-cm-verde,24990,24990,si,6
2026-09-21,09:25:15,gogogo,Bolso Porta Réplica Extensible 95-120 cm. (Coyote),https://www.gogogo.cl/product/bolso-porta-replica-extensible-95-120-cm-coyote,24990,24990,si,5
2026-09-21,09:25:15,gogogo,Bolso Porta Réplica Extensible 95-120 cm. (Negro),https://www.gogogo.cl/product/bolso-porta-replica-extensible-95-120-cm-negro,24990,24990,si,3
2026-09-21,09:25:15,gogogo,Bolso Rifle 120 cm. (Verde),https://www.gogogo.cl/product/bolso-rifle-120-cm-verde,24990,24990,si,9
2026-09-21,09:25:15,gogogo,D5column - Mochila 30L modelo 2025 (Coyote),https://www.gogogo.cl/product/d5column-mochila-30l-modelo-2025-coyote,22900,22900,si,2
2026-09-21,09:25:15,gogogo,DEFENSOR FOREVER - Maleta Semirigida Para Rifle 1200*250*100mm,https://www.gogogo.cl/product/defensor-forever-maleta-semirigida-para-rifle-1200-250-100mm,49990,49990,si,4
2026-09-21,09:25:15,gogogo,DEFENSOR FOREVER - Maleta Semirigida Para Rifle 850*300*100mm,https://www.gogogo.cl/product/defensor-forever-maleta-semirigida-para-rifle-850-300-100mm,44990,44990,si,1
2026-09-21,09:25:15,gogogo,Mochila 20L Molle M20-1 (Negro),https://www.gogogo.cl/product/mochila-20l-molle-m20-1-negro,15990,15990,si,1
2026-09-21,09:25:15,gogogo,Mochila 25L Modelo 3P (Marpat),https://www.gogogo.cl/product/mochila-25l-modelo-3p-marpat,15990,15990,si,2
2026-09-21,09:25:15,gogogo,Mochila 30L Molle M30-1 (Tan),https://www.gogogo.cl/product/mochila-30l-molle-m30-1-tan,24990,24990,si,2
2026-09-21,09:25:15,gogogo,Mochila 30L Molle M30-2 (Negro),https://www.gogogo.cl/product/mochila-30l-molle-m30-2-negro,34990,34990,si,1
2026-09-21,09:25:15,gogogo,Mochila 40L M40-2 (Multicam),https://www.gogogo.cl/product/mochila-40l-m40-2-multicam,24990,24990,si,1
2026-09-21,09:25:15,gogogo,Mochila 40L M40-3 (Coyote),https://www.gogogo.cl/product/mochila-40l-m40-3-coyote,23990,23990,si,1
2026-09-21,09:25:15,gogogo,Mochila 40L M40-3 (Verde),https://www.gogogo.cl/product/mochila-40l-m40-3-verde,23990,23990,si,2
2026-09-21,09:25:15,gogogo,Mochila 45L Molle M45-1 (Multicam),https://www.gogogo.cl/product/mochila-45l-molle-m45-1-multicam,20990,20990,si,1
2026-09-21,09:25:15,gogogo,Mochila 45L Molle M45-1 (Tan),https://www.gogogo.cl/product/mochila-45l-molle-m45-1-tan,20990,20990,si,2
2026-09-21,09:25:15,gogogo,Mochila 45L Molle M45-2 (Negro),https://www.gogogo.cl/product/mochila-45l-molle-m45-2-negro,28990,28990,si,2
2026-09-21,09:25:15,gogogo,Mochila 50 lts. Parche USA (Coyote),https://www.gogogo.cl/product/mochila-50-lts-parche-usa-coyote,26990,26990,si,1
2026-09-21,09:25:15,gogogo,Mochila 50 lts. Parche USA (Multicam Black),https://www.gogogo.cl/product/mochila-50-lts-parche-usa-multicam-black,26990,26990,si,1
2026-09-21,09:25:15,gogogo,Mochila 50 lts. Parche USA (Multicam),https://www.gogogo.cl/product/mochila-50-lts-parche-usa-multicam,26990,26990,si,1
2026-09-21,09:25:15,gogogo,Mochila 50 lts. Parche USA (Negro),https://www.gogogo.cl/product/mochila-50-lts-parche-usa-negro,26990,26990,si,1
2026-09-21,09:25:15,gogogo,Mochila 50 lts. Parche USA (Verde),https://www.gogogo.cl/product/mochila-50-lts-parche-usa-verde,26990,26990,si,3
2026-09-21,09:25:15,gogogo,Mochila 50L Molle M50-1 (Coyote),https://www.gogogo.cl/product/mochila-50l-molle-m50-1-coyote,28990,28990,si,2
2026-09-21,09:25:15,gogogo,Mochila 50L Molle M50-1 (Multicam),https://www.gogogo.cl/product/mochila-50l-molle-m50-1-multicam,28990,28990,si,2
2026-09-21,09:25:15,gogogo,Mochila 50L Molle M50-1 (Negro),https://www.gogogo.cl/product/mochila-50l-molle-m50-1-negro,28990,28990,si,2
2026-09-21,09:25:15,gogogo,Mochila 60L Modelo 7072 (Coyote),https://www.gogogo.cl/product/mochila-60l-modelo-7072-coyote,34900,34900,si,1
2026-09-21,09:25:15,gogogo,Mochila 60L Modelo 7072 (Negro),https://www.gogogo.cl/product/mochila-60l-modelo-7072-negro,34900,34900,si,1
2026-09-21,09:25:15,gogogo,Mochila Bolso 60L (Coyote),https://www.gogogo.cl/product/mochila-bolso-60l-coyote,29990,29990,si,1
2026-09-21,09:25:15,gogogo,Mochila Bolso 60L (Negro),https://www.gogogo.cl/product/mochila-bolso-60l-negro,29990,29990,si,1
2026-09-21,09:25:15,gogogo,Mochila Bolso 60L M60-1 (Coyote),https://www.gogogo.cl/product/mochila-bolso-60l-m60-1-coyote,39990,39990,si,1
2026-09-21,09:25:15,gogogo,Mochila Camelback (Multicam Black),https://www.gogogo.cl/product/mochila-camelback-multicam-black,11990,11990,si,1
2026-09-21,09:25:15,gogogo,Mochila Camelback (Negro),https://www.gogogo.cl/product/mochila-camelback-negro,11990,11990,si,1
2026-09-21,09:25:15,gogogo,Mochila Camelback (Verde),https://www.gogogo.cl/product/mochila-camelback-verde,11990,11990,si,1
2026-09-21,09:25:15,gogogo,Mochila Campaña 80 lts. (Coyote),https://www.gogogo.cl/product/mochila-campana-80-lts-coyote,32990,32990,si,1
2026-09-21,09:25:15,gogogo,Mochila Porta Rifle (Multicam),https://www.gogogo.cl/product/mochila-porta-rifle-multicam,32990,32990,si,5
2026-09-21,09:25:15,gogogo,Mochila Porta Rifle (Negro),https://www.gogogo.cl/product/mochila-porta-rifle-negro,32990,32990,si,1
2026-09-21,09:25:15,gogogo,Mochila Urbana Impermeble Broche Magnetico,https://www.gogogo.cl/product/mochila-urbana-impermeble-broche-magnetico,24990,24990,si,1
2026-09-21,09:25:15,gogogo,Mochila USB 35lts. 8055 (Multicam Black),https://www.gogogo.cl/product/mochila-usb-35lts-8055-multicam-black,24990,24990,si,1
2026-09-21,09:25:15,gogogo,Mochila USB 35lts. 8055 (Negro),https://www.gogogo.cl/product/mochila-usb-35lts-8055-negro,24990,24990,si,2
2026-09-21,09:25:15,gogogo,Muslera Utilitario + Parche S.W.A.T.,https://www.gogogo.cl/product/muslera-utilitario-parche-s-w-a-t,9900,9900,si,3
2026-09-21,09:25:15,gogogo,SPECNA ARMS - Bolso Porta Rifle 98cm (Chaos Grey),https://www.gogogo.cl/product/specna-arms-bolso-porta-rifle-98cm-chaos-grey,29990,29990,si,4
2026-09-21,09:25:15,gogogo,SPECNA ARMS - Bolso Porta Rifle 98cm (Coyote),https://www.gogogo.cl/product/specna-arms-bolso-porta-rifle-98cm-coyote,29990,29990,si,10
2026-09-21,09:25:15,gogogo,Walther - Bolso Range Bag,https://www.gogogo.cl/product/walther-bolso-range-bag,69990,69990,si,2
2026-09-21,09:25:15,gogogo,YAKEDA - Caja Rigida 12x8x4.5CM (Negro),https://www.gogogo.cl/product/yakeda-caja-rigida-12x8x4-5cm-negro,3490,3490,si,9
2026-09-21,09:25:15,gogogo,Adaptador Sacado Rapido Holster (OD),https://www.gogogo.cl/product/adaptador-sacado-rapido-holster-od,8990,8990,si,2
2026-09-21,09:25:15,gogogo,Adaptador Serpa QD Hembra/Macho (Negro),https://www.gogogo.cl/product/adaptador-serpa-qd-hembra-macho-negro,8990,8990,si,3
2026-09-21,09:25:15,gogogo,Adaptador Serpa QD Hembra/Macho (OD),https://www.gogogo.cl/product/adaptador-serpa-qd-hembra-macho-od,8990,8990,si,2
2026-09-21,09:25:15,gogogo,Funda Interna Universal Ambidiestra con Porta-Cargador (Coyote),https://www.gogogo.cl/product/funda-interna-universal-ambidiestra-con-porta-cargador-coyote,6990,6990,si,2
2026-09-21,09:25:15,gogogo,Funda Interna Universal Ambidiestra con Porta-Cargador (Verde),https://www.gogogo.cl/product/funda-interna-universal-ambidiestra-con-porta-cargador-verde,6990,6990,si,3
2026-09-21,09:25:15,gogogo,Funda Interna Universal V2 (Coyote),https://www.gogogo.cl/product/funda-interna-universal-v2-coyote,5990,5990,si,5
2026-09-21,09:25:15,gogogo,Holster Beretta Tipo Serpa (Zurdo)(Negro),https://www.gogogo.cl/product/holster-beretta-tipo-serpa-zurdo-negro,9990,9990,si,2
2026-09-21,09:25:15,gogogo,Holster Glock Rotatorio (Verde),https://www.gogogo.cl/product/holster-glock-rotatorio-verde,11900,11900,si,4
2026-09-21,09:25:15,gogogo,Holster magazine Rigido Multiproposito (Negro),https://www.gogogo.cl/product/holster-magazine-rigido-multiproposito-negro,3990,3990,si,10
2026-09-21,09:25:15,gogogo,Holster Magazine Rigido Multiproposito (Tan),https://www.gogogo.cl/product/holster-magazine-rigido-multiproposito-tan,3990,3990,si,10
2026-09-21,09:25:15,gogogo,Holster Multi-Fit (Zurdo)(Negro),https://www.gogogo.cl/product/holster-multi-fit-zurdo-negro,11990,11990,si,1
2026-09-21,09:25:15,gogogo,Holster Rigido Magazine Universal,https://www.gogogo.cl/product/holster-rigido-magazine-universal,9990,9990,si,5
2026-09-21,09:25:15,gogogo,Holster Rigido Universal (Negro),https://www.gogogo.cl/product/holster-rigido-universal-negro,14990,14990,si,16
2026-09-21,09:25:15,gogogo,Molle Platform (Coyote),https://www.gogogo.cl/product/molle-platform-coyote,4900,4900,si,3
2026-09-21,09:25:15,gogogo,Molle Platform (Negro),https://www.gogogo.cl/product/molle-platform-negro,4900,4900,si,5
2026-09-21,09:25:15,gogogo,Molle Platform (Verde),https://www.gogogo.cl/product/molle-platform-verde,4900,4900,si,4
2026-09-21,09:25:15,gogogo,Muslera Plataforma para Holster (Coyote),https://www.gogogo.cl/product/muslera-plataforma-para-holster-coyote,18990,18990,si,6
2026-09-21,09:25:15,gogogo,Plataforma Blackhawk para Holster (Negro),https://www.gogogo.cl/product/plataforma-blackhawk-para-holster-negro,7990,7990,si,3
2026-09-21,09:25:15,gogogo,Plataforma para Holster (Coyote),https://www.gogogo.cl/product/plataforma-para-holster-coyote,6990,6990,si,2
2026-09-21,09:25:15,gogogo,Plataforma para Holster (Negro),https://www.gogogo.cl/product/plataforma-para-holster-negro,6990,6990,si,3
2026-09-21,09:25:15,gogogo,Plataforma para Holster (Verde),https://www.gogogo.cl/product/plataforma-para-holster-verde,6990,6990,si,4
2026-09-21,09:25:15,gogogo,Porta Esposas Rigido V2,https://www.gogogo.cl/product/porta-esposas-rigido-v2,12990,12990,si,1
2026-09-21,09:25:15,gogogo,WOSPORT - Holster Glock Rotatorio Zurdo (Tan),https://www.gogogo.cl/product/wosport-holster-glock-rotatorio-zurdo-tan,21990,21990,si,5
2026-09-21,09:25:15,gogogo,8FIELDS - Triple 40mm Grenade Pouch (Multicam),https://www.gogogo.cl/product/8fields-triple-40mm-grenade-pouch-multicam,10493,14990,si,1
2026-09-21,09:25:15,gogogo,Drop Pouch (Negro),https://www.gogogo.cl/product/drop-pouch-negro,5900,5900,si,17
2026-09-21,09:25:15,gogogo,Drop Pouch (Verde),https://www.gogogo.cl/product/drop-pouch-verde,5900,5900,si,21
2026-09-21,09:25:15,gogogo,Folded Navegation Board (BK),https://www.gogogo.cl/product/folded-navegation-board-bk,14990,14990,si,4
2026-09-21,09:25:15,gogogo,Folded Navegation Board (Verde),https://www.gogogo.cl/product/folded-navegation-board-verde,14990,14990,si,5
2026-09-21,09:25:15,gogogo,GOLEM EQUIPMENT - Pouch Kanguro Multifuncional (Woodland),https://www.gogogo.cl/product/golem-equipment-pouch-kanguro-multifuncional-woodland,13230,18900,si,2
2026-09-21,09:25:15,gogogo,Levanta Mejilla Multi Propósito (Coyote),https://www.gogogo.cl/product/levanta-mejilla-multi-proposito-coyote,12900,12900,si,1
2026-09-21,09:25:15,gogogo,Levanta Mejilla Multi Propósito (Negro),https://www.gogogo.cl/product/levanta-mejilla-multi-proposito-negro,12900,12900,si,1
2026-09-21,09:25:15,gogogo,Porta Cargador Rígido Doble (Verde),https://www.gogogo.cl/product/porta-cargador-rigido-doble-verde,9990,9990,si,5
2026-09-21,09:25:15,gogogo,Pouch Celular Molle (Verde),https://www.gogogo.cl/product/pouch-celular-molle-verde,3500,3500,si,1
2026-09-21,09:25:15,gogogo,Pouch Doble Magazine M4/AK (Coyote),https://www.gogogo.cl/product/pouch-doble-magazine-m4-ak-coyote,8900,8900,si,1
2026-09-21,09:25:15,gogogo,Pouch Magazine Doble M4 / Doble Pistola (Coyote),https://www.gogogo.cl/product/pouch-magazine-doble-m4-doble-pistola-coyote,6900,6900,si,2
2026-09-21,09:25:15,gogogo,Pouch Magazine M4/Pistola (Negro),https://www.gogogo.cl/product/pouch-magazine-m4-pistola-negro,5990,5990,si,6
2026-09-21,09:25:15,gogogo,Pouch Magazine M4/Pistola (Verde),https://www.gogogo.cl/product/pouch-magazine-m4-pistola-verde,5990,5990,si,5
2026-09-21,09:25:15,gogogo,Pouch Magazine Pistola (Negro),https://www.gogogo.cl/product/pouch-magazine-pistola-negro,3490,3490,si,4
2026-09-21,09:25:15,gogogo,Pouch Magazine Scorpion Shape Soft Shell 5.56 - 7.62 (Negro),https://www.gogogo.cl/product/pouch-magazine-scorpion-shape-soft-shell-5-56-7-62-negro,9990,9990,si,20
2026-09-21,09:25:15,gogogo,Pouch Magazine Scorpion Shape Soft Shell 5.56 - 7.62 (Verde),https://www.gogogo.cl/product/pouch-magazine-scorpion-shape-soft-shell-5-56-7-62-verde,9990,9990,si,13
2026-09-21,09:25:15,gogogo,Pouch Magazine Scorpion Shape Soft Shell 9MM/.45 (Verde),https://www.gogogo.cl/product/pouch-magazine-scorpion-shape-soft-shell-9mm-45-verde,8990,8990,si,2
2026-09-21,09:25:15,gogogo,Pouch Medico + Parche (Coyote),https://www.gogogo.cl/product/pouch-medico-parche-coyote,5900,5900,si,4
2026-09-21,09:25:15,gogogo,Pouch Medico + Parche (Negro),https://www.gogogo.cl/product/pouch-medico-parche-negro,5900,5900,si,5
2026-09-21,09:25:15,gogogo,Pouch Medico V2 (Coyote),https://www.gogogo.cl/product/pouch-medico-v2-coyote,5990,5990,si,1
2026-09-21,09:25:15,gogogo,Pouch Medico V2 (Multicam),https://www.gogogo.cl/product/pouch-medico-v2-multicam,5990,5990,si,4
2026-09-21,09:25:15,gogogo,Pouch Molle para Botellas (Coyote),https://www.gogogo.cl/product/pouch-molle-para-botellas-coyote,5900,5900,si,3
2026-09-21,09:25:15,gogogo,Pouch Molle para Botellas (Negro),https://www.gogogo.cl/product/pouch-molle-para-botellas-negro,5900,5900,si,1
2026-09-21,09:25:15,gogogo,Pouch Molle para Botellas (Verde),https://www.gogogo.cl/product/pouch-molle-para-botellas-verde,5900,5900,si,4
2026-09-21,09:25:15,gogogo,Pouch Molle para Botellas V2 (Coyote),https://www.gogogo.cl/product/pouch-molle-para-botellas-v2-coyote,5990,5990,si,4
2026-09-21,09:25:15,gogogo,Pouch Molle para Botellas V2 (Multicam),https://www.gogogo.cl/product/pouch-molle-para-botellas-v2-multicam,5990,5990,si,3
2026-09-21,09:25:15,gogogo,Pouch Molle para Botellas V2 (Verde),https://www.gogogo.cl/product/pouch-molle-para-botellas-v2-verde,5990,5990,si,1
2026-09-21,09:25:15,gogogo,Pouch Porta Esposas (Negro),https://www.gogogo.cl/product/pouch-porta-esposas-negro,5990,5990,si,2
2026-09-21,09:25:15,gogogo,Pouch Porta Esposas (Verde),https://www.gogogo.cl/product/pouch-porta-esposas-verde,5990,5990,si,3
2026-09-21,09:25:15,gogogo,Pouch Radio Medium (Negro),https://www.gogogo.cl/product/pouch-radio-medium-negro,5900,5900,si,5
2026-09-21,09:25:15,gogogo,Pouch Radio/Granada (Coyote),https://www.gogogo.cl/product/pouch-radio-granada-coyote,5990,5990,si,12
2026-09-21,09:25:15,gogogo,Pouch Radio/Granada (Negro),https://www.gogogo.cl/product/pouch-radio-granada-negro,5990,5990,si,12
2026-09-21,09:25:15,gogogo,Pouch Radio/Granada (Verde),https://www.gogogo.cl/product/pouch-radio-granada-verde,5990,5990,si,2
2026-09-21,09:25:15,gogogo,Pouch Single Magazine M4/AK (Coyote),https://www.gogogo.cl/product/pouch-single-magazine-m4-ak-coyote,4990,4990,si,5
2026-09-21,09:25:15,gogogo,Pouch Tijera/Torniquete (Negro),https://www.gogogo.cl/product/pouch-tijera-torniquete-negro,2990,2990,si,3
2026-09-21,09:25:15,gogogo,Pouch Tijera/Torniquete (Verde),https://www.gogogo.cl/product/pouch-tijera-torniquete-verde,2990,2990,si,5
2026-09-21,09:25:15,gogogo,Pouch Triple Magazine M4/AK (Coyote),https://www.gogogo.cl/product/pouch-triple-magazine-m4-ak-coyote,9900,9900,si,2
2026-09-21,09:25:15,gogogo,Pouch Triple Magazine M4/AK (Negro),https://www.gogogo.cl/product/pouch-triple-magazine-m4-ak-negro,9900,9900,si,1
2026-09-21,09:25:15,gogogo,Pouch Utilitario (Coyote),https://www.gogogo.cl/product/pouch-utilitario-coyote,5990,5990,si,4
2026-09-21,09:25:15,gogogo,Pouch Utilitario (Multicam),https://www.gogogo.cl/product/pouch-utilitario-multicam,5990,5990,si,6
2026-09-21,09:25:15,gogogo,Pouch Utilitario (Negro),https://www.gogogo.cl/product/pouch-utilitario-negro,5990,5990,si,11
2026-09-21,09:25:15,gogogo,Pouch Utilitario (Verde),https://www.gogogo.cl/product/pouch-utilitario-verde,5990,5990,si,9
2026-09-21,09:25:15,gogogo,Pouch Utilitario V2 (Coyote),https://www.gogogo.cl/product/pouch-utilitario-v2-coyote,5990,5990,si,2
2026-09-21,09:25:15,gogogo,Pouch Utilitario V2 (Multicam),https://www.gogogo.cl/product/pouch-utilitario-v2-multicam,5990,5990,si,3
2026-09-21,09:25:15,gogogo,Pouch Utilitario V2 (Negro),https://www.gogogo.cl/product/pouch-utilitario-v2-negro,5990,5990,si,1
2026-09-21,09:25:15,gogogo,Pouch Utilitario V2 (Verde),https://www.gogogo.cl/product/pouch-utilitario-v2-verde,5990,5990,si,3
2026-09-21,09:25:15,gogogo,YAKEDA -  Pouch Triple Magazine Elasticado Rifle/Pistola (Coyote),https://www.gogogo.cl/product/yakeda-pouch-triple-magazine-elasticado-rifle-pistola-coyote,16990,16990,si,4
2026-09-21,09:25:15,gogogo,YAKEDA -  Pouch Triple Magazine Elasticado Rifle/Pistola (Multicam Black),https://www.gogogo.cl/product/yakeda-pouch-triple-magazine-elasticado-rifle-pistola-multicam-black,16990,16990,si,7
2026-09-21,09:25:15,gogogo,YAKEDA -  Pouch Triple Magazine Elasticado Rifle/Pistola (Negro),https://www.gogogo.cl/product/yakeda-pouch-triple-magazine-elasticado-rifle-pistola-negro,16990,16990,si,5
2026-09-21,09:25:15,gogogo,YAKEDA - Pouch Porta Celular,https://www.gogogo.cl/product/yakeda-pouch-porta-celular,10990,10990,si,20
2026-09-21,09:25:15,gogogo,Exhibidor para Parches 60x45 cm. (Coyote),https://www.gogogo.cl/product/exhibidor-para-parches-60x45-cm-coyote,7990,7990,si,6
2026-09-21,09:25:15,gogogo,Gancho con Amarra (Coyote),https://www.gogogo.cl/product/gancho-con-amarra-coyote,1990,1990,si,2
2026-09-21,09:25:15,gogogo,Mosquetón Aluminio 8 cm.,https://www.gogogo.cl/product/mosqueton-aluminio-8-cm,1990,1990,si,9
2026-09-21,09:25:15,gogogo,Mosquetón Polímero,https://www.gogogo.cl/product/mosqueton-polimero,1990,1990,si,11
2026-09-21,09:25:15,gogogo,Mosquetón Polímero Pequeño,https://www.gogogo.cl/product/mosqueton-polimero-pequeno,1990,1990,si,12
2026-09-21,09:25:15,gogogo,PARCHE A-/NEG 2.5x5 cm. (Tan),https://www.gogogo.cl/product/parche-a-neg-2-5x5-cm-tan,2490,2490,si,1
2026-09-21,09:25:15,gogogo,PARCHE A-NEG 2.5x5 cm. (Coyote),https://www.gogogo.cl/product/parche-a-neg-2-5x5-cm-coyote,2490,2490,si,1
2026-09-21,09:25:15,gogogo,PARCHE AB+POS+ (Multicam),https://www.gogogo.cl/product/parche-ab-pos-multicam,3900,3900,si,5
2026-09-21,09:25:15,gogogo,PARCHE AB-/NEG 2.5x5 cm.,https://www.gogogo.cl/product/parche-ab-neg-2-5x5-cm,2490,2490,si,4
2026-09-21,09:25:15,gogogo,Parche Airsofthub,https://www.gogogo.cl/product/parche-airsofthub,4990,4990,si,7
2026-09-21,09:25:15,gogogo,Parche AK Zenitco,https://www.gogogo.cl/product/parche-ak-zenitco,5990,5990,si,15
2026-09-21,09:25:15,gogogo,Parche AR15,https://www.gogogo.cl/product/parche-ar15,5990,5990,si,11
2026-09-21,09:25:15,gogogo,Parche Astronauta,https://www.gogogo.cl/product/parche-astronauta,3990,3990,si,9
2026-09-21,09:25:15,gogogo,PARCHE B+POS+ (Multicam),https://www.gogogo.cl/product/parche-b-pos-multicam,3900,3900,si,2
2026-09-21,09:25:15,gogogo,PARCHE B-NEG 2.5x5 cm.,https://www.gogogo.cl/product/parche-b-neg-2-5x5-cm,2490,2490,si,7
2026-09-21,09:25:15,gogogo,PARCHE Bandera Argentina,https://www.gogogo.cl/product/parche-bandera-argentina,3990,3990,si,5
2026-09-21,09:25:15,gogogo,PARCHE Bandera Colombia,https://www.gogogo.cl/product/parche-bandera-colombia,3900,3900,si,10
2026-09-21,09:25:15,gogogo,PARCHE Bandera Colombia (Coyote),https://www.gogogo.cl/product/parche-bandera-colombia-coyote,3900,3900,si,9
2026-09-21,09:25:15,gogogo,PARCHE Bandera Cruz de la Vida (Azul),https://www.gogogo.cl/product/parche-bandera-cruz-de-la-vida-azul,3900,3900,si,5
2026-09-21,09:25:15,gogogo,PARCHE Bandera Cruz de la Vida (Coyote),https://www.gogogo.cl/product/parche-bandera-cruz-de-la-vida-coyote,3900,3900,si,1
2026-09-21,09:25:15,gogogo,PARCHE Bandera Cruz de la Vida (Negro),https://www.gogogo.cl/product/parche-bandera-cruz-de-la-vida-negro,3900,3900,si,9
2026-09-21,09:25:15,gogogo,PARCHE Bandera Ghost,https://www.gogogo.cl/product/parche-bandera-ghost,3900,3900,si,1
2026-09-21,09:25:15,gogogo,PARCHE Bandera Italia,https://www.gogogo.cl/product/parche-bandera-italia,3900,3900,si,15
2026-09-21,09:25:15,gogogo,PARCHE Bandera Rusia,https://www.gogogo.cl/product/parche-bandera-rusia,3900,3900,si,15
2026-09-21,09:25:15,gogogo,PARCHE Bandera Ucrania V1,https://www.gogogo.cl/product/parche-bandera-ucrania-v1,3900,3900,si,13
2026-09-21,09:25:15,gogogo,PARCHE Bandera Ucrania V2 PVC,https://www.gogogo.cl/product/parche-bandera-ucrania-v2-pvc,5990,5990,si,15
2026-09-21,09:25:15,gogogo,Parche Bandera USA (Borde Blanco),https://www.gogogo.cl/product/parche-bandera-usa-borde-blanco,3990,3990,si,10
2026-09-21,09:25:15,gogogo,PARCHE Bandera USA / Cruz de la Vida,https://www.gogogo.cl/product/parche-bandera-usa-cruz-de-la-vida,3990,3990,si,5
2026-09-21,09:25:15,gogogo,Parche Bandera USA K9 (Coyote),https://www.gogogo.cl/product/parche-bandera-usa-k9-coyote,3990,3990,si,1
2026-09-21,09:25:15,gogogo,Parche Bandera USA Punisher (Verde),https://www.gogogo.cl/product/parche-bandera-usa-punisher-verde,3990,3990,si,3
2026-09-21,09:25:15,gogogo,PARCHE Bandera Venezuela,https://www.gogogo.cl/product/parche-bandera-venezuela,3900,3900,si,2
2026-09-21,09:25:15,gogogo,Parche Bitcoin,https://www.gogogo.cl/product/parche-bitcoin,3990,3990,si,15
2026-09-21,09:25:15,gogogo,Parche Chile (Borde amarillo)(CH06),https://www.gogogo.cl/product/parche-chile-borde-amarillo-ch06,3990,3990,si,19
2026-09-21,09:25:15,gogogo,Parche Chile (con Letras)(CH01),https://www.gogogo.cl/product/parche-chile-con-letras-ch01,3990,3990,si,19
2026-09-21,09:25:15,gogogo,Parche Chile (Coyote)(CH02),https://www.gogogo.cl/product/parche-chile-coyote-ch02,3990,3990,si,1
2026-09-21,09:25:15,gogogo,Parche Chile (Opaco)(CH05),https://www.gogogo.cl/product/parche-chile-opaco-ch05,3990,3990,si,1
2026-09-21,09:25:15,gogogo,Parche Chile/Punisher (CP01),https://www.gogogo.cl/product/parche-chile-punisher-cp01,3990,3990,si,8
2026-09-21,09:25:15,gogogo,PARCHE Corte Laser A neg 2.5x5 cm. (Coyote),https://www.gogogo.cl/product/parche-corte-laser-a-neg-2-5x5-cm-coyote,3990,3990,si,2
2026-09-21,09:25:15,gogogo,PARCHE Corte Laser AB neg 2.5x5 cm. (Coyote),https://www.gogogo.cl/product/parche-corte-laser-ab-neg-2-5x5-cm-coyote,3990,3990,si,2
2026-09-21,09:25:15,gogogo,PARCHE Corte Laser AB pos 2.5x5 cm. (Coyote),https://www.gogogo.cl/product/parche-corte-laser-ab-pos-2-5x5-cm-coyote,3990,3990,si,1
2026-09-21,09:25:15,gogogo,PARCHE Corte Laser B neg 2.5x5 cm. (Coyote),https://www.gogogo.cl/product/parche-corte-laser-b-neg-2-5x5-cm-coyote,3990,3990,si,2
2026-09-21,09:25:15,gogogo,Parche Craneo Bandera Chile,https://www.gogogo.cl/product/parche-craneo-bandera-chile,3990,3990,si,9
2026-09-21,09:25:15,gogogo,Parche Craneo Confederado,https://www.gogogo.cl/product/parche-craneo-confederado,3990,3990,si,10
2026-09-21,09:25:15,gogogo,Parche Craneo NVG luminiscente,https://www.gogogo.cl/product/parche-craneo-nvg-luminiscente,5990,5990,si,13
2026-09-21,09:25:15,gogogo,Parche Cuchillo,https://www.gogogo.cl/product/parche-cuchillo,4490,4490,si,15
2026-09-21,09:25:15,gogogo,PARCHE Escudo Ucrania,https://www.gogogo.cl/product/parche-escudo-ucrania,3900,3900,si,15
2026-09-21,09:25:15,gogogo,Parche First Strike Death Sticks,https://www.gogogo.cl/product/parche-first-strike-death-sticks,4490,4490,si,15
2026-09-21,09:25:15,gogogo,Parche Forward Observations Group (FOG),https://www.gogogo.cl/product/parche-forward-observations-group-fog,3990,3990,si,13
2026-09-21,09:25:15,gogogo,Parche Furgoneta UAZ-452,https://www.gogogo.cl/product/parche-furgoneta-uaz-452,5990,5990,si,14
2026-09-21,09:25:15,gogogo,Parche Gato Blanco,https://www.gogogo.cl/product/parche-gato-blanco,3990,3990,si,15
2026-09-21,09:25:15,gogogo,Parche Gato Cuchillo,https://www.gogogo.cl/product/parche-gato-cuchillo,3990,3990,si,13
2026-09-21,09:25:15,gogogo,Parche Gato Negro,https://www.gogogo.cl/product/parche-gato-negro,3990,3990,si,14
2026-09-21,09:25:15,gogogo,Parche Gato Odio,https://www.gogogo.cl/product/parche-gato-odio,3990,3990,si,14
2026-09-21,09:25:15,gogogo,PARCHE GOGOGO! PEW PEW PEW!,https://www.gogogo.cl/product/parche-gogogo-pew-pew-pew,4990,4990,si,2
2026-09-21,09:25:15,gogogo,PARCHE GOGOGO! XOXO,https://www.gogogo.cl/product/parche-gogogo-xoxo,4990,4990,si,7
2026-09-21,09:25:15,gogogo,Parche Guante Odio,https://www.gogogo.cl/product/parche-guante-odio,4490,4490,si,13
2026-09-21,09:25:15,gogogo,Parche Guante Paz,https://www.gogogo.cl/product/parche-guante-paz,4490,4490,si,14
2026-09-21,09:25:15,gogogo,PARCHE Guante Protección,https://www.gogogo.cl/product/parche-guante-proteccion,5990,5990,si,14
2026-09-21,09:25:15,gogogo,PARCHE Kriss Vector,https://www.gogogo.cl/product/parche-kriss-vector,5990,5990,si,15
2026-09-21,09:25:15,gogogo,PARCHE L96,https://www.gogogo.cl/product/parche-l96,5990,5990,si,15
2026-09-21,09:25:15,gogogo,Parche Lobo Tactico,https://www.gogogo.cl/product/parche-lobo-tactico,5990,5990,si,14
2026-09-21,09:25:15,gogogo,Parche M110 (Pink),https://www.gogogo.cl/product/parche-m110-pink,5990,5990,si,15
2026-09-21,09:25:15,gogogo,PARCHE M249,https://www.gogogo.cl/product/parche-m249,5990,5990,si,15
2026-09-21,09:25:15,gogogo,Parche Maneki Neko Tactical,https://www.gogogo.cl/product/parche-maneki-neko-tactical,5990,5990,si,15
2026-09-21,09:25:15,gogogo,PARCHE Mirada Gato luminiscente (Coyote),https://www.gogogo.cl/product/parche-mirada-gato-luminiscente-coyote,3990,3990,si,5
2026-09-21,09:25:15,gogogo,PARCHE Mirada Gato luminiscente (Multicam),https://www.gogogo.cl/product/parche-mirada-gato-luminiscente-multicam,3990,3990,si,9
2026-09-21,09:25:15,gogogo,PARCHE Mirada Gato luminiscente (Negro),https://www.gogogo.cl/product/parche-mirada-gato-luminiscente-negro,3990,3990,si,7
2026-09-21,09:25:15,gogogo,Parche MP5,https://www.gogogo.cl/product/parche-mp5,5990,5990,si,15
2026-09-21,09:25:15,gogogo,Parche MP7,https://www.gogogo.cl/product/parche-mp7,5990,5990,si,15
2026-09-21,09:25:15,gogogo,PARCHE Mujer AK,https://www.gogogo.cl/product/parche-mujer-ak,5990,5990,si,14
2026-09-21,09:25:15,gogogo,PARCHE Mujer AR15 Blanco,https://www.gogogo.cl/product/parche-mujer-ar15-blanco,5990,5990,si,15
2026-09-21,09:25:15,gogogo,PARCHE Mujer AR15 Negro,https://www.gogogo.cl/product/parche-mujer-ar15-negro,5990,5990,si,15
2026-09-21,09:25:15,gogogo,PARCHE Mujer Dron,https://www.gogogo.cl/product/parche-mujer-dron,5990,5990,si,13
2026-09-21,09:25:15,gogogo,PARCHE Mujer LMG,https://www.gogogo.cl/product/parche-mujer-lmg,5990,5990,si,12
2026-09-21,09:25:15,gogogo,PARCHE Mujer RPG,https://www.gogogo.cl/product/parche-mujer-rpg,5990,5990,si,14
2026-09-21,09:25:15,gogogo,Parche NASA,https://www.gogogo.cl/product/parche-nasa,3990,3990,si,10
2026-09-21,09:25:15,gogogo,PARCHE O+/POS 2.5x5 cm. (Gris),https://www.gogogo.cl/product/parche-o-pos-2-5x5-cm-gris,2490,2490,si,6
2026-09-21,09:25:15,gogogo,PARCHE Ojos Gato luminiscente (Coyote),https://www.gogogo.cl/product/parche-ojos-gato-luminiscente-coyote,3900,3900,si,5
2026-09-21,09:25:15,gogogo,PARCHE Ojos Gato luminiscente (Multicam),https://www.gogogo.cl/product/parche-ojos-gato-luminiscente-multicam,3900,3900,si,9
2026-09-21,09:25:15,gogogo,PARCHE Ojos Gato luminiscente (Negro),https://www.gogogo.cl/product/parche-ojos-gato-luminiscente-negro,3900,3900,si,3
2026-09-21,09:25:15,gogogo,PARCHE Ojos Gato luminiscente (Verde),https://www.gogogo.cl/product/parche-ojos-gato-luminiscente-verde,3900,3900,si,8
2026-09-21,09:25:15,gogogo,Parche Panda Tactico,https://www.gogogo.cl/product/parche-panda-tactico,4490,4490,si,14
2026-09-21,09:25:15,gogogo,Parche Pin-Up Bomber Girl,https://www.gogogo.cl/product/parche-pin-up-bomber-girl,3990,3990,si,10
2026-09-21,09:25:15,gogogo,Parche Police,https://www.gogogo.cl/product/parche-police,3990,3990,si,15
2026-09-21,09:25:15,gogogo,Parche Police hub,https://www.gogogo.cl/product/parche-police-hub,3990,3990,si,15
2026-09-21,09:25:15,gogogo,Parche Punisher (Coyote)(P04),https://www.gogogo.cl/product/parche-punisher-coyote-p04,3900,3900,si,14
2026-09-21,09:25:15,gogogo,Parche Punisher (Multicam)(P05),https://www.gogogo.cl/product/parche-punisher-multicam-p05,3900,3900,si,6
2026-09-21,09:25:15,gogogo,Parche Punisher (Negro)(P01),https://www.gogogo.cl/product/parche-punisher-negro-p01,3900,3900,si,6
2026-09-21,09:25:15,gogogo,Parche Punisher (Rojo)(P06),https://www.gogogo.cl/product/parche-punisher-rojo-p06,3900,3900,si,6
2026-09-21,09:25:15,gogogo,Parche Punisher (Verde Borde Café)(P07),https://www.gogogo.cl/product/parche-punisher-verde-borde-cafe-p07,3990,3990,si,10
2026-09-21,09:25:15,gogogo,Parche Punisher Terminator luminiscente,https://www.gogogo.cl/product/parche-punisher-terminator-luminiscente,5990,5990,si,13
2026-09-21,09:25:15,gogogo,Parche PVC Bandera USA (Negro),https://www.gogogo.cl/product/parche-pvc-bandera-usa-negro,3990,3990,si,3
2026-09-21,09:25:15,gogogo,PARCHE Scar,https://www.gogogo.cl/product/parche-scar,5990,5990,si,14
2026-09-21,09:25:15,gogogo,PARCHE SWAT 8x5CM,https://www.gogogo.cl/product/parche-swat-8x5cm,3990,3990,si,7
2026-09-21,09:25:15,gogogo,Parche Tanque T-72,https://www.gogogo.cl/product/parche-tanque-t-72,5990,5990,si,14
2026-09-21,09:25:15,gogogo,Parche USA Dragon,https://www.gogogo.cl/product/parche-usa-dragon,3990,3990,si,9
2026-09-21,09:25:15,gogogo,Parche USA Libertad,https://www.gogogo.cl/product/parche-usa-libertad,3990,3990,si,9
2026-09-21,09:25:15,gogogo,Parche Vikingo Valknut Reflectante,https://www.gogogo.cl/product/parche-vikingo-valknut-reflectante,4490,4490,si,15
2026-09-21,09:25:15,gogogo,Combat Pant Gen3 (Wolf Grey),https://www.gogogo.cl/product/combat-pant-gen3-wolf-grey,49990,49990,si,6
2026-09-21,09:25:15,gogogo,EMERSON GEAR - Combat Pant Gen2 Multicam Tropic (Talla XXL),https://www.gogogo.cl/product/emerson-gear-combat-pant-gen2-multicam-tropic-talla-xxl,59493,84990,si,1
2026-09-21,09:25:15,gogogo,EMERSON GEAR - Combat Shirt Gen2 Multicam Tropic (Talla XL),https://www.gogogo.cl/product/emerson-gear-combat-shirt-gen2-multicam-tropic-talla-xl,34993,49990,si,1
2026-09-21,09:25:15,gogogo,ESDY - Combat Shirt Manga Corta (Multicam Black),https://www.gogogo.cl/product/esdy-combat-shirt-manga-corta-multicam-black,16990,16990,si,7
2026-09-21,09:25:15,gogogo,ESDY - Combat Shirt Manga Corta (Multicam),https://www.gogogo.cl/product/esdy-combat-shirt-manga-corta-multicam,16990,16990,si,18
2026-09-21,09:25:15,gogogo,ESDY - Combat Shirt Manga Corta (Negro),https://www.gogogo.cl/product/esdy-combat-shirt-manga-corta-negro,16990,16990,si,11
2026-09-21,09:25:15,gogogo,ESDY - Combat Shirt Manga Corta (Tan),https://www.gogogo.cl/product/esdy-combat-shirt-manga-corta-tan,16990,16990,si,4
2026-09-21,09:25:15,gogogo,ESDY - Combat Shirt Manga Larga (FG) (Talla XL),https://www.gogogo.cl/product/esdy-combat-shirt-manga-larga-fg-talla-xl,21990,21990,si,1
2026-09-21,09:25:15,gogogo,ESDY - Combat Shirt Manga Larga (Woodland) (TALLA 3XL),https://www.gogogo.cl/product/esdy-combat-shirt-manga-larga-woodland-talla-3xl,21990,21990,si,1
2026-09-21,09:25:15,gogogo,ESDY - Tactical Combat Shirt V2 (Multicam),https://www.gogogo.cl/product/esdy-tactical-combat-shirt-v2-multicam,19990,19990,si,19
2026-09-21,09:25:15,gogogo,New Gen Tactical Uniform (Black),https://www.gogogo.cl/product/new-gen-tactical-uniform-black,59990,59990,si,8
2026-09-21,09:25:15,gogogo,New Gen Tactical Uniform (Brown),https://www.gogogo.cl/product/new-gen-tactical-uniform-brown,50992,59990,si,13
2026-09-21,09:25:15,gogogo,New Gen Tactical Uniform (Gray),https://www.gogogo.cl/product/new-gen-tactical-uniform-gray,50992,59990,si,19
2026-09-21,09:25:15,gogogo,New Gen Tactical Uniform (Multicam),https://www.gogogo.cl/product/new-gen-tactical-uniform-multicam,59990,59990,si,2
2026-09-21,09:25:15,gogogo,Set Uniforme de Combate (Azul),https://www.gogogo.cl/product/set-uniforme-de-combate-azul,44990,44990,si,3
2026-09-21,09:25:15,gogogo,Set Uniforme de Combate (Digital Desert),https://www.gogogo.cl/product/set-uniforme-de-combate-digital-desert,44990,44990,si,10
2026-09-21,09:25:15,gogogo,Set Uniforme de Combate (Marpat),https://www.gogogo.cl/product/set-uniforme-de-combate-marpat,44990,44990,si,5
2026-09-21,09:25:15,gogogo,Set Uniforme de Combate (Multicam Black),https://www.gogogo.cl/product/set-uniforme-de-combate-multicam-black,44990,44990,si,14
2026-09-21,09:25:15,gogogo,Set Uniforme de Combate (Multicam),https://www.gogogo.cl/product/set-uniforme-de-combate-multicam,44990,44990,si,14
2026-09-21,09:25:15,gogogo,Set Uniforme de Combate (Negro),https://www.gogogo.cl/product/set-uniforme-de-combate-negro,44990,44990,si,19
2026-09-21,09:25:15,gogogo,Set Uniforme de Combate (OD),https://www.gogogo.cl/product/set-uniforme-de-combate-od,44990,44990,si,9
2026-09-21,09:25:15,gogogo,Set Uniforme de Combate (Tan),https://www.gogogo.cl/product/set-uniforme-de-combate-tan,44990,44990,si,7
2026-09-21,09:25:15,gogogo,SIVI - PANTALON CARGO LIGERO SECADO RÁPIDO (BEIGE),https://www.gogogo.cl/product/sivi-pantalon-cargo-ligero-secado-rapido-beige,22990,22990,si,13
2026-09-21,09:25:15,gogogo,SIVI - PANTALON CARGO LIGERO SECADO RÁPIDO (NEGRO),https://www.gogogo.cl/product/sivi-pantalon-cargo-ligero-secado-rapido-negro,22990,22990,si,10
2026-09-21,09:25:15,gogogo,SIVI - PANTALON CARGO LIGERO SECADO RÁPIDO (VERDE),https://www.gogogo.cl/product/sivi-pantalon-cargo-ligero-secado-rapido-verde,22990,22990,si,10
2026-09-21,09:25:15,gogogo,SIVI - PANTALON DE COMBATE (BEIGE),https://www.gogogo.cl/product/sivi-pantalon-de-combate-beige,38990,38990,si,8
2026-09-21,09:25:15,gogogo,SIVI - PANTALON DE COMBATE (MULTICAM),https://www.gogogo.cl/product/sivi-pantalon-de-combate-multicam,38990,38990,si,7
2026-09-21,09:25:15,gogogo,SIVI - PANTALON DE COMBATE (NEGRO),https://www.gogogo.cl/product/sivi-pantalon-de-combate-negro,38990,38990,si,11
2026-09-21,09:25:15,gogogo,SIVI - SHORT TÁCTICO ELASTICADO SECADO RÁPIDO (BEIGE),https://www.gogogo.cl/product/sivi-short-tactico-elasticado-secado-rapido-beige,13592,15990,si,15
2026-09-21,09:25:15,gogogo,SIVI - SHORT TÁCTICO ELASTICADO SECADO RÁPIDO (GRIS),https://www.gogogo.cl/product/sivi-short-tactico-elasticado-secado-rapido-gris,13592,15990,si,15
2026-09-21,09:25:15,gogogo,SIVI - SHORT TÁCTICO ELASTICADO SECADO RÁPIDO (NEGRO),https://www.gogogo.cl/product/sivi-short-tactico-elasticado-secado-rapido-negro,13592,15990,si,14
2026-09-21,09:25:15,gogogo,SIVI - SHORT TÁCTICO ELASTICADO SECADO RÁPIDO (VERDE),https://www.gogogo.cl/product/sivi-short-tactico-elasticado-secado-rapido-verde,13592,15990,si,15
2026-09-21,09:25:15,gogogo,SIVI - SHORT TÁCTICO RIPSTOP (BEIGE),https://www.gogogo.cl/product/sivi-short-tactico-ripstop-beige,16142,18990,si,15
2026-09-21,09:25:15,gogogo,SIVI - SHORT TÁCTICO RIPSTOP (GRIS),https://www.gogogo.cl/product/sivi-short-tactico-ripstop-gris,16142,18990,si,11
2026-09-21,09:25:15,gogogo,SIVI - SHORT TÁCTICO RIPSTOP (NEGRO),https://www.gogogo.cl/product/sivi-short-tactico-ripstop-negro,16142,18990,si,9
2026-09-21,09:25:15,gogogo,SIVI - SHORT TÁCTICO RIPSTOP (VERDE),https://www.gogogo.cl/product/sivi-short-tactico-ripstop-verde,16142,18990,si,12
2026-09-21,09:25:15,gogogo,CAMPSOR - Toalla Microfibra 120x80 cm (Medium)(Azul),https://www.gogogo.cl/product/campsor-toalla-microfibra-120x80-cm-medium-azul,6990,6990,si,1
2026-09-21,09:25:15,gogogo,CAMPSOR - Toalla Microfibra 120x80 cm (Medium)(Gris),https://www.gogogo.cl/product/campsor-toalla-microfibra-120x80-cm-medium-gris,6990,6990,si,2
2026-09-21,09:25:15,gogogo,CAMPSOR - Toalla Microfibra 120x80 cm (Medium)(Rosado),https://www.gogogo.cl/product/campsor-toalla-microfibra-120x80-cm-medium-rosado,6990,6990,si,1
2026-09-21,09:25:15,gogogo,Cocinilla a Gas,https://www.gogogo.cl/product/cocinilla-a-gas,12990,12990,si,1
2026-09-21,09:25:15,gogogo,Correa de Equipaje,https://www.gogogo.cl/product/correa-de-equipaje,1990,1990,si,4
2026-09-21,09:25:15,gogogo,Linterna Llavero Recargable (Tipo C),https://www.gogogo.cl/product/linterna-llavero-recargable-tipo-c,5990,5990,si,3
2026-09-21,09:25:15,gogogo,Luz Química (Amarillo),https://www.gogogo.cl/product/luz-quimica-amarillo,1000,1000,si,12
2026-09-21,09:25:15,gogogo,Luz Química (Azul),https://www.gogogo.cl/product/luz-quimica-azul,1000,1000,si,24
2026-09-21,09:25:15,gogogo,Luz Química (Rojo),https://www.gogogo.cl/product/luz-quimica-rojo,1000,1000,si,11
2026-09-21,09:25:15,gogogo,Luz Química (Verde) ,https://www.gogogo.cl/product/luz-quimica-verde,1000,1000,si,20
2026-09-21,09:25:15,gogogo,Red de Camuflaje 2x3 mt (Desierto),https://www.gogogo.cl/product/red-de-camuflaje-2x3-mt-desierto,14990,14990,si,2
2026-09-21,09:25:15,gogogo,SKMEI - Reloj Digital 13 Digitos Version 2,https://www.gogogo.cl/product/skmei-reloj-digital-13-digitos-version-2,10990,10990,si,1
2026-09-21,09:25:15,gogogo,Coderas y Rodilleras Tácticas V1 (Negro),https://www.gogogo.cl/product/coderas-y-rodilleras-tacticas-v1-negro,9990,9990,si,10
2026-09-21,09:25:15,gogogo,Coderas y Rodilleras Tácticas V1 (OD),https://www.gogogo.cl/product/coderas-y-rodilleras-tacticas-v1-od,9990,9990,si,10
2026-09-21,09:25:15,gogogo,Coderas y Rodilleras Tácticas V1 (Tan),https://www.gogogo.cl/product/coderas-y-rodilleras-tacticas-v1-tan,9990,9990,si,10
2026-09-21,09:25:15,gogogo,Coderas y Rodilleras Tácticas V2 (Negro),https://www.gogogo.cl/product/coderas-y-rodilleras-tacticas-v2-negro,9990,9990,si,10
2026-09-21,09:25:15,gogogo,Coderas y Rodilleras Tácticas V2 (OD),https://www.gogogo.cl/product/coderas-y-rodilleras-tacticas-v2-od,9990,9990,si,10
2026-09-21,09:25:15,gogogo,Coderas y Rodilleras Tácticas V2 (Tan),https://www.gogogo.cl/product/coderas-y-rodilleras-tacticas-v2-tan,9990,9990,si,9
2026-09-21,09:25:15,gogogo,SIVI - RODILLERAS Y CODERAS G3 HEXAGONO (COYOTE),https://www.gogogo.cl/product/sivi-rodilleras-y-coderas-g3-hexagono-coyote,12990,12990,si,13
2026-09-21,09:25:15,gogogo,SIVI - RODILLERAS Y CODERAS G3 HEXAGONO (NEGRO),https://www.gogogo.cl/product/sivi-rodilleras-y-coderas-g3-hexagono-negro,12990,12990,si,14
2026-09-21,09:25:15,gogogo,SIVI - RODILLERAS Y CODERAS G3 HEXAGONO (VERDE),https://www.gogogo.cl/product/sivi-rodilleras-y-coderas-g3-hexagono-verde,12990,12990,si,10
2026-09-21,09:25:15,gogogo,SULAITE - Coderas y Rodilleras,https://www.gogogo.cl/product/sulaite-coderas-y-rodilleras,29990,29990,si,2
2026-09-21,09:25:15,gogogo,Calceta Militar (Coyote),https://www.gogogo.cl/product/calceta-militar-coyote,1300,1300,si,10
2026-09-21,09:25:15,gogogo,Calceta Militar (Negro),https://www.gogogo.cl/product/calceta-militar-negro,1300,1300,si,7
2026-09-21,09:25:15,gogogo,Calceta Militar (Verde),https://www.gogogo.cl/product/calceta-militar-verde,1300,1300,si,18
2026-09-21,09:25:15,gogogo,Chaqueta Softshell (Coyote),https://www.gogogo.cl/product/chaqueta-softshell-coyote,32990,32990,si,5
2026-09-21,09:25:15,gogogo,Chaqueta Softshell (Digital Flora),https://www.gogogo.cl/product/chaqueta-softshell-digital-flora,39990,39990,si,1
2026-09-21,09:25:15,gogogo,Chaqueta Softshell (Foliage Green),https://www.gogogo.cl/product/chaqueta-softshell-foliage-green,32990,32990,si,6
2026-09-21,09:25:15,gogogo,Chaqueta Softshell (Multicam Black),https://www.gogogo.cl/product/chaqueta-softshell-multicam-black,32990,32990,si,4
2026-09-21,09:25:15,gogogo,Chaqueta Softshell (Multicam),https://www.gogogo.cl/product/chaqueta-softshell-multicam,32990,32990,si,10
2026-09-21,09:25:15,gogogo,Chaqueta Softshell (Negro),https://www.gogogo.cl/product/chaqueta-softshell-negro,32990,32990,si,4
2026-09-21,09:25:15,gogogo,Chaqueta Softshell (Realtree),https://www.gogogo.cl/product/chaqueta-softshell-realtree,23093,32990,si,6
2026-09-21,09:25:15,gogogo,Chaqueta Softshell (Verde),https://www.gogogo.cl/product/chaqueta-softshell-verde,32990,32990,si,11
2026-09-21,09:25:15,gogogo,ESDY - Polera Dryfit (Negro),https://www.gogogo.cl/product/esdy-polera-dryfit-negro,5900,5900,si,3
2026-09-21,09:25:15,gogogo,ESDY - Polera Spandex (Multicam Black),https://www.gogogo.cl/product/esdy-polera-spandex-multicam-black,7990,7990,si,7
2026-09-21,09:25:15,gogogo,ESDY - Polera Spandex (Multicam),https://www.gogogo.cl/product/esdy-polera-spandex-multicam,7990,7990,si,5
2026-09-21,09:25:15,gogogo,ESDY - Primera Capa Algodón (Gris),https://www.gogogo.cl/product/esdy-primera-capa-algodon-gris,19990,19990,si,4
2026-09-21,09:25:15,gogogo,Ghillie Arido Talla M/L Elasticado,https://www.gogogo.cl/product/ghillie-arido-talla-m-l-elasticado,29900,29900,si,1
2026-09-21,09:25:15,gogogo,Pantalón Táctico Cargo (Beige),https://www.gogogo.cl/product/pantalon-tactico-cargo-beige,24990,24990,si,19
2026-09-21,09:25:15,gogogo,Pantalón Táctico Cargo (Coyote),https://www.gogogo.cl/product/pantalon-tactico-cargo-coyote,24990,24990,si,21
2026-09-21,09:25:15,gogogo,Pantalón Táctico Cargo (Multicam),https://www.gogogo.cl/product/pantalon-tactico-cargo-multicam,24990,24990,si,2
2026-09-21,09:25:15,gogogo,Pantalón Táctico Cargo (Negro),https://www.gogogo.cl/product/pantalon-tactico-cargo-negro,24990,24990,si,14
2026-09-21,09:25:15,gogogo,Pantalón Táctico Cargo (Verde),https://www.gogogo.cl/product/pantalon-tactico-cargo-verde,24990,24990,si,8
2026-09-21,09:25:15,gogogo,Pantalón Táctico Cargo Dril (Beige),https://www.gogogo.cl/product/pantalon-tactico-cargo-dril-beige,26990,26990,si,2
2026-09-21,09:25:15,gogogo,Pantalón Táctico Cargo Dril (Coyote),https://www.gogogo.cl/product/pantalon-tactico-cargo-dril-coyote,26990,26990,si,7
2026-09-21,09:25:15,gogogo,Pantalón Táctico Cargo Dril (Verde),https://www.gogogo.cl/product/pantalon-tactico-cargo-dril-verde,26990,26990,si,1
2026-09-21,09:25:15,gogogo,Polera Algodón (Coyote),https://www.gogogo.cl/product/polera-algodon-coyote,5990,5990,si,4
2026-09-21,09:25:15,gogogo,Polera Algodón (Negra),https://www.gogogo.cl/product/polera-algodon-negra,5990,5990,si,5
2026-09-21,09:25:15,gogogo,Polera Algodón (Verde),https://www.gogogo.cl/product/polera-algodon-verde,5990,5990,si,2
2026-09-21,09:25:15,gogogo,Polera Manga Corta Spandex Transpirable,https://www.gogogo.cl/product/polera-manga-corta-spandex-transpirable,6990,6990,si,10
2026-09-21,09:25:15,gogogo,Polera Manga Larga Spandex Transpirable,https://www.gogogo.cl/product/polera-manga-larga-spandex-transpirable,8990,8990,si,7
2026-09-21,09:25:15,gogogo,Polera Spandex (Negro),https://www.gogogo.cl/product/polera-spandex-negro,6990,6990,si,4
2026-09-21,09:25:15,gogogo,Polerón Polar (Coyote),https://www.gogogo.cl/product/poleron-polar-coyote,13592,15990,si,2
2026-09-21,09:25:15,gogogo,Polerón Polar (Verde),https://www.gogogo.cl/product/poleron-polar-verde,13592,15990,si,4
2026-09-21,09:25:15,gogogo,Polerón Polar Táctico (Coyote),https://www.gogogo.cl/product/poleron-polar-tactico-coyote,20993,29990,si,8
2026-09-21,09:25:15,gogogo,Polerón Polar Táctico (Negro),https://www.gogogo.cl/product/poleron-polar-tactico-negro,20993,29990,si,1
2026-09-21,09:25:15,gogogo,Polerón Polar Táctico (Verde),https://www.gogogo.cl/product/poleron-polar-tactico-verde,20993,29990,si,4
2026-09-21,09:25:15,gogogo,Segunda Capa Militar (Coyote),https://www.gogogo.cl/product/segunda-capa-militar-coyote,18990,18990,si,2
2026-09-21,09:25:15,gogogo,Segunda Capa Militar (Negro),https://www.gogogo.cl/product/segunda-capa-militar-negro,18990,18990,si,2
2026-09-21,09:25:15,gogogo,Short Spandex (Negro),https://www.gogogo.cl/product/short-spandex-negro,5990,5990,si,10
2026-09-21,09:25:15,gogogo,SIVI - PANTALÓN CARGO TÁCTICO (Beige),https://www.gogogo.cl/product/sivi-pantalon-cargo-tactico-beige,34990,34990,si,70
2026-09-21,09:25:15,gogogo,SIVI - PANTALÓN CARGO TÁCTICO (Verde),https://www.gogogo.cl/product/sivi-pantalon-cargo-tactico-verde,29742,34990,si,70
2026-09-21,09:25:15,gogogo,Tactical Bomber Jacket (OD)(Talla 2XL),https://www.gogogo.cl/product/tactical-bomber-jacket-od-talla-2xl,38493,54990,si,2
2026-09-21,09:25:15,gogogo,Banquillo Plegable (Coyote),https://www.gogogo.cl/product/banquillo-plegable-coyote,8990,8990,si,1
2026-09-21,09:25:15,gogogo,Banquillo Plegable (Negro),https://www.gogogo.cl/product/banquillo-plegable-negro,8990,8990,si,2
2026-09-21,09:25:15,gogogo,Banquillo Plegable (Verde),https://www.gogogo.cl/product/banquillo-plegable-verde,8990,8990,si,1
2026-09-21,09:25:15,gogogo,Botiquín Primeros Auxilios Rígido,https://www.gogogo.cl/product/botiquin-primeros-auxilios-rigido,9990,9990,si,5
2026-09-21,09:25:15,gogogo,ELEMENT - Llave Delta,https://www.gogogo.cl/product/element-llave-delta,12990,12990,si,7
2026-09-21,09:25:15,gogogo,Lampara Farol Camping LED USB (Naranja),https://www.gogogo.cl/product/lampara-farol-camping-led-usb-naranja,6990,6990,si,1
2026-09-21,09:25:15,gogogo,Lampara Farol Camping LED USB (Verde),https://www.gogogo.cl/product/lampara-farol-camping-led-usb-verde,6990,6990,si,2
2026-09-21,09:25:15,gogogo,Llavero Tactico (Coyote),https://www.gogogo.cl/product/llavero-tactico-coyote,3990,3990,si,20
2026-09-21,09:25:15,gogogo,Llavero Tactico (Negro),https://www.gogogo.cl/product/llavero-tactico-negro,3990,3990,si,15
2026-09-21,09:25:15,gogogo,Llavero Tactico (Verde),https://www.gogogo.cl/product/llavero-tactico-verde,3990,3990,si,12
2026-09-21,09:25:15,gogogo,Navaja Multiherramientas (Rojo),https://www.gogogo.cl/product/navaja-multiherramientas-rojo,4990,4990,si,2
2026-09-21,09:25:15,gogogo,Radio AM/FM de 2 Bandas,https://www.gogogo.cl/product/radio-am-fm-de-2-bandas,6990,6990,si,7
2026-09-21,09:25:15,gogogo,YUZEX - Reloj sobrevivencia (Negro),https://www.gogogo.cl/product/yuzex-reloj-sobrevivencia-negro,11990,11990,si,2
2026-09-21,09:25:15,gogogo,YUZEX - Reloj sobrevivencia (Verde),https://www.gogogo.cl/product/yuzex-reloj-sobrevivencia-verde,11990,11990,si,2
2026-09-21,09:25:15,gogogo,Bipode Atlas,https://www.gogogo.cl/product/bipode-atlas,31900,31900,si,3
2026-09-21,09:25:15,gogogo,Bipode Harris,https://www.gogogo.cl/product/bipode-harris,21900,21900,si,4
2026-09-21,09:25:15,gogogo,Bipode Para Cañón,https://www.gogogo.cl/product/bipode-para-canon,21900,21900,si,2
2026-09-21,09:25:15,gogogo,DEFENSOR FOREVER - Bípode Accutac Picatinny (Bronce),https://www.gogogo.cl/product/defensor-forever-bipode-accutac-picatinny-bronce,39990,39990,si,1
2026-09-21,09:25:15,gogogo,DEFENSOR FOREVER - Bipode Magpul (Dark Earth),https://www.gogogo.cl/product/defensor-forever-bipode-magpul-dark-earth,44990,44990,si,1
2026-09-21,09:25:15,gogogo,DEFENSOR FOVERER - Bipode Büker V10,https://www.gogogo.cl/product/defensor-foverer-bipode-buker-v10,59990,59990,si,3
2026-09-21,09:25:15,gogogo,5KU - Curved Folding Skeleton Stock for Folding AKs (5KU-328),https://www.gogogo.cl/product/5ku-curved-folding-skeleton-stock-for-folding-aks-5ku-328,79990,79990,si,1
2026-09-21,09:25:15,gogogo,Culata CTR (Black),https://www.gogogo.cl/product/culata-ctr-black,32990,32990,si,9
2026-09-21,09:25:15,gogogo,Culata CTR (Tan),https://www.gogogo.cl/product/culata-ctr-tan,32990,32990,si,2
2026-09-21,09:25:15,gogogo,Angled Fore Grip 1 (Negro),https://www.gogogo.cl/product/angled-fore-grip-1-negro,14990,14990,si,9
2026-09-21,09:25:15,gogogo,Angled Fore Grip 1 (Tan),https://www.gogogo.cl/product/angled-fore-grip-1-tan,14990,14990,si,9
2026-09-21,09:25:15,gogogo,Angled Fore Grip 2 (Negro),https://www.gogogo.cl/product/angled-fore-grip-2-negro,14990,14990,si,4
2026-09-21,09:25:15,gogogo,Angled Fore Grip 2 (Tan),https://www.gogogo.cl/product/angled-fore-grip-2-tan,14990,14990,si,6
2026-09-21,09:25:15,gogogo,BIG DRAGON - Grip Tango Down Long (BD-3618) (Tan),https://www.gogogo.cl/product/big-dragon-grip-tango-down-long-bd-3618-tan,9990,9990,si,8
2026-09-21,09:25:15,gogogo,BIG DRAGON - Grip Tango Down QD (BD-3350) (Dark Earth),https://www.gogogo.cl/product/big-dragon-grip-tango-down-qd-bd-3350-dark-earth,14990,14990,si,7
2026-09-21,09:25:15,gogogo,BIG DRAGON - Vertical Foregrip (BD-0071B) (Black),https://www.gogogo.cl/product/big-dragon-vertical-foregrip-bd-0071b-black,9990,9990,si,18
2026-09-21,09:25:15,gogogo,BIG DRAGON - Vertical Foregrip Battery Holder (Black/Dark Earth)(BD9405BT),https://www.gogogo.cl/product/big-dragon-vertical-foregrip-battery-holder-black-dark-earth-bd9405bt,14990,14990,si,9
2026-09-21,09:25:15,gogogo,BIG DRAGON - Vertical Foregrip Long (BD-9291LT) (Dark Earth),https://www.gogogo.cl/product/big-dragon-vertical-foregrip-long-bd-9291lt-dark-earth,13990,13990,si,12
2026-09-21,09:25:15,gogogo,BIG DRAGON - Vertical Grip M-Lok (BD-9366T) (Tan),https://www.gogogo.cl/product/big-dragon-vertical-grip-m-lok-bd-9366t-tan,12990,12990,si,5
2026-09-21,09:25:15,gogogo,CYMA - Folding Tactical Grip (Black),https://www.gogogo.cl/product/cyma-folding-tactical-grip-black,11990,11990,si,5
2026-09-21,09:25:15,gogogo,CYMA - Grip Flip Up Tactical (C16),https://www.gogogo.cl/product/cyma-grip-flip-up-tactical-c16,12990,12990,si,9
2026-09-21,09:25:15,gogogo,CYMA - Vertical Foregrip MP5-Style Mlok,https://www.gogogo.cl/product/cyma-vertical-foregrip-mp5-style-mlok,14990,14990,si,1
2026-09-21,09:25:15,gogogo,D|BOYS - Foregrip Long Battery Holder (Black)(DB028),https://www.gogogo.cl/product/d-boys-foregrip-long-battery-holder-black-db028,14990,14990,si,1
2026-09-21,09:25:15,gogogo,FMA - Grip Oblique (Black),https://www.gogogo.cl/product/fma-grip-oblique-black,12990,12990,si,4
2026-09-21,09:25:15,gogogo,FMA - Grip Oblique (FG),https://www.gogogo.cl/product/fma-grip-oblique-fg,13990,13990,si,1
2026-09-21,09:25:15,gogogo,FMA - Hand Stop Angular Grip (FG),https://www.gogogo.cl/product/fma-hand-stop-angular-grip-fg,14990,14990,si,1
2026-09-21,09:25:15,gogogo,G&G - Vertical Grip Mlok (G03206) (Black),https://www.gogogo.cl/product/g-g-vertical-grip-mlok-g03206-black,18990,18990,si,5
2026-09-21,09:25:15,gogogo,Goma para Empuñadura (Negro),https://www.gogogo.cl/product/goma-para-empunadura-negro,6990,6990,si,3
2026-09-21,09:25:15,gogogo,Goma para Empuñadura (Tan),https://www.gogogo.cl/product/goma-para-empunadura-tan,6990,6990,si,3
2026-09-21,09:25:15,gogogo,Grip Handstop Keymod / Mlok Metalico (ME6087-B),https://www.gogogo.cl/product/grip-handstop-keymod-mlok-metalico-me6087-b,11990,11990,si,2
2026-09-21,09:25:15,gogogo,Grip PTK (Black),https://www.gogogo.cl/product/grip-ptk-black,12990,12990,si,1
2026-09-21,09:25:15,gogogo,Grip PTK (Dark Earth),https://www.gogogo.cl/product/grip-ptk-dark-earth,12990,12990,si,3
2026-09-21,09:25:15,gogogo,Grip RVG (Negro),https://www.gogogo.cl/product/grip-rvg-negro,9990,9990,si,4
2026-09-21,09:25:15,gogogo,Grip RVG (Tan),https://www.gogogo.cl/product/grip-rvg-tan,9990,9990,si,2
2026-09-21,09:25:15,gogogo,Hand Stop Angular Grip (Negro),https://www.gogogo.cl/product/hand-stop-angular-grip-negro,11990,11990,si,15
2026-09-21,09:25:15,gogogo,Hand Stop Angular Grip (Tan),https://www.gogogo.cl/product/hand-stop-angular-grip-tan,11990,11990,si,9
2026-09-21,09:25:15,gogogo,Hand Stop Mlok/Keymod Aluminio (ME6093-B) (Black),https://www.gogogo.cl/product/hand-stop-mlok-keymod-aluminio-me6093-b-black,19990,19990,si,1
2026-09-21,09:25:15,gogogo,Hand Stop Mlok/Keymod Aluminio (ME6093-T) (Dark Earth),https://www.gogogo.cl/product/hand-stop-mlok-keymod-aluminio-me6093-t-dark-earth,19990,19990,si,4
2026-09-21,09:25:15,gogogo,JS-TACTICAL - Curved Mlok Foregrip (Black),https://www.gogogo.cl/product/js-tactical-curved-mlok-foregrip-black,20990,20990,si,1
2026-09-21,09:25:15,gogogo,Magwell M4,https://www.gogogo.cl/product/magwell-m4,14990,14990,si,1
2026-09-21,09:25:15,gogogo,MP - Hand Stop Mlok Polimero (Black),https://www.gogogo.cl/product/mp-hand-stop-mlok-polimero-black,12990,12990,si,5
2026-09-21,09:25:15,gogogo,MP - Link Angled Hand Stop Mlok/Keymod (Black),https://www.gogogo.cl/product/mp-link-angled-hand-stop-mlok-keymod-black,14990,14990,si,2
2026-09-21,09:25:15,gogogo,MP - Short Vertical Grip M-lok (Black),https://www.gogogo.cl/product/mp-short-vertical-grip-m-lok-black,14990,14990,si,2
2026-09-21,09:25:15,gogogo,MP - Short Vertical Grip M-lok/Keymod (Dark Earth),https://www.gogogo.cl/product/mp-short-vertical-grip-m-lok-keymod-dark-earth,14990,14990,si,3
2026-09-21,09:25:15,gogogo,Support Fore Grip (Black),https://www.gogogo.cl/product/support-fore-grip-black,12990,12990,si,11
2026-09-21,09:25:15,gogogo,Support Fore Grip (Dark Earth),https://www.gogogo.cl/product/support-fore-grip-dark-earth,12990,12990,si,10
2026-09-21,09:25:15,gogogo,WOSPORT - Grip Short Tango Down (Negro),https://www.gogogo.cl/product/wosport-grip-short-tango-down-negro,10990,10990,si,9
2026-09-21,09:25:15,gogogo,WOSPORT - Mag Assist M4 (Pack 2 unidades) (Black),https://www.gogogo.cl/product/wosport-mag-assist-m4-pack-2-unidades-black,5990,5990,si,10
2026-09-21,09:25:15,gogogo,WOSPORT - Tactical Grip Picatinny (Black),https://www.gogogo.cl/product/wosport-tactical-grip-picatinny-black,19990,19990,si,2
2026-09-21,09:25:15,gogogo,CYMA - Bolt Catch,https://www.gogogo.cl/product/cyma-bolt-catch,9990,9990,si,5
2026-09-21,09:25:15,gogogo,ELEMENT - Tapa Empuñadura M4 / M16,https://www.gogogo.cl/product/element-tapa-empunadura-m4-m16,7990,7990,si,2
2026-09-21,09:25:15,gogogo,"JS-TACTICAL - Handguard M4 Mlok 10"" Skeletonized Free-Float (Black)",https://www.gogogo.cl/product/js-tactical-handguard-m4-mlok-10-skeletonized-free-float-black,54990,54990,si,1
2026-09-21,09:25:15,gogogo,ROYAL - Pistol Grip (Tan)(M10TAN),https://www.gogogo.cl/product/royal-pistol-grip-tan-m10tan,13990,13990,si,2
2026-09-21,09:25:15,gogogo,ROYAL - Pistol Grip (Tan)(M34TAN),https://www.gogogo.cl/product/royal-pistol-grip-tan-m34tan,13990,13990,si,5
2026-09-21,09:25:15,gogogo,ELEMENT - Protector de Mira Holosight,https://www.gogogo.cl/product/element-protector-de-mira-holosight,6990,6990,si,4
2026-09-21,09:25:15,gogogo,Mira 2.5-10x40E con Laser Rojo,https://www.gogogo.cl/product/mira-2-5-10x40e-con-laser-rojo,49990,49990,si,3
2026-09-21,09:25:15,gogogo,Mira ACOG 4X32 con Rieles Retroiluminada,https://www.gogogo.cl/product/mira-acog-4x32-con-rieles-retroiluminada,59990,59990,si,1
2026-09-21,09:25:15,gogogo,Mira M9 LS3-10x42E con Laser Rojo,https://www.gogogo.cl/product/mira-m9-ls3-10x42e-con-laser-rojo,49990,49990,si,4
2026-09-21,09:25:15,gogogo,Mira Red Dot,https://www.gogogo.cl/product/mira-red-dot,24990,24990,si,2
2026-09-21,09:25:15,gogogo,Protector de Mira Picatinny,https://www.gogogo.cl/product/protector-de-mira-picatinny,7900,7900,si,18
2026-09-21,09:25:15,gogogo,UMAREX - UX Nano Point NP3 Red Dot Sight,https://www.gogogo.cl/product/umarex-ux-nano-point-np3-red-dot-sight,59990,59990,si,6
2026-09-21,09:25:15,gogogo,UMAREX - UX Nano Point NP4 Red Dot Sight,https://www.gogogo.cl/product/umarex-ux-nano-point-np4-red-dot-sight,59990,59990,si,4
2026-09-21,09:25:15,gogogo,UMAREX - UX Nano Point NP6 Red Dot Sight,https://www.gogogo.cl/product/umarex-ux-nano-point-np6-red-dot-sight,49990,49990,si,1
2026-09-21,09:25:15,gogogo,WALTHER - Mira EPS 3,https://www.gogogo.cl/product/walther-mira-eps-3,239990,239990,si,1
2026-09-21,09:25:15,gogogo,COBA - Linterna LED de Cabeza tipo cintillo con Sensor   ,https://www.gogogo.cl/product/coba-linterna-led-de-cabeza-tipo-cintillo-con-sensor,8990,8990,si,4
2026-09-21,09:25:15,gogogo,Defensor Forever - Linterna Led para Jockey 200 Lumen,https://www.gogogo.cl/product/defensor-forever-linterna-led-para-jockey-200-lumen,2990,2990,si,3
2026-09-21,09:25:15,gogogo,JS-TACTICAL - Linterna LED 200lm,https://www.gogogo.cl/product/js-tactical-linterna-led-200lm,31990,31990,si,5
2026-09-21,09:25:15,gogogo,Linterna Cabeza LED HL-521,https://www.gogogo.cl/product/linterna-cabeza-led-hl-521,9990,9990,si,1
2026-09-21,09:25:15,gogogo,Linterna de Casco MPLS (Negro),https://www.gogogo.cl/product/linterna-de-casco-mpls-negro,22990,22990,si,1
2026-09-21,09:25:15,gogogo,Linterna Láser con Pulsador Remoto,https://www.gogogo.cl/product/linterna-laser-con-pulsador-remoto,27990,27990,si,3
2026-09-21,09:25:15,gogogo,Linterna Pistola,https://www.gogogo.cl/product/linterna-pistola,19900,19900,si,1
2026-09-21,09:25:15,gogogo,Linterna Recargable LED USB 11cm.,https://www.gogogo.cl/product/linterna-recargable-led-usb-11cm,6990,6990,si,6
2026-09-21,09:25:15,gogogo,PEQ 15 Funcional Láser Rojo / IR / Linterna (Negro),https://www.gogogo.cl/product/peq-15-funcional-laser-rojo-ir-linterna-negro,59990,59990,si,2
2026-09-21,09:25:15,gogogo,WADSN - Linterna Led 200lm Pistola,https://www.gogogo.cl/product/wadsn-linterna-led-200lm-pistola,59990,59990,si,2
2026-09-21,09:25:15,gogogo,WADSN - Linterna Mini Led 280lm,https://www.gogogo.cl/product/wadsn-linterna-mini-led-280lm,52990,52990,si,3
2026-09-21,09:25:15,gogogo,WADSN - Protector Linterna 26mm (X300/X400/M300W/M600W)(WEX604-BK),https://www.gogogo.cl/product/wadsn-protector-linterna-26mm-x300-x400-m300w-m600w-wex604-bk,8990,8990,si,1
2026-09-21,09:25:15,gogogo,WST - Tactical signal light III (Multi-Color),https://www.gogogo.cl/product/wst-tactical-signal-light-iii-multi-color,12990,12990,si,21
2026-09-21,09:25:15,gogogo,X-BALOG - Linterna con Montura Incorporada y Disparador Remoto,https://www.gogogo.cl/product/x-balog-linterna-con-montura-incorporada-y-disparador-remoto,25990,25990,si,4
2026-09-21,09:25:15,gogogo,X-BALOG - Linterna LED BL-Q2804,https://www.gogogo.cl/product/x-balog-linterna-led-bl-q2804,22990,22990,si,4
2026-09-21,09:25:15,gogogo,X-BALOG - Linterna LED de Cabeza,https://www.gogogo.cl/product/x-balog-linterna-led-de-cabeza,11990,11990,si,1
2026-09-21,09:25:15,gogogo,Láser Montura con Disparador Remoto (Verde),https://www.gogogo.cl/product/laser-montura-con-disparador-remoto-verde,22990,22990,si,2
2026-09-21,09:25:15,gogogo,Láser Pistola Picatinny (Rojo),https://www.gogogo.cl/product/laser-pistola-picatinny-rojo,12900,12900,si,7
2026-09-21,09:25:15,gogogo,Láser Pistola Tubular (Rojo),https://www.gogogo.cl/product/laser-pistola-tubular-rojo,9900,9900,si,15
2026-09-21,09:25:15,gogogo,ACM - Extension de Cañon 100x19 mm,https://www.gogogo.cl/product/acm-extension-de-canon-100x19-mm,11990,11990,si,6
2026-09-21,09:25:15,gogogo,Adaptador Montura Sling QD Ambidiestro + Gancho QD,https://www.gogogo.cl/product/adaptador-montura-sling-qd-ambidiestro-gancho-qd,11990,11990,si,2
2026-09-21,09:25:15,gogogo,BIG DRAGON - Montura Superior Riel MP5,https://www.gogogo.cl/product/big-dragon-montura-superior-riel-mp5,24990,24990,si,7
2026-09-21,09:25:15,gogogo,CYMA - Montura Linterna Picatinny AK - UGrip,https://www.gogogo.cl/product/cyma-montura-linterna-picatinny-ak-ugrip,12990,12990,si,1
2026-09-21,09:25:15,gogogo,ELEMENT - Adaptador Montura Sling,https://www.gogogo.cl/product/element-adaptador-montura-sling,9990,9990,si,13
2026-09-21,09:25:15,gogogo,ELEMENT - Montura Sling MOE Mlok,https://www.gogogo.cl/product/element-montura-sling-moe-mlok,8990,8990,si,16
2026-09-21,09:25:15,gogogo,Gancho QD Sling,https://www.gogogo.cl/product/gancho-qd-sling,5900,5900,si,9
2026-09-21,09:25:15,gogogo,JS-TACTICAL - Adaptador Ambidiestro para Sling,https://www.gogogo.cl/product/js-tactical-adaptador-ambidiestro-para-sling,8990,8990,si,20
2026-09-21,09:25:15,gogogo,JS-TACTICAL - Adaptador Montura Sling QD + Gancho QD,https://www.gogogo.cl/product/js-tactical-adaptador-montura-sling-qd-gancho-qd,10990,10990,si,10
2026-09-21,09:25:15,gogogo,JS-TACTICAL - Montura 45 Grados Mlok,https://www.gogogo.cl/product/js-tactical-montura-45-grados-mlok,10990,10990,si,10
2026-09-21,09:25:15,gogogo,"JS-TACTICAL - Montura Alza Mira 4 Espacios 4,5x4x2cm (1/2 Pulgada)",https://www.gogogo.cl/product/js-tactical-montura-alza-mira-4-espacios-4-5x4x2cm-1-2-pulgada,8990,8990,si,12
2026-09-21,09:25:15,gogogo,"JS-TACTICAL - Montura Alza Mira 8 Espacios 8,5x4x2cm (1/2 Pulgada)",https://www.gogogo.cl/product/js-tactical-montura-alza-mira-8-espacios-8-5x4x2cm-1-2-pulgada,9990,9990,si,5
2026-09-21,09:25:15,gogogo,JS-TACTICAL - Montura Alza Mira 8 Slots,https://www.gogogo.cl/product/js-tactical-montura-alza-mira-8-slots,14990,14990,si,7
2026-09-21,09:25:15,gogogo,JS-TACTICAL - Montura Mp5 Low profile,https://www.gogogo.cl/product/js-tactical-montura-mp5-low-profile,19990,19990,si,14
2026-09-21,09:25:15,gogogo,Montura Alza Mira + 45 Grados UTG,https://www.gogogo.cl/product/montura-alza-mira-45-grados-utg,8990,8990,si,1
2026-09-21,09:25:15,gogogo,"Montura Alza Mira 3cm. x 8,5cm.",https://www.gogogo.cl/product/montura-alza-mira-3cm-x-8-5cm,7990,7990,si,12
2026-09-21,09:25:15,gogogo,Montura Compacta Mlok Linterna M300/M600 (Negro),https://www.gogogo.cl/product/montura-compacta-mlok-linterna-m300-m600-negro,6990,6990,si,3
2026-09-21,09:25:15,gogogo,Montura GOPRO Picatinny,https://www.gogogo.cl/product/montura-gopro-picatinny,12990,12990,si,8
2026-09-21,09:25:15,gogogo,Montura Linterna 3 Posiciones Picatinny (Coyote),https://www.gogogo.cl/product/montura-linterna-3-posiciones-picatinny-coyote,4990,4990,si,4
2026-09-21,09:25:15,gogogo,Montura Linterna 3 Posiciones Picatinny (Negro),https://www.gogogo.cl/product/montura-linterna-3-posiciones-picatinny-negro,4990,4990,si,3
2026-09-21,09:25:15,gogogo,Montura Linterna Picatinny 25mm.,https://www.gogogo.cl/product/montura-linterna-picatinny-25mm,5900,5900,si,2
2026-09-21,09:25:15,gogogo,Montura Mlok para correas (Bronce),https://www.gogogo.cl/product/montura-mlok-para-correas-bronce,10990,10990,si,2
2026-09-21,09:25:15,gogogo,Montura Mlok QD para correas (Negro),https://www.gogogo.cl/product/montura-mlok-qd-para-correas-negro,9990,9990,si,3
2026-09-21,09:25:15,gogogo,Montura para Cañón V2,https://www.gogogo.cl/product/montura-para-canon-v2,5900,5900,si,1
2026-09-21,09:25:15,gogogo,Montura Scope 25mm.,https://www.gogogo.cl/product/montura-scope-25mm,4990,4990,si,3
2026-09-21,09:25:15,gogogo,Montura Scope 25mm. para Riel 11mm.,https://www.gogogo.cl/product/montura-scope-25mm-para-riel-11mm,1900,1900,si,11
2026-09-21,09:25:15,gogogo,Montura Scope QD 25/30mm. Picatinny ,https://www.gogogo.cl/product/montura-scope-qd-25-30mm-picatinny,15900,15900,si,3
2026-09-21,09:25:15,gogogo,Montura Sling Z A-1 (Metal Green),https://www.gogogo.cl/product/montura-sling-z-a-1-metal-green,11990,11990,si,2
2026-09-21,09:25:15,gogogo,Pack Rieles Universales,https://www.gogogo.cl/product/pack-rieles-universales,6990,6990,si,16
2026-09-21,09:25:15,gogogo,SPECNA ARMS - Alza Mira 19x50mm largo,https://www.gogogo.cl/product/specna-arms-alza-mira-19x50mm-largo,13990,13990,si,2
2026-09-21,09:25:15,gogogo,"SPECNA ARMS - Set Rieles Mlok 7,5/9,5 cm",https://www.gogogo.cl/product/specna-arms-set-rieles-mlok-7-5-9-5-cm,13990,13990,si,2
2026-09-21,09:25:15,gogogo,AGM - Magazine MP40/MP007 Midcap 60RDS Full Metal,https://www.gogogo.cl/product/agm-magazine-mp40-mp007-midcap-60rds-full-metal,18990,18990,si,4
2026-09-21,09:25:15,gogogo,AMOEBA - Magazine Striker Short Version Low-cap 45rd,https://www.gogogo.cl/product/amoeba-magazine-striker-short-version-low-cap-45rd,23990,23990,si,3
2026-09-21,09:25:15,gogogo,ARCTURUS - Magazine AK Windowed Variable-Cap 30/130RDS EMM (Negro),https://www.gogogo.cl/product/arcturus-magazine-ak-windowed-variable-cap-30-130rds-emm-negro,14990,14990,si,20
2026-09-21,09:25:15,gogogo,ARCTURUS - Magazine AK12 Variable-Cap 30/135RDS (Negro),https://www.gogogo.cl/product/arcturus-magazine-ak12-variable-cap-30-135rds-negro,19990,19990,si,8
2026-09-21,09:25:15,gogogo,ARCTURUS - Magazine AK74 Bakelite Variable-Cap 30/135RDS (Negro),https://www.gogogo.cl/product/arcturus-magazine-ak74-bakelite-variable-cap-30-135rds-negro,14990,14990,si,51
2026-09-21,09:25:15,gogogo,ARCTURUS - Magazine AK74 Dmag Variable-Cap 30/135RDS (Negro),https://www.gogogo.cl/product/arcturus-magazine-ak74-dmag-variable-cap-30-135rds-negro,14990,14990,si,6
2026-09-21,09:25:15,gogogo,ARES - Magazine EV01 Series Low-cap 45rd (Black),https://www.gogogo.cl/product/ares-magazine-ev01-series-low-cap-45rd-black,19990,19990,si,4
2026-09-21,09:25:15,gogogo,BATTLEAXE - Magazine M4 450rd Hicap Polimero,https://www.gogogo.cl/product/battleaxe-magazine-m4-450rd-hicap-polimero,12990,12990,si,6
2026-09-21,09:25:15,gogogo,BATTLEAXE - Magazine SVD Hicap 180rd (Black),https://www.gogogo.cl/product/battleaxe-magazine-svd-hicap-180rd-black,14990,14990,si,1
2026-09-21,09:25:15,gogogo,BIG DRAGON - Magazine P90 50rds Low-cap,https://www.gogogo.cl/product/big-dragon-magazine-p90-50rds-low-cap,13990,13990,si,3
2026-09-21,09:25:15,gogogo,CYBERGUN - Magazine CANIK TP9 ELITE BLACK 22rds Green Gas,https://www.gogogo.cl/product/cybergun-magazine-canik-tp9-elite-black-22rds-green-gas,55990,55990,si,5
2026-09-21,09:25:15,gogogo,CYMA - Bulgarian Magazine AKs Series Midcap 150rd (C105a),https://www.gogogo.cl/product/cyma-bulgarian-magazine-aks-series-midcap-150rd-c105a,14990,14990,si,6
2026-09-21,09:25:15,gogogo,CYMA - Magazine AKs Series Midcap 150rd (C105),https://www.gogogo.cl/product/cyma-magazine-aks-series-midcap-150rd-c105,14990,14990,si,3
2026-09-21,09:25:15,gogogo,CYMA - Magazine M4 450RDS Hicap Metal (M001) (Negro),https://www.gogogo.cl/product/cyma-magazine-m4-450rds-hicap-metal-m001-negro,9990,9990,si,1
2026-09-21,09:25:15,gogogo,CYMA - Magazine MP5 Hicap 260rd Full Metal (C46),https://www.gogogo.cl/product/cyma-magazine-mp5-hicap-260rd-full-metal-c46,9990,9990,si,5
2026-09-21,09:25:15,gogogo,CYMA - Magazine Recto MP5 Midcap 110rd (C101),https://www.gogogo.cl/product/cyma-magazine-recto-mp5-midcap-110rd-c101,15990,15990,si,6
2026-09-21,09:25:15,gogogo,CYMA - Magazine SVD Hicap 120rds,https://www.gogogo.cl/product/cyma-magazine-svd-hicap-120rds,19990,19990,si,4
2026-09-21,09:25:15,gogogo,DMAG - Magazine AK 5.45x39 Variable-Cap 30/130RDS EMM (Negro),https://www.gogogo.cl/product/dmag-magazine-ak-5-45x39-variable-cap-30-130rds-emm-negro,14990,14990,si,16
2026-09-21,09:25:15,gogogo,DMAG - Magazine AK 7.62x39 Variable-Cap 30/130RDS EMM (Negro),https://www.gogogo.cl/product/dmag-magazine-ak-7-62x39-variable-cap-30-130rds-emm-negro,14990,14990,si,41
2026-09-21,09:25:15,gogogo,E&L - Magazine AK Bakelite Midcap 120RDS (Orange),https://www.gogogo.cl/product/e-l-magazine-ak-bakelite-midcap-120rds-orange,12900,12900,si,12
2026-09-21,09:25:15,gogogo,EMG - Magazine Staccato CS 26 rds Hi-Capa Series ( by SAVIA ),https://www.gogogo.cl/product/emg-magazine-staccato-cs-26-rds-hi-capa-series-by-savia,59990,59990,si,3
2026-09-21,09:25:15,gogogo,G&G - Magazine GR16/M4 Midcap 105RDS Polimero (Opaco),https://www.gogogo.cl/product/g-g-magazine-gr16-m4-midcap-105rds-polimero-opaco,15990,15990,si,2
2026-09-21,09:25:15,gogogo,G&G - Magazine GTP9/SMC9 23rds (G08167),https://www.gogogo.cl/product/g-g-magazine-gtp9-smc9-23rds-g08167,59990,59990,si,2
2026-09-21,09:25:15,gogogo,G&G - Magazine Piranha 25rds (G08183),https://www.gogogo.cl/product/g-g-magazine-piranha-25rds-g08183,44990,44990,si,7
2026-09-21,09:25:15,gogogo,GO PACK! - X3 Bakelite E&L MIDCAP (Orange),https://www.gogogo.cl/product/go-pack-x3-bakelite-e-l-midcap-orange,36900,36900,si,4
2026-09-21,09:25:15,gogogo,GO PACK! - X3 Mag ARCTURUS AK Windowed Variable-Cap 30/130RDS EMM (Negro),https://www.gogogo.cl/product/go-pack-x3-mag-arcturus-ak-windowed-variable-cap-30-130rds-emm-negro,41990,41990,si,6
2026-09-21,09:25:15,gogogo,GO PACK! - X3 Mag ARCTURUS AK12 Midcap,https://www.gogogo.cl/product/go-pack-x3-mag-arcturus-ak12-midcap,54990,54990,si,2
2026-09-21,09:25:15,gogogo,GO PACK! - X3 Mag Arcturus PP19 Variable-Cap (Negro),https://www.gogogo.cl/product/go-pack-x3-mag-arcturus-pp19-variable-cap-negro,49990,49990,si,8
2026-09-21,09:25:15,gogogo,GO PACK! - X3 Mag DMAG AKM Variable-Cap (Negro),https://www.gogogo.cl/product/go-pack-x3-mag-dmag-akm-variable-cap-negro,43000,43000,si,13
2026-09-21,09:25:15,gogogo,GO PACK! - X3 Mag Specna Arms HICAP Full Metal (Negro),https://www.gogogo.cl/product/go-pack-x3-mag-specna-arms-hicap-full-metal-negro,24990,24990,si,9
2026-09-21,09:25:15,gogogo,GO PACK! - X3 Smag M4 Specna Arms MIDCAP (Negro),https://www.gogogo.cl/product/go-pack-x3-smag-m4-specna-arms-midcap-negro,27872,29970,si,37
2026-09-21,09:25:15,gogogo,GO PACK! - X3 SPECNA ARMS MAGAZINE AK SMAG 175RDS MIDCAP BK,https://www.gogogo.cl/product/go-pack-x3-specna-arms-magazine-ak-smag-175rds-midcap-bk,36242,38970,si,2
2026-09-21,09:25:15,gogogo,GO PACK! - X3 SPECNA ARMS MAGAZINE X-SERIES SMAG 100RDS Midcap,https://www.gogogo.cl/product/go-pack-x3-specna-arms-magazine-x-series-smag-100rds-midcap,42722,44970,si,9
2026-09-21,09:25:15,gogogo,GO PACK! x3 ARCTURUS AK74 Bakelite 30/135Rds. Variable-Cap Magazine (Negro),https://www.gogogo.cl/product/go-pack-x3-arcturus-ak74-bakelite-30-135rds-variable-cap-magazine-negro,41900,41900,si,17
2026-09-21,09:25:15,gogogo,GUARDER - BB follower with spring Hi Capa,https://www.gogogo.cl/product/guarder-bb-follower-with-spring-hi-capa,6990,6990,si,3
2026-09-21,09:25:15,gogogo,JG WORKS - Magazine G36 Hicap 470rds,https://www.gogogo.cl/product/jg-works-magazine-g36-hicap-470rds,12990,12990,si,3
2026-09-21,09:25:15,gogogo,KING ARMS - Magazine VSS VINTOREZ Hicap 380rds (KA-CAR166),https://www.gogogo.cl/product/king-arms-magazine-vss-vintorez-hicap-380rds-ka-car166,20993,29990,si,2
2026-09-21,09:25:15,gogogo,KJ WORKS - M9 Magazine CO2,https://www.gogogo.cl/product/kj-works-m9-magazine-co2,39990,39990,si,2
2026-09-21,09:25:15,gogogo,KWA - Magazine LM4 PTR 40rds Green Gas (197-03201),https://www.gogogo.cl/product/kwa-magazine-lm4-ptr-40rds-green-gas-197-03201,79990,79990,si,5
2026-09-21,09:25:15,gogogo,KWA - Magazine MS120 Midcap 120rds (Mint)(197-04302-M1),https://www.gogogo.cl/product/kwa-magazine-ms120-midcap-120rds-mint-197-04302-m1,20993,29990,si,13
2026-09-21,09:25:15,gogogo,KWA - Magazine QRF MOD 3 80rds Midcap,https://www.gogogo.cl/product/kwa-magazine-qrf-mod-3-80rds-midcap,24990,24990,si,2
2026-09-21,09:25:15,gogogo,LEVIATHAN ARMS - Magazine M9 23rds,https://www.gogogo.cl/product/leviathan-arms-magazine-m9-23rds,34990,34990,si,2
2026-09-21,09:25:15,gogogo,ROYAL - Magazine MP5 650rds Electrico,https://www.gogogo.cl/product/royal-magazine-mp5-650rds-electrico,28990,28990,si,2
2026-09-21,09:25:15,gogogo,SECUTOR ARMS - Magazine Gladius 17 23rds Green Gas,https://www.gogogo.cl/product/secutor-arms-magazine-gladius-17-23rds-green-gas,49990,49990,si,5
2026-09-21,09:25:15,gogogo,SPECNA ARMS - Magazine 7.62 E35/E36/E37/E38 Lowcap 40RDS Full Metal (Black),https://www.gogogo.cl/product/specna-arms-magazine-7-62-e35-e36-e37-e38-lowcap-40rds-full-metal-black,18990,18990,si,8
2026-09-21,09:25:15,gogogo,SPECNA ARMS - MAGAZINE AK SMAG 175RDS MIDCAP BK,https://www.gogogo.cl/product/specna-arms-magazine-ak-smag-175rds-midcap-bk,12990,12990,si,8
2026-09-21,09:25:15,gogogo,SPECNA ARMS - Magazine M4 Hicap 300RDS Full Metal (Gris),https://www.gogogo.cl/product/specna-arms-magazine-m4-hicap-300rds-full-metal-gris,8990,8990,si,28
2026-09-21,09:25:15,gogogo,SPECNA ARMS - Magazine M4 Hicap 300RDS Full Metal (Negro),https://www.gogogo.cl/product/specna-arms-magazine-m4-hicap-300rds-full-metal-negro,8990,8990,si,27
2026-09-21,09:25:15,gogogo,Specna Arms - Magazine M4 SMAG 120RDS MIDCAP BK,https://www.gogogo.cl/product/specna-arms-magazine-m4-smag-120rds-midcap-bk,9990,9990,si,112
2026-09-21,09:25:15,gogogo,BLS - 0.25g Premium Grade BBS 1kg (Blanco),https://www.gogogo.cl/product/bls-0-25g-premium-grade-bbs-1kg-blanco,9990,9990,si,156
2026-09-21,09:25:15,gogogo,T238 - DTU V2 EXP(V2.0) Bluetooth Version,https://www.gogogo.cl/product/t238-dtu-v2-exp-v2-0-bluetooth-version,109990,109990,si,8
2026-09-21,09:25:15,gogogo,T238 - High Strength Low Noise CNC Gear Set 16:1,https://www.gogogo.cl/product/t238-high-strength-low-noise-cnc-gear-set-16-1,49990,49990,si,5
2026-09-21,09:25:15,gogogo,T238 - Motor Brushless 25000RPM Short Shaft,https://www.gogogo.cl/product/t238-motor-brushless-25000rpm-short-shaft,109990,109990,si,5
2026-09-21,09:25:15,gogogo,WOSPORT - Adaptador AK para Speedloader,https://www.gogogo.cl/product/wosport-adaptador-ak-para-speedloader,14990,14990,si,3
2026-09-21,09:25:15,gogogo,Perno Keymod,https://www.gogogo.cl/product/perno-keymod,2900,2900,si,16
2026-09-21,09:25:15,gogogo,Perno Mlok,https://www.gogogo.cl/product/perno-mlok,2900,2900,si,11
2026-09-21,09:25:15,gogogo,EMG - Oppressor Universal Blast Shield + Trazador ACETECH Bifrost (Azul),https://www.gogogo.cl/product/emg-oppressor-universal-blast-shield-trazador-acetech-bifrost-azul,127992,159990,si,3
2026-09-21,09:25:15,gogogo,EMG - Oppressor Universal Blast Shield + Trazador ACETECH Bifrost (Rojo),https://www.gogogo.cl/product/emg-oppressor-universal-blast-shield-trazador-acetech-bifrost-rojo,127992,159990,si,3
2026-09-21,09:25:15,gogogo,SPECNA ARMS - Speedloader 90BBS,https://www.gogogo.cl/product/specna-arms-speedloader-90bbs,4990,4990,si,6
2026-09-21,09:25:15,gogogo,Speedloader M4 3000RDS (Negro),https://www.gogogo.cl/product/speedloader-m4-3000rds-negro,16990,16990,si,22
2026-09-21,09:25:15,gogogo,T238 - Electric Speed Loader PRO Edition,https://www.gogogo.cl/product/t238-electric-speed-loader-pro-edition,149990,149990,si,10
2026-09-21,09:25:15,gogogo,WOSPORT - Adaptador MP5 para Speedloader,https://www.gogogo.cl/product/wosport-adaptador-mp5-para-speedloader,14990,14990,si,4
2026-09-21,09:25:15,gogogo,Adaptador Mini Tamiya Hembra a T-Dean Macho,https://www.gogogo.cl/product/adaptador-mini-tamiya-hembra-a-t-dean-macho,4990,4990,si,7
2026-09-21,09:25:15,gogogo,Adaptador T-Dean Hembra a Mini Tamiya Macho,https://www.gogogo.cl/product/adaptador-t-dean-hembra-a-mini-tamiya-macho,4990,4990,si,2
2026-09-21,09:25:15,gogogo,Conector T-Dean,https://www.gogogo.cl/product/conector-t-dean,1900,1900,si,36
2026-09-21,09:25:15,gogogo,Conector T-Dean V2,https://www.gogogo.cl/product/conector-t-dean-v2,3490,3490,si,9
2026-09-21,09:25:15,gogogo,SPECNA ARMS - Adaptador Mini Tamiya Hembra a T-Dean Macho,https://www.gogogo.cl/product/specna-arms-adaptador-mini-tamiya-hembra-a-t-dean-macho,5990,5990,si,9
2026-09-21,09:25:15,gogogo,ARES - Camara Hop Up M4 (AR-AMHOP),https://www.gogogo.cl/product/ares-camara-hop-up-m4-ar-amhop,32990,32990,si,3
2026-09-21,09:25:15,gogogo,ARES - Camara Hop Up Metal M4 (AR-HU07),https://www.gogogo.cl/product/ares-camara-hop-up-metal-m4-ar-hu07,29990,29990,si,1
2026-09-21,09:25:15,gogogo,BIG DRAGON - Camara Hop Up Aluminio AK Series,https://www.gogogo.cl/product/big-dragon-camara-hop-up-aluminio-ak-series,25990,25990,si,1
2026-09-21,09:25:15,gogogo,BIG DRAGON - Camara Hop Up Aluminio M4 Series,https://www.gogogo.cl/product/big-dragon-camara-hop-up-aluminio-m4-series,48990,48990,si,11
2026-09-21,09:25:15,gogogo,CYMA - Camara Hop Up Rotatorio High Performanced M4/M16 (M227),https://www.gogogo.cl/product/cyma-camara-hop-up-rotatorio-high-performanced-m4-m16-m227,21990,21990,si,3
2026-09-21,09:25:15,gogogo,LEVIATHAN ARMS - Camara HOP UP V2 (M-281),https://www.gogogo.cl/product/leviathan-arms-camara-hop-up-v2-m-281,18990,18990,si,5
2026-09-21,09:25:15,gogogo,RETRO ARMS - CNC Hop Up Chamber AR15 BASIC,https://www.gogogo.cl/product/retro-arms-cnc-hop-up-chamber-ar15-basic,59990,59990,si,3
2026-09-21,09:25:15,gogogo,SPECNA ARMS - Camara Hop Up M4 CNC,https://www.gogogo.cl/product/specna-arms-camara-hop-up-m4-cnc,59990,59990,si,1
2026-09-21,09:25:15,gogogo,SPECNA ARMS - Camara Hop Up M4 Rotatorio TDC Magnus™ + Goma Flat Helium™,https://www.gogogo.cl/product/specna-arms-camara-hop-up-m4-rotatorio-tdc-magnus-goma-flat-helium,22990,22990,si,13
2026-09-21,09:25:15,gogogo,GUARDER - 6.02 Cañón de Precisión Interchange (229 mm.),https://www.gogogo.cl/product/guarder-6-02-canon-de-precision-interchange-229-mm,43992,54990,si,13
2026-09-21,09:25:15,gogogo,GUARDER - 6.02 Cañón de Precisión Interchange (363 mm.),https://www.gogogo.cl/product/guarder-6-02-canon-de-precision-interchange-363-mm,47992,59990,si,3
2026-09-21,09:25:15,gogogo,GUARDER - 6.02 Cañón de Precisión Interchange (500 mm.),https://www.gogogo.cl/product/guarder-6-02-canon-de-precision-interchange-500-mm,64990,64990,si,1
2026-09-21,09:25:15,gogogo,MODIFY - 6.01 Cañón de Precisión Hybrid (469 mm.),https://www.gogogo.cl/product/modify-6-01-canon-de-precision-hybrid-469-mm,49990,49990,si,3
2026-09-21,09:25:15,gogogo,SPECNA ARMS - Cañon de Precision 6.02 363mm,https://www.gogogo.cl/product/specna-arms-canon-de-precision-6-02-363mm,38990,38990,si,2
2026-09-21,09:25:15,gogogo,SPECNA ARMS - Cañon de Precision 6.02 407mm,https://www.gogogo.cl/product/specna-arms-canon-de-precision-6-02-407mm,49990,49990,si,1
2026-09-21,09:25:15,gogogo,SPECNA ARMS - Cañon de Precision 6.02 455mm,https://www.gogogo.cl/product/specna-arms-canon-de-precision-6-02-455mm,54990,54990,si,1
2026-09-21,09:25:15,gogogo,SPECNA ARMS - Cañon de Precision 6.02 509mm,https://www.gogogo.cl/product/specna-arms-canon-de-precision-6-02-509mm,59990,59990,si,1
2026-09-21,09:25:15,gogogo,BIG DRAGON - Nozzle G36C Series,https://www.gogogo.cl/product/big-dragon-nozzle-g36c-series,7990,7990,si,5
2026-09-21,09:25:15,gogogo,BIG DRAGON - Nozzle M4/M16 Series,https://www.gogogo.cl/product/big-dragon-nozzle-m4-m16-series,9990,9990,si,9
2026-09-21,09:25:15,gogogo,CYMA - Cilindro Tipo 2,https://www.gogogo.cl/product/cyma-cilindro-tipo-2,9990,9990,si,2
2026-09-21,09:25:15,gogogo,E&L - 2/3 Cilindro V2 / V3,https://www.gogogo.cl/product/e-l-2-3-cilindro-v2-v3,12990,12990,si,3
2026-09-21,09:25:15,gogogo,ELEMENT - Cabeza de Cilindro V3,https://www.gogogo.cl/product/element-cabeza-de-cilindro-v3,11990,11990,si,5
2026-09-21,09:25:15,gogogo,ELEMENT - Nozzle Aluminio AK Series,https://www.gogogo.cl/product/element-nozzle-aluminio-ak-series,7990,7990,si,2
2026-09-21,09:25:15,gogogo,G&G - Nozzle AK Series,https://www.gogogo.cl/product/g-g-nozzle-ak-series,8990,8990,si,3
2026-09-21,09:25:15,gogogo,G&G - Nozzle Mp5 Series,https://www.gogogo.cl/product/g-g-nozzle-mp5-series,8990,8990,si,4
2026-09-21,09:25:15,gogogo,MODIFY - Nozzle G36C,https://www.gogogo.cl/product/modify-nozzle-g36c,8900,8900,si,1
2026-09-21,09:25:15,gogogo,Nozzle M4/M16 Series (Dorado),https://www.gogogo.cl/product/nozzle-m4-m16-series-dorado,9990,9990,si,5
2026-09-21,09:25:15,gogogo,RETRO ARMS - Nozzle CNC 21.4mm,https://www.gogogo.cl/product/retro-arms-nozzle-cnc-21-4mm,12990,12990,si,5
2026-09-21,09:25:15,gogogo,SHS - Set Cabeza de Piston + Cabeza de Cilindro V2,https://www.gogogo.cl/product/shs-set-cabeza-de-piston-cabeza-de-cilindro-v2,32990,32990,si,1
2026-09-21,09:25:15,gogogo,SPECNA ARMS - Cabeza de Cilindro Metalico,https://www.gogogo.cl/product/specna-arms-cabeza-de-cilindro-metalico,10990,10990,si,1
2026-09-21,09:25:15,gogogo,SPECNA ARMS - Cilindro Tipo 0 Edge™,https://www.gogogo.cl/product/specna-arms-cilindro-tipo-0-edge,11990,11990,si,7
2026-09-21,09:25:15,gogogo,SPECNA ARMS - Cilindro Tipo 2 Edge™,https://www.gogogo.cl/product/specna-arms-cilindro-tipo-2-edge,8990,8990,si,5
2026-09-21,09:25:15,gogogo,SPECNA ARMS - Nozzle M4 21.3mm Æther™ Prime™,https://www.gogogo.cl/product/specna-arms-nozzle-m4-21-3mm-aether-prime,10990,10990,si,6
2026-09-21,09:25:15,gogogo,SPITFIRE SYSTEMS - Cabeza de Cilindro Aluminio V2 (Gris),https://www.gogogo.cl/product/spitfire-systems-cabeza-de-cilindro-aluminio-v2-gris,11990,11990,si,5
2026-09-21,09:25:15,gogogo,T238 - Cilindro 100% con recubrimiento de PTFE,https://www.gogogo.cl/product/t238-cilindro-100-con-recubrimiento-de-ptfe,10990,10990,si,9
2026-09-21,09:25:15,gogogo,T238 - Cilindro 70% con recubrimiento de PTFE,https://www.gogogo.cl/product/t238-cilindro-70-con-recubrimiento-de-ptfe,10990,10990,si,10
2026-09-21,09:25:15,gogogo,UMAREX / VFC - Loading Nozzle /Cylinder Set,https://www.gogogo.cl/product/umarex-vfc-loading-nozzle-cylinder-set,25990,25990,si,1
2026-09-21,09:25:15,gogogo,AIM TOP - Anti Reversal V2/V3,https://www.gogogo.cl/product/aim-top-anti-reversal-v2-v3,10990,10990,si,2
2026-09-21,09:25:15,gogogo,D|BOYS - Cut Off V2,https://www.gogogo.cl/product/d-boys-cut-off-v2,7990,7990,si,6
2026-09-21,09:25:15,gogogo,GUARDER - Cut Off Lever V3,https://www.gogogo.cl/product/guarder-cut-off-lever-v3,15990,15990,si,1
2026-09-21,09:25:15,gogogo,LEVIATHAN ARMS - Cut Off Level V2,https://www.gogogo.cl/product/leviathan-arms-cut-off-level-v2,9990,9990,si,14
2026-09-21,09:25:15,gogogo,RETRO ARMS - CNC Cut-Off lever V3,https://www.gogogo.cl/product/retro-arms-cnc-cut-off-lever-v3,14990,14990,si,10
2026-09-21,09:25:15,gogogo,SPECNA ARMS - Steel Cut Off V2,https://www.gogogo.cl/product/specna-arms-steel-cut-off-v2,9990,9990,si,9
2026-09-21,09:25:15,gogogo,SPITFIRE - Anti Reversal V2/V3,https://www.gogogo.cl/product/spitfire-anti-reversal-v2-v3,9990,9990,si,4
2026-09-21,09:25:15,gogogo,CYMA - SHORT STROKE 12 Dientes CNC set,https://www.gogogo.cl/product/cyma-short-stroke-12-dientes-cnc-set,39990,39990,si,2
2026-09-21,09:25:15,gogogo,LEVIATHAN ARMS - Standart Gear Set,https://www.gogogo.cl/product/leviathan-arms-standart-gear-set,21990,21990,si,1
2026-09-21,09:25:15,gogogo,SPECNA ARMS - CNC 13:1 Steel Gear Set,https://www.gogogo.cl/product/specna-arms-cnc-13-1-steel-gear-set,35990,35990,si,1
2026-09-21,09:25:15,gogogo,SPECNA ARMS - CNC 16:1 Steel Gear Set,https://www.gogogo.cl/product/specna-arms-cnc-16-1-steel-gear-set,35990,35990,si,2
2026-09-21,09:25:15,gogogo,SPITFIRE SYSTEMS - CNC Gear Set 100:200 Helicoidales,https://www.gogogo.cl/product/spitfire-systems-cnc-gear-set-100-200-helicoidales,29990,29990,si,1
2026-09-21,09:25:15,gogogo,SPITFIRE SYSTEMS - CNC Gear Set 13:1,https://www.gogogo.cl/product/spitfire-systems-cnc-gear-set-13-1,29990,29990,si,1
2026-09-21,09:25:15,gogogo,SPITFIRE SYSTEMS - CNC Gear Set 16:1,https://www.gogogo.cl/product/spitfire-systems-cnc-gear-set-16-1,29990,29990,si,1
2026-09-21,09:25:15,gogogo,SPITFIRE SYSTEMS - CNC Gear Set 18:1,https://www.gogogo.cl/product/spitfire-systems-cnc-gear-set-18-1,29990,29990,si,2
2026-09-21,09:25:15,gogogo,T238 - High Strength Low Noise CNC Gear Set 13:1,https://www.gogogo.cl/product/t238-high-strength-low-noise-cnc-gear-set-13-1,49990,49990,si,8
2026-09-21,09:25:15,gogogo,CYMA - Switch de Gatillo V2,https://www.gogogo.cl/product/cyma-switch-de-gatillo-v2,11990,11990,si,18
2026-09-21,09:25:15,gogogo,D|BOYS - Gatillo Electronico KYLIN V2,https://www.gogogo.cl/product/d-boys-gatillo-electronico-kylin-v2,69990,69990,si,12
2026-09-21,09:25:15,gogogo,D|BOYS - Gatillo Electronico V2,https://www.gogogo.cl/product/d-boys-gatillo-electronico-v2,39990,39990,si,19
2026-09-21,09:25:15,gogogo,D|BOYS - Set Switch V2 + Cableado Trasero,https://www.gogogo.cl/product/d-boys-set-switch-v2-cableado-trasero,12990,12990,si,10
2026-09-21,09:25:15,gogogo,D|BOYS - Set Switch V3 + Cableado Delantero,https://www.gogogo.cl/product/d-boys-set-switch-v3-cableado-delantero,12990,12990,si,11
2026-09-21,09:25:15,gogogo,D|BOYS - Set Switch V3 + Cableado Trasero,https://www.gogogo.cl/product/d-boys-set-switch-v3-cableado-trasero,12990,12990,si,7
2026-09-21,09:25:15,gogogo,E&L - Set Switch V3 / AK Series (Tamiya),https://www.gogogo.cl/product/e-l-set-switch-v3-ak-series-tamiya,24990,24990,si,4
2026-09-21,09:25:15,gogogo,MODIFY - Set Switch AK con Cable Plateado (Tamiya),https://www.gogogo.cl/product/modify-set-switch-ak-con-cable-plateado-tamiya,24990,24990,si,1
2026-09-21,09:25:15,gogogo,SHS - Switch de Gatillo V3,https://www.gogogo.cl/product/shs-switch-de-gatillo-v3,12990,12990,si,3
2026-09-21,09:25:15,gogogo,SPECNA ARMS - Gatillo AR15 Specna Arms Core™/EDGE™,https://www.gogogo.cl/product/specna-arms-gatillo-ar15-specna-arms-core-edge,9990,9990,si,2
2026-09-21,09:25:15,gogogo,SPECNA ARMS - Gatillo Electronico HAL™ V2,https://www.gogogo.cl/product/specna-arms-gatillo-electronico-hal-v2,64990,64990,si,2
2026-09-21,09:25:15,gogogo,Switch de Gatillo V2,https://www.gogogo.cl/product/switch-de-gatillo-v2,8990,8990,si,6
2026-09-21,09:25:15,gogogo,T238 - Cableado Teflon 18AWG 1mt,https://www.gogogo.cl/product/t238-cableado-teflon-18awg-1mt,7990,7990,si,10
2026-09-21,09:25:15,gogogo,T238 - DTU V3 PRO Light Sensor Version,https://www.gogogo.cl/product/t238-dtu-v3-pro-light-sensor-version,79990,79990,si,8
2026-09-21,09:25:15,gogogo,T238 - Sensores Opticos para DTU PRO & EXP,https://www.gogogo.cl/product/t238-sensores-opticos-para-dtu-pro-exp,3990,3990,si,10
2026-09-21,09:25:15,gogogo,4UANTUM - Goma Hop Up Friction PRO AEG,https://www.gogogo.cl/product/4uantum-goma-hop-up-friction-pro-aeg,14990,14990,si,21
2026-09-21,09:25:15,gogogo,ARES - Goma Hop Up 70°,https://www.gogogo.cl/product/ares-goma-hop-up-70,12990,12990,si,5
2026-09-21,09:25:15,gogogo,BIG DRAGON - Goma Hop Up 70°,https://www.gogogo.cl/product/big-dragon-goma-hop-up-70,8990,8990,si,5
2026-09-21,09:25:15,gogogo,D|BOYS - Goma Hop Up 70°,https://www.gogogo.cl/product/d-boys-goma-hop-up-70,5990,5990,si,5
2026-09-21,09:25:15,gogogo,ELEMENT - Nub H-Hop Up,https://www.gogogo.cl/product/element-nub-h-hop-up,3990,3990,si,5
2026-09-21,09:25:15,gogogo,MAPLE LEAF - Goma Hop Up Monster 50°,https://www.gogogo.cl/product/maple-leaf-goma-hop-up-monster-50,12990,12990,si,3
2026-09-21,09:25:15,gogogo,MAPLE LEAF - Goma Hop Up Monster 70°,https://www.gogogo.cl/product/maple-leaf-goma-hop-up-monster-70,12990,12990,si,5
2026-09-21,09:25:15,gogogo,MAPLE LEAF - Goma Hop Up Monster 75°,https://www.gogogo.cl/product/maple-leaf-goma-hop-up-monster-75,12990,12990,si,4
2026-09-21,09:25:15,gogogo,MAPLE LEAF - Goma Hop Up Super Macaron 70°,https://www.gogogo.cl/product/maple-leaf-goma-hop-up-super-macaron-70,16990,16990,si,4
2026-09-21,09:25:15,gogogo,MAPLE LEAF - Goma Hop Up Super Macaron 75°,https://www.gogogo.cl/product/maple-leaf-goma-hop-up-super-macaron-75,15990,15990,si,2
2026-09-21,09:25:15,gogogo,Nub U 70°,https://www.gogogo.cl/product/nub-u-70,3990,3990,si,4
2026-09-21,09:25:15,gogogo,Nub U 80°,https://www.gogogo.cl/product/nub-u-80,3990,3990,si,4
2026-09-21,09:25:15,gogogo,SPECNA ARMS - Goma Hop Up 60° + Nub,https://www.gogogo.cl/product/specna-arms-goma-hop-up-60-nub,8990,8990,si,13
2026-09-21,09:25:15,gogogo,SPECNA ARMS - Goma Hop Up 70° + Nub,https://www.gogogo.cl/product/specna-arms-goma-hop-up-70-nub,8990,8990,si,6
2026-09-21,09:25:15,gogogo,SPECNA ARMS - Goma Hop Up M4 + Nub Plano,https://www.gogogo.cl/product/specna-arms-goma-hop-up-m4-nub-plano,11990,11990,si,3
2026-09-21,09:25:15,gogogo,UNICORN - Goma Hop Up GBB Rubber 80° Competition Grade,https://www.gogogo.cl/product/unicorn-goma-hop-up-gbb-rubber-80-competition-grade,14990,14990,si,2
2026-09-21,09:25:15,gogogo,UNICORN - Goma Hop Up Rubber 80°,https://www.gogogo.cl/product/unicorn-goma-hop-up-rubber-80,13990,13990,si,5
2026-09-21,09:25:15,gogogo,UNICORN - Nub 50° (Soft),https://www.gogogo.cl/product/unicorn-nub-50-soft,8990,8990,si,1
2026-09-21,09:25:15,gogogo,UNICORN - Nub 80° (Hard),https://www.gogogo.cl/product/unicorn-nub-80-hard,9990,9990,si,5
2026-09-21,09:25:15,gogogo,CLASSIC ARMY - Mosfet,https://www.gogogo.cl/product/classic-army-mosfet,24990,24990,si,8
2026-09-21,09:25:15,gogogo,ARCTURUS - Resorte M100 HCL,https://www.gogogo.cl/product/arcturus-resorte-m100-hcl,13990,13990,si,8
2026-09-21,09:25:15,gogogo,CYMA - Resorte M100,https://www.gogogo.cl/product/cyma-resorte-m100,5990,5990,si,1
2026-09-21,09:25:15,gogogo,E&L - Resorte M130,https://www.gogogo.cl/product/e-l-resorte-m130,13990,13990,si,15
2026-09-21,09:25:15,gogogo,ELEMENT - Resorte M145,https://www.gogogo.cl/product/element-resorte-m145,13990,13990,si,3
2026-09-21,09:25:15,gogogo,GUARDER - Resorte SP 85,https://www.gogogo.cl/product/guarder-resorte-sp-85,14990,14990,si,4
2026-09-21,09:25:15,gogogo,JS-TACTICAL - Resorte M110,https://www.gogogo.cl/product/js-tactical-resorte-m110,9990,9990,si,5
2026-09-21,09:25:15,gogogo,LEVIATHAN ARMS - Guia Resorte con Bearing Sacado Rapido,https://www.gogogo.cl/product/leviathan-arms-guia-resorte-con-bearing-sacado-rapido,9990,9990,si,1
2026-09-21,09:25:15,gogogo,RETRO ARMS - Resorte M110,https://www.gogogo.cl/product/retro-arms-resorte-m110,14990,14990,si,3
2026-09-21,09:25:15,gogogo,SPECNA ARMS - Resorte M100,https://www.gogogo.cl/product/specna-arms-resorte-m100,9990,9990,si,7
2026-09-21,09:25:15,gogogo,SPECNA ARMS - Resorte M120,https://www.gogogo.cl/product/specna-arms-resorte-m120,9990,9990,si,21
2026-09-21,09:25:15,gogogo,SPECNA ARMS - Resorte M140,https://www.gogogo.cl/product/specna-arms-resorte-m140,12990,12990,si,5
2026-09-21,09:25:15,gogogo,SPECNA ARMS - Resorte M90,https://www.gogogo.cl/product/specna-arms-resorte-m90,8990,8990,si,5
2026-09-21,09:25:15,gogogo,SPITFIRE SYSTEMS - Resorte M100,https://www.gogogo.cl/product/spitfire-systems-resorte-m100,9990,9990,si,9
2026-09-21,09:25:15,gogogo,SPITFIRE SYSTEMS - Resorte M110,https://www.gogogo.cl/product/spitfire-systems-resorte-m110,9990,9990,si,13
2026-09-21,09:25:15,gogogo,SPITFIRE SYSTEMS - Resorte M120,https://www.gogogo.cl/product/spitfire-systems-resorte-m120,9990,9990,si,4
2026-09-21,09:25:15,gogogo,SPITFIRE SYSTEMS - Resorte M130,https://www.gogogo.cl/product/spitfire-systems-resorte-m130,9990,9990,si,5
2026-09-21,09:25:15,gogogo,TORNADO - Resorte M110 (tor-08-006318),https://www.gogogo.cl/product/tornado-resorte-m110-tor-08-006318,14990,14990,si,2
2026-09-21,09:25:15,gogogo,APS - Polyacetal High Pressure Piston V2,https://www.gogogo.cl/product/aps-polyacetal-high-pressure-piston-v2,11990,11990,si,1
2026-09-21,09:25:15,gogogo,BIG DRAGON - Cabeza de Pistón Doble Oring,https://www.gogogo.cl/product/big-dragon-cabeza-de-piston-doble-oring,13990,13990,si,5
2026-09-21,09:25:15,gogogo,D|BOYS - Piston Aluminio Ligero con Dientes Metalicos Semi Dentado,https://www.gogogo.cl/product/d-boys-piston-aluminio-ligero-con-dientes-metalicos-semi-dentado,15990,15990,si,3
2026-09-21,09:25:15,gogogo,E&L - Pistón Dientes Metalicos + Cabeza Piston (V2/V3),https://www.gogogo.cl/product/e-l-piston-dientes-metalicos-cabeza-piston-v2-v3,14990,14990,si,10
2026-09-21,09:25:15,gogogo,ELEMENT - Piston Ligero Transparente V2/V3,https://www.gogogo.cl/product/element-piston-ligero-transparente-v2-v3,7990,7990,si,9
2026-09-21,09:25:15,gogogo,SPECNA ARMS - Cabeza de Piston CORE,https://www.gogogo.cl/product/specna-arms-cabeza-de-piston-core,8990,8990,si,15
2026-09-21,09:25:15,gogogo,SPECNA ARMS - Cabeza de Piston EDGE,https://www.gogogo.cl/product/specna-arms-cabeza-de-piston-edge,11990,11990,si,8
2026-09-21,09:25:15,gogogo,SPECNA ARMS - Piston 14 Dientes Metalicos CORE,https://www.gogogo.cl/product/specna-arms-piston-14-dientes-metalicos-core,10990,10990,si,7
2026-09-21,09:25:15,gogogo,SPITFIRE SYSTEMS - Piston High-Speed 14 Dientes Metalicos,https://www.gogogo.cl/product/spitfire-systems-piston-high-speed-14-dientes-metalicos,10990,10990,si,1
2026-09-21,09:25:15,gogogo,SPITFIRE SYSTEMS - Piston Line Cutting 14 Dientes Metalicos,https://www.gogogo.cl/product/spitfire-systems-piston-line-cutting-14-dientes-metalicos,10990,10990,si,1
2026-09-21,09:25:15,gogogo,T238 - Piston Rack Pro Edition,https://www.gogogo.cl/product/t238-piston-rack-pro-edition,12990,12990,si,10
2026-09-21,09:25:15,gogogo,CYMA - Tappet Plate V2,https://www.gogogo.cl/product/cyma-tappet-plate-v2,7990,7990,si,10
2026-09-21,09:25:15,gogogo,CYMA - Tappet Plate V3,https://www.gogogo.cl/product/cyma-tappet-plate-v3,7990,7990,si,14
2026-09-21,09:25:15,gogogo,D|BOYS - Selector Set V3,https://www.gogogo.cl/product/d-boys-selector-set-v3,13990,13990,si,4
2026-09-21,09:25:15,gogogo,D|BOYS - Tappet Plate V3,https://www.gogogo.cl/product/d-boys-tappet-plate-v3,6990,6990,si,1
2026-09-21,09:25:15,gogogo,E&L - Selector Plate AK Series,https://www.gogogo.cl/product/e-l-selector-plate-ak-series,8990,8990,si,3
2026-09-21,09:25:15,gogogo,FPS SOFTAIR - Tappet Plate V3 Reforzado,https://www.gogogo.cl/product/fps-softair-tappet-plate-v3-reforzado,11990,11990,si,3
2026-09-21,09:25:15,gogogo,LEVIATHAN ARMS - Selector Plate V2 (G1),https://www.gogogo.cl/product/leviathan-arms-selector-plate-v2-g1,7990,7990,si,2
2026-09-21,09:25:15,gogogo,LEVIATHAN ARMS - Selector Plate V2 (G2),https://www.gogogo.cl/product/leviathan-arms-selector-plate-v2-g2,9990,9990,si,4
2026-09-21,09:25:15,gogogo,RETRO ARMS - Selector Plate V2,https://www.gogogo.cl/product/retro-arms-selector-plate-v2,9990,9990,si,10
2026-09-21,09:25:15,gogogo,ROYAL - Selector Plate AK Series,https://www.gogogo.cl/product/royal-selector-plate-ak-series,6990,6990,si,3
2026-09-21,09:25:15,gogogo,ROYAL - Selector Plate G36 Series,https://www.gogogo.cl/product/royal-selector-plate-g36-series,6990,6990,si,4
2026-09-21,09:25:15,gogogo,SHS - Tappet Plate V3,https://www.gogogo.cl/product/shs-tappet-plate-v3,9990,9990,si,2
2026-09-21,09:25:15,gogogo,SPECNA ARMS - Palanca Selector de Tiro M4/M16,https://www.gogogo.cl/product/specna-arms-palanca-selector-de-tiro-m4-m16,7990,7990,si,2
2026-09-21,09:25:15,gogogo,SPECNA ARMS - Selector Plate V2,https://www.gogogo.cl/product/specna-arms-selector-plate-v2,9990,9990,si,2
2026-09-21,09:25:15,gogogo,ARCTURUS - Gearbox V3 QD 8mm Standard,https://www.gogogo.cl/product/arcturus-gearbox-v3-qd-8mm-standard,39990,39990,si,1
2026-09-21,09:25:15,gogogo,BIG DRAGON - 8MM Bearings Buschings,https://www.gogogo.cl/product/big-dragon-8mm-bearings-buschings,12990,12990,si,3
2026-09-21,09:25:15,gogogo,D|BOYS - 7MM Stainless Steel Bushings,https://www.gogogo.cl/product/d-boys-7mm-stainless-steel-bushings,8990,8990,si,4
2026-09-21,09:25:15,gogogo,D|BOYS - Set Tornillos para Gearbox V2,https://www.gogogo.cl/product/d-boys-set-tornillos-para-gearbox-v2,3990,3990,si,19
2026-09-21,09:25:15,gogogo,ELEMENT - 7MM Oilness Metal Bushings,https://www.gogogo.cl/product/element-7mm-oilness-metal-bushings,8990,8990,si,3
2026-09-21,09:25:15,gogogo,SPECNA ARMS - Gearbox v2 Skeleton Specna Arms Æther™ con J-Cage Bearings,https://www.gogogo.cl/product/specna-arms-gearbox-v2-skeleton-specna-arms-aether-con-j-cage-bearings,59990,59990,si,8
2026-09-21,09:25:15,gogogo,SPECNA ARMS - Set Resortes Gearbox V2,https://www.gogogo.cl/product/specna-arms-set-resortes-gearbox-v2,12990,12990,si,10
2026-09-21,09:25:15,gogogo,SPECNA ARMS - Set Shim,https://www.gogogo.cl/product/specna-arms-set-shim,10990,10990,si,5
2026-09-21,09:25:15,gogogo,SRC - Set Shim,https://www.gogogo.cl/product/src-set-shim,8990,8990,si,6
2026-09-21,09:25:15,gogogo,T238 - Set Shim,https://www.gogogo.cl/product/t238-set-shim,10990,10990,si,9
2026-09-21,09:25:15,gogogo,BIG DRAGON - Motor M120 High Speed Long V2,https://www.gogogo.cl/product/big-dragon-motor-m120-high-speed-long-v2,44990,44990,si,3
2026-09-21,09:25:15,gogogo,BIG DRAGON - Motor M120 High Speed Short V3,https://www.gogogo.cl/product/big-dragon-motor-m120-high-speed-short-v3,39990,39990,si,1
2026-09-21,09:25:15,gogogo,BIG DRAGON - Tapa de motor M4 Series (BD3416),https://www.gogogo.cl/product/big-dragon-tapa-de-motor-m4-series-bd3416,9990,9990,si,2
2026-09-21,09:25:15,gogogo,D|BOYS - Piñon Acero Tipo D,https://www.gogogo.cl/product/d-boys-pinon-acero-tipo-d,4990,4990,si,8
2026-09-21,09:25:15,gogogo,T238 - Conector de Motor,https://www.gogogo.cl/product/t238-conector-de-motor,2990,2990,si,10
2026-09-21,09:25:15,gogogo,T238 - Extractor de Piñones,https://www.gogogo.cl/product/t238-extractor-de-pinones,10990,10990,si,9
2026-09-21,09:25:15,gogogo,T238 - Motor Brushless 37000RPM Long Shaft (BL480 3350KV),https://www.gogogo.cl/product/t238-motor-brushless-37000rpm-long-shaft-bl480-3350kv,109990,109990,si,5
2026-09-21,09:25:15,gogogo,ARMY ARMAMENT - Hi Capa magazine seal,https://www.gogogo.cl/product/army-armament-hi-capa-magazine-seal,3990,3990,si,4
2026-09-21,09:25:15,gogogo,AW CUSTOM - Magazine Lip HX / Hi Capa Series,https://www.gogogo.cl/product/aw-custom-magazine-lip-hx-hi-capa-series,11990,11990,si,5
2026-09-21,09:25:15,gogogo,GUARDER - Hi Capa Upper Magazine Seal,https://www.gogogo.cl/product/guarder-hi-capa-upper-magazine-seal,7990,7990,si,3
2026-09-21,09:25:15,gogogo,GUARDER - Lip Magazine Hi Capa,https://www.gogogo.cl/product/guarder-lip-magazine-hi-capa,9990,9990,si,4
2026-09-21,09:25:15,gogogo,KJ WORKS - 1911 Magazine Lip (GGB-0305P-77),https://www.gogogo.cl/product/kj-works-1911-magazine-lip-ggb-0305p-77,6990,6990,si,7
2026-09-21,09:25:15,gogogo,KJ WORKS - Magazine Lip KP06 (Hi Capa),https://www.gogogo.cl/product/kj-works-magazine-lip-kp06-hi-capa,6990,6990,si,6
2026-09-21,09:25:15,gogogo,SPECNA ARMS - Lip Magazine Hi Capa Vapor,https://www.gogogo.cl/product/specna-arms-lip-magazine-hi-capa-vapor,3990,3990,si,2
2026-09-21,09:25:15,gogogo,SRC - Magazine Lip SR-SP (USP),https://www.gogogo.cl/product/src-magazine-lip-sr-sp-usp,3990,3990,si,10
2026-09-21,09:25:15,gogogo,UMAREX / VFC - Magazine Base Seal Glock 17/19X/18C GBB,https://www.gogogo.cl/product/umarex-vfc-magazine-base-seal-glock-17-19x-18c-gbb,9990,9990,si,4
2026-09-21,09:25:15,gogogo,Valvula Estandar GBB (V1),https://www.gogogo.cl/product/valvula-estandar-gbb-v1,14990,14990,si,1
2026-09-21,09:25:15,gogogo,Valvula Estandar GBB (V2),https://www.gogogo.cl/product/valvula-estandar-gbb-v2,14990,14990,si,4
2026-09-21,09:25:15,gogogo,Elite Force - Green Gas 560ml Heavy Gas 130PSI (Con Silicona),https://www.gogogo.cl/product/elite-force-green-gas-560ml-heavy-gas-130psi-con-silicona,14990,14990,si,51
2026-09-21,09:25:15,gogogo,Elite Force - Green Gas 560ml Heavy Gas 150PSI (Con Silicona),https://www.gogogo.cl/product/elite-force-green-gas-560ml-heavy-gas-150psi-con-silicona,14990,14990,si,111
2026-09-21,09:25:15,gogogo,GO PACK! X10 UMAREX - Cápsula CO2,https://www.gogogo.cl/product/go-pack-x10-umarex-capsula-co2,7921,8900,si,31
2026-09-21,09:25:15,gogogo,GO PACK! X3 Green Gas Walther Premium 750ml.,https://www.gogogo.cl/product/go-pack-x3-green-gas-walther-premium-750ml,36900,36900,si,14
2026-09-21,09:25:15,gogogo,UMAREX - Cápsula CO2,https://www.gogogo.cl/product/umarex-capsula-co2,890,890,si,314
2026-09-21,09:25:15,gogogo,WALTHER - Green Gas 750ml. Airsoft Premium,https://www.gogogo.cl/product/walther-green-gas-750ml-airsoft-premium,12990,12990,si,42
2026-09-21,09:25:15,gogogo,ARCTURUS - 0.25g BBS 3000RDS (Blanco),https://www.gogogo.cl/product/arcturus-0-25g-bbs-3000rds-blanco,8990,8990,si,49
2026-09-21,09:25:15,gogogo,ARCTURUS - 0.25g Tracer BBS 3000RDS (Verde),https://www.gogogo.cl/product/arcturus-0-25g-tracer-bbs-3000rds-verde,19990,19990,si,18
2026-09-21,09:25:15,gogogo,ARCTURUS - 0.28g Tracer BBS 3000RDS (Verde),https://www.gogogo.cl/product/arcturus-0-28g-tracer-bbs-3000rds-verde,24990,24990,si,16
2026-09-21,09:25:15,gogogo,ARCTURUS - 0.30g BBS 3000RDS (Blanco),https://www.gogogo.cl/product/arcturus-0-30g-bbs-3000rds-blanco,14990,14990,si,1
2026-09-21,09:25:15,gogogo,ARCTURUS - 0.30g Tracer BBS 3000RDS (Verde),https://www.gogogo.cl/product/arcturus-0-30g-tracer-bbs-3000rds-verde,32990,32990,si,14
2026-09-21,09:25:15,gogogo,ARCTURUS - 0.32g BBS 3000RDS (Blanco),https://www.gogogo.cl/product/arcturus-0-32g-bbs-3000rds-blanco,15990,15990,si,3
2026-09-21,09:25:15,gogogo,ARCTURUS - 0.32g Tracer BBS 3000RDS (Verde),https://www.gogogo.cl/product/arcturus-0-32g-tracer-bbs-3000rds-verde,35990,35990,si,14
2026-09-21,09:25:15,gogogo,GO PACK! X20 BLS - 0.25g Premium Grade BBS 1kg (Blanco),https://www.gogogo.cl/product/go-pack-x20-bls-0-25g-premium-grade-bbs-1kg-blanco,189810,199800,si,7
2026-09-21,09:25:15,gogogo,GO PACK! X3 KING ARMS 0.25g BBS (Blanco),https://www.gogogo.cl/product/go-pack-x3-king-arms-0-25g-bbs-blanco,27990,27990,si,2
2026-09-21,09:25:15,gogogo,GO PACK! X3 SPECNA ARMS 0.28g BBS (Blanco),https://www.gogogo.cl/product/go-pack-x3-specna-arms-0-28g-bbs-blanco,21990,21990,si,9
2026-09-21,09:25:15,gogogo,KING ARMS - 0.20g BBS 1kg 4000RDS (Blanco),https://www.gogogo.cl/product/king-arms-0-20g-bbs-1kg-4000rds-blanco,8990,8990,si,40
2026-09-21,09:25:15,gogogo,KING ARMS - 0.25g BBS 1kg 4000RDS (Blanco),https://www.gogogo.cl/product/king-arms-0-25g-bbs-1kg-4000rds-blanco,9990,9990,si,6
2026-09-21,09:25:15,gogogo,MODIFY - 0.40g BBS 300g (Blanco),https://www.gogogo.cl/product/modify-0-40g-bbs-300g-blanco,14990,14990,si,5
2026-09-21,09:25:15,gogogo,SPECNA ARMS - 0.28g BBS 1kg (Blanco),https://www.gogogo.cl/product/specna-arms-0-28g-bbs-1kg-blanco,7990,7990,si,27
2026-09-21,09:25:15,gogogo,ALPHA SERIES - 7.4V 20c 1300MAH Stick Batería LIPO,https://www.gogogo.cl/product/alpha-series-7-4v-20c-1300mah-stick-bateria-lipo,25990,25990,si,3
2026-09-21,09:25:15,gogogo,ALPHA SERIES - 7.4V 2500 MAH Batería LI-ION,https://www.gogogo.cl/product/alpha-series-7-4v-2500-mah-bateria-li-ion,39990,39990,si,3
2026-09-21,09:25:15,gogogo,ELITE FORCE - 11.1V 20C 900MAH Buffer-Tube Batería LIPO,https://www.gogogo.cl/product/elite-force-11-1v-20c-900mah-buffer-tube-bateria-lipo,24990,24990,si,28
2026-09-21,09:25:15,gogogo,ELITE FORCE - 7.4V 20C 900MAH Buffer-Tube Batería LIPO,https://www.gogogo.cl/product/elite-force-7-4v-20c-900mah-buffer-tube-bateria-lipo,21990,21990,si,36
2026-09-21,09:25:15,gogogo,GO PACK! Pack IMAX Cargador B3 LIPO + Bateria Victory Battery 11.1V 20C 1100MAH (Tamiya),https://www.gogogo.cl/product/go-pack-pack-imax-cargador-b3-lipo-bateria-victory-battery-11-1v-20c-1100mah-tamiya,28990,28990,si,7
2026-09-21,09:25:15,gogogo,GO PACK! Pack IMAX Cargador B3 LIPO + Bateria Zop Power - 11.1V 25C 1300MAH,https://www.gogogo.cl/product/go-pack-pack-imax-cargador-b3-lipo-bateria-zop-power-11-1v-25c-1300mah,27882,30980,si,11
2026-09-21,09:25:15,gogogo,GO PACK! Pack IMAX Cargador B3 LIPO + Bateria Zop Power - 7.4V 25C 1500MAH,https://www.gogogo.cl/product/go-pack-pack-imax-cargador-b3-lipo-bateria-zop-power-7-4v-25c-1500mah,26982,29980,si,9
2026-09-21,09:25:15,gogogo,IMAX B3 - Cargador Compacto Lipo,https://www.gogogo.cl/product/imax-b3-cargador-compacto-lipo,11990,11990,si,11
2026-09-21,09:25:15,gogogo,LIPO Checker,https://www.gogogo.cl/product/lipo-checker,12990,12990,si,4
2026-09-21,09:25:15,gogogo,SPECNA ARMS - Cargador Balanceador Li-Po/Li-Ion,https://www.gogogo.cl/product/specna-arms-cargador-balanceador-li-po-li-ion,34990,34990,si,7
2026-09-21,09:25:15,gogogo,VICTORY BATTERY POWER - 11.1v 15c 4000mah LI-ION (T-Dean),https://www.gogogo.cl/product/victory-battery-power-11-1v-15c-4000mah-li-ion-t-dean,32990,32990,si,10
2026-09-21,09:25:15,gogogo,VICTORY BATTERY POWER - 11.1v 20c 1100mah Buffertube (Tamiya),https://www.gogogo.cl/product/victory-battery-power-11-1v-20c-1100mah-buffertube-tamiya,19990,19990,si,7
2026-09-21,09:25:15,gogogo,VICTORY BATTERY POWER - 11.1v 20c 1300mah Stick (T-Dean),https://www.gogogo.cl/product/victory-battery-power-11-1v-20c-1300mah-stick-t-dean,24990,24990,si,38
2026-09-21,09:25:15,gogogo,VICTORY BATTERY POWER - 11.1v 20c 1300mah Stick (Tamiya),https://www.gogogo.cl/product/victory-battery-power-11-1v-20c-1300mah-stick-tamiya,24990,24990,si,48
2026-09-21,09:25:15,gogogo,ZOP POWER - 11.1V 25C 1300MAH Buffer-Tube Batería LIPO,https://www.gogogo.cl/product/zop-power-11-1v-25c-1300mah-buffer-tube-bateria-lipo,18990,18990,si,23
2026-09-21,09:25:15,gogogo,ZOP POWER - 7.4V 25C 1500MAH Buffer-Tube Batería LIPO,https://www.gogogo.cl/product/zop-power-7-4v-25c-1500mah-buffer-tube-bateria-lipo,17990,17990,si,9
2026-09-21,09:25:15,gogogo,Cargador de Pilas Simple,https://www.gogogo.cl/product/cargador-de-pilas-simple,4500,4500,si,2
2026-09-21,09:25:15,gogogo,Pila CR123A 3.7v 1300mah Recargable (16340) (x1 unidad),https://www.gogogo.cl/product/pila-cr123a-3-7v-1300mah-recargable-16340-x1-unidad,2500,2500,si,139
2026-09-21,09:25:15,gogogo,Pila Tipo CR1620,https://www.gogogo.cl/product/pila-tipo-cr1620,1000,1000,si,33
2026-09-21,09:25:15,gogogo,Pila Tipo CR2032,https://www.gogogo.cl/product/pila-tipo-cr2032,1000,1000,si,7
2026-09-21,09:25:15,gogogo,X-BALOG - Pila 18650 Recargable,https://www.gogogo.cl/product/x-balog-pila-18650-recargable,2500,2500,si,3
2026-09-21,09:25:15,gogogo,4UANTUM - Lubricante Smooth Performance,https://www.gogogo.cl/product/4uantum-lubricante-smooth-performance,10990,10990,si,14
2026-09-21,09:25:15,gogogo,PROTECH GUNS - Ceramic Grease 5gr (PR-G20),https://www.gogogo.cl/product/protech-guns-ceramic-grease-5gr-pr-g20,5990,5990,si,6
2026-09-21,09:25:15,gogogo,PROTECH GUNS - Clean Gun Paño de limpieza 1 unid. (PR-G27),https://www.gogogo.cl/product/protech-guns-clean-gun-pano-de-limpieza-1-unid-pr-g27,1490,1490,si,32
2026-09-21,09:25:15,gogogo,UMAREX - Silicone Spray Multi Care 200ml,https://www.gogogo.cl/product/umarex-silicone-spray-multi-care-200ml,13990,13990,si,9
2026-09-21,09:25:15,gogogo,Bonnie (Beige),https://www.gogogo.cl/product/bonnie-beige,5900,5900,si,1
2026-09-21,09:25:15,gogogo,Bonnie (Black),https://www.gogogo.cl/product/bonnie-black,5900,5900,si,7
2026-09-21,09:25:15,gogogo,Bonnie (Digital Desert),https://www.gogogo.cl/product/bonnie-digital-desert,5900,5900,si,1
2026-09-21,09:25:15,gogogo,Bonnie (OD),https://www.gogogo.cl/product/bonnie-od,5900,5900,si,3
2026-09-21,09:25:15,gogogo,ESDY - Gorro Polar (Coyote),https://www.gogogo.cl/product/esdy-gorro-polar-coyote,3900,3900,si,10
2026-09-21,09:25:15,gogogo,ESDY - Gorro Polar (Negro),https://www.gogogo.cl/product/esdy-gorro-polar-negro,3900,3900,si,10
2026-09-21,09:25:15,gogogo,Fast Helmet con Aberturas (Tan),https://www.gogogo.cl/product/fast-helmet-con-aberturas-tan,32990,32990,si,7
2026-09-21,09:25:15,gogogo,Fast Helmet con Aberturas (Verde),https://www.gogogo.cl/product/fast-helmet-con-aberturas-verde,32990,32990,si,8
2026-09-21,09:25:15,gogogo,Gorro Polar (Multicam),https://www.gogogo.cl/product/gorro-polar-multicam,3990,3990,si,10
2026-09-21,09:25:15,gogogo,Jockey (Marpat),https://www.gogogo.cl/product/jockey-marpat,5990,5990,si,4
2026-09-21,09:25:15,gogogo,Jockey (Multicam Black),https://www.gogogo.cl/product/jockey-multicam-black,5990,5990,si,6
2026-09-21,09:25:15,gogogo,Jockey (Negro),https://www.gogogo.cl/product/jockey-negro,5990,5990,si,6
2026-09-21,09:25:15,gogogo,Jockey (Tan),https://www.gogogo.cl/product/jockey-tan,5990,5990,si,4
2026-09-21,09:25:15,gogogo,Jockey (Woodland),https://www.gogogo.cl/product/jockey-woodland,5990,5990,si,9
2026-09-21,09:25:15,gogogo,Jockey Police (Negro),https://www.gogogo.cl/product/jockey-police-negro,5990,5990,si,3
2026-09-21,09:25:15,gogogo,Jockey Punisher con Malla (FG),https://www.gogogo.cl/product/jockey-punisher-con-malla-fg,5990,5990,si,2
2026-09-21,09:25:15,gogogo,Jockey Punisher con Malla (Multicam Black),https://www.gogogo.cl/product/jockey-punisher-con-malla-multicam-black,5990,5990,si,7
2026-09-21,09:25:15,gogogo,Banano Militar V1 (Coyote),https://www.gogogo.cl/product/banano-militar-v1-coyote,6990,6990,si,2
2026-09-21,09:25:15,gogogo,Banano Militar V1 (Marpat),https://www.gogogo.cl/product/banano-militar-v1-marpat,6990,6990,si,2
2026-09-21,09:25:15,gogogo,Banano Militar V1 (Negro),https://www.gogogo.cl/product/banano-militar-v1-negro,6990,6990,si,1
2026-09-21,09:25:15,gogogo,Banano Militar V1 (Verde),https://www.gogogo.cl/product/banano-militar-v1-verde,6990,6990,si,2
2026-09-21,09:25:15,gogogo,Banano Militar V2 (Coyote),https://www.gogogo.cl/product/banano-militar-v2-coyote,6990,6990,si,1
2026-09-21,09:25:15,gogogo,Banano Militar V2 (Marpat),https://www.gogogo.cl/product/banano-militar-v2-marpat,6990,6990,si,1
2026-09-21,09:25:15,gogogo,Banano Militar V2 (Negro),https://www.gogogo.cl/product/banano-militar-v2-negro,6990,6990,si,1
2026-09-21,09:25:15,gogogo,Banano Militar V2 (Verde),https://www.gogogo.cl/product/banano-militar-v2-verde,6990,6990,si,1
2026-09-21,09:25:15,gogogo,Banano Simple (Verde),https://www.gogogo.cl/product/banano-simple-verde,4990,4990,si,2
2026-09-21,09:25:15,gogogo,Botella Agua Extensible 270ml-500ml Tipo Granada (Camo),https://www.gogogo.cl/product/botella-agua-extensible-270ml-500ml-tipo-granada-camo,6490,6490,si,1
2026-09-21,09:25:15,gogogo,Parrilla Portable 440x71x309mm,https://www.gogogo.cl/product/parrilla-portable-440x71x309mm,9990,9990,si,1
2026-09-21,09:25:15,gogogo,Campsor - Saco de Dormir Invierno (190+35)x75cm,https://www.gogogo.cl/product/campsor-saco-de-dormir-invierno-190-35-x75cm,23990,23990,si,1
2026-09-21,09:25:15,gogogo,Campsor - Saco de Dormir Invierno 230x80x50cm,https://www.gogogo.cl/product/campsor-saco-de-dormir-invierno-230x80x50cm,23990,23990,si,1
2026-09-21,09:25:15,gogogo,CONTRACTOR PACK - G14,https://www.gogogo.cl/product/contractor-pack-g14,187022,198960,si,2
2026-09-21,09:25:15,gogogo,CONTRACTOR PACK - G21,https://www.gogogo.cl/product/contractor-pack-g21,195914,212950,si,2
2026-09-21,09:25:15,gogogo,CONTRACTOR PACK - G36,https://www.gogogo.cl/product/contractor-pack-g36,401239,426850,si,1
2026-09-21,09:25:15,gogogo,CONTRACTOR PACK - G37,https://www.gogogo.cl/product/contractor-pack-g37,237764,252940,si,1
2026-09-21,09:25:15,gogogo,GO PACK! - X3 Mag Specna Arms HICAP Full Metal (Gris),https://www.gogogo.cl/product/go-pack-x3-mag-specna-arms-hicap-full-metal-gris,24990,24990,si,9
2026-09-21,09:25:15,gogogo,AGM - MOD.MP40 Wood,https://www.gogogo.cl/product/agm-mod-mp40-wood,249990,249990,si,1
2026-09-21,09:25:15,gogogo,CLASSIC ARMY - CA5 SD3 (MP004M),https://www.gogogo.cl/product/classic-army-ca5-sd3-mp004m,269990,269990,si,1
2026-09-21,09:25:15,gogogo,CYMA - SALIENT ARMS SAI GRY 10.5mm (CMSAIGRY-10.5)(Black),https://www.gogogo.cl/product/cyma-salient-arms-sai-gry-10-5mm-cmsaigry-10-5-black,319990,319990,si,1
2026-09-21,09:25:15,gogogo,D|BOYS - G36C AEG (Black),https://www.gogogo.cl/product/d-boys-g36c-aeg-black,139990,139990,si,2
2026-09-21,09:25:15,gogogo,SPECNA ARMS & KPYK - SA-PJ18 KRUK PRIME ASTER II ETU/BLDC (Black),https://www.gogogo.cl/product/specna-arms-kpyk-sa-pj18-kruk-prime-aster-ii-etu-bldc-black,519990,519990,si,1
2026-09-21,09:25:15,gogogo,SPECNA ARMS & KPYK - SA-PJ19 KRUK PRIME ASTER II ETU/BLDC (Half-Tan),https://www.gogogo.cl/product/specna-arms-kpyk-sa-pj19-kruk-prime-aster-ii-etu-bldc-half-tan,519990,519990,si,1
2026-09-21,09:25:15,gogogo,SPECNA ARMS - SA-FLEX-FX02 FLEX™ BLDC™ HAL ETU GEN2 (Olive),https://www.gogogo.cl/product/specna-arms-sa-flex-fx02-flex-bldc-hal-etu-gen2-olive,299990,299990,si,1
2026-09-21,09:25:15,gogogo,UMAREX - Heckler & Koch HK416 A5 V.2 AEG (Black),https://www.gogogo.cl/product/umarex-heckler-koch-hk416-a5-v-2-aeg-black,620991,689990,si,2
2026-09-21,09:25:15,gogogo,UMAREX - Heckler & Koch HK416 A5 V.2 AEG (Green-Brown),https://www.gogogo.cl/product/umarex-heckler-koch-hk416-a5-v-2-aeg-green-brown,620991,689990,si,2
2026-09-21,09:25:15,gogogo,UMAREX - Magazine Beretta APX 22rds Green Gas,https://www.gogogo.cl/product/umarex-magazine-beretta-apx-22rds-green-gas,54990,54990,si,2
2026-09-21,09:25:15,gogogo,UMAREX - Magazine Heckler & Koch USP Compact 22rds Green Gas,https://www.gogogo.cl/product/umarex-magazine-heckler-koch-usp-compact-22rds-green-gas,54990,54990,si,3
2026-09-21,09:25:15,gogogo,YAKEDA - Lightweight Fast Helmet (Black),https://www.gogogo.cl/product/yakeda-lightweight-fast-helmet-black,54990,54990,si,3
2026-09-21,09:25:15,gogogo,YAKEDA - Lightweight Fast Helmet (Dark Earth),https://www.gogogo.cl/product/yakeda-lightweight-fast-helmet-dark-earth,54990,54990,si,5
2026-09-21,09:25:15,gogogo,YAKEDA - Lightweight Fast Helmet (Grey),https://www.gogogo.cl/product/yakeda-lightweight-fast-helmet-grey,54990,54990,si,4
2026-09-21,09:25:15,gogogo,YAKEDA - Lightweight Fast Helmet (Multicam),https://www.gogogo.cl/product/yakeda-lightweight-fast-helmet-multicam,54990,54990,si,2
2026-09-21,09:25:15,gogogo,YAKEDA - Lightweight Fast Helmet (OD),https://www.gogogo.cl/product/yakeda-lightweight-fast-helmet-od,54990,54990,si,3
2026-09-21,09:25:15,gogogo,Z-TAC - TASC1 Headset,https://www.gogogo.cl/product/z-tac-tasc1-headset,21990,21990,si,9
